{
  "timestamp": "Transformer_Encoder_Arduino_20250717_213808",
  "test_loss": 1.3436692953109741,
  "test_accuracy": 0.5909090638160706,
  "class_distribution": {
    "true": {
      "3": 6,
      "4": 6,
      "0": 6,
      "10": 6,
      "5": 6,
      "8": 6,
      "9": 6,
      "1": 6,
      "7": 6,
      "6": 6,
      "2": 6
    },
    "predicted": {
      "3": 5,
      "4": 9,
      "0": 5,
      "10": 6,
      "5": 8,
      "8": 14,
      "9": 7,
      "7": 3,
      "6": 7,
      "2": 2
    }
  },
  "per_class_accuracy": {
    "Zero": 0.3333333333333333,
    "One": 0.0,
    "Two": 0.16666666666666666,
    "Three": 0.6666666666666666,
    "Four": 1.0,
    "Five": 1.0,
    "Six": 0.8333333333333334,
    "Seven": 0.3333333333333333,
    "Eight": 0.6666666666666666,
    "Nine": 0.6666666666666666,
    "Static": 0.8333333333333334
  },
  "confusion_matrix": [
    [
      2,
      0,
      0,
      0,
      0,
      1,
      2,
      0,
      0,
      0,
      1
    ],
    [
      2,
      0,
      0,
      0,
      0,
      0,
      0,
      1,
      2,
      1,
      0
    ],
    [
      0,
      0,
      1,
      1,
      0,
      0,
      0,
      0,
      4,
      0,
      0
    ],
    [
      0,
      0,
      0,
      4,
      2,
      0,
      0,
      0,
      0,
      0,
      0
    ],
    [
      0,
      0,
      0,
      0,
      6,
      0,
      0,
      0,
      0,
      0,
      0
    ],
    [
      0,
      0,
      0,
      0,
      0,
      6,
      0,
      0,
      0,
      0,
      0
    ],
    [
      0,
      0,
      0,
      0,
      0,
      1,
      5,
      0,
      0,
      0,
      0
    ],
    [
      1,
      0,
      0,
      0,
      0,
      0,
      0,
      2,
      2,
      1,
      0
    ],
    [
      0,
      0,
      1,
      0,
      0,
      0,
      0,
      0,
      4,
      1,
      0
    ],
    [
      0,
      0,
      0,
      0,
      0,
      0,
      0,
      0,
      2,
      4,
      0
    ],
    [
      0,
      0,
      0,
      0,
      1,
      0,
      0,
      0,
      0,
      0,
      5
    ]
  ],
  "classification_report": {
    "Zero": {
      "precision": 0.4,
      "recall": 0.3333333333333333,
      "f1-score": 0.3636363636363636,
      "support": 6.0
    },
    "One": {
      "precision": 0.0,
      "recall": 0.0,
      "f1-score": 0.0,
      "support": 6.0
    },
    "Two": {
      "precision": 0.5,
      "recall": 0.16666666666666666,
      "f1-score": 0.25,
      "support": 6.0
    },
    "Three": {
      "precision": 0.8,
      "recall": 0.6666666666666666,
      "f1-score": 0.7272727272727272,
      "support": 6.0
    },
    "Four": {
      "precision": 0.6666666666666666,
      "recall": 1.0,
      "f1-score": 0.8,
      "support": 6.0
    },
    "Five": {
      "precision": 0.75,
      "recall": 1.0,
      "f1-score": 0.8571428571428571,
      "support": 6.0
    },
    "Six": {
      "precision": 0.7142857142857143,
      "recall": 0.8333333333333334,
      "f1-score": 0.7692307692307692,
      "support": 6.0
    },
    "Seven": {
      "precision": 0.6666666666666666,
      "recall": 0.3333333333333333,
      "f1-score": 0.4444444444444444,
      "support": 6.0
    },
    "Eight": {
      "precision": 0.2857142857142857,
      "recall": 0.6666666666666666,
      "f1-score": 0.4,
      "support": 6.0
    },
    "Nine": {
      "precision": 0.5714285714285714,
      "recall": 0.6666666666666666,
      "f1-score": 0.6153846153846153,
      "support": 6.0
    },
    "Static": {
      "precision": 0.8333333333333334,
      "recall": 0.8333333333333334,
      "f1-score": 0.8333333333333334,
      "support": 6.0
    },
    "accuracy": 0.5909090909090909,
    "macro avg": {
      "precision": 0.5625541125541125,
      "recall": 0.5909090909090909,
      "f1-score": 0.55094955549501,
      "support": 66.0
    },
    "weighted avg": {
      "precision": 0.5625541125541126,
      "recall": 0.5909090909090909,
      "f1-score": 0.55094955549501,
      "support": 66.0
    }
  },
  "confidence_stats": {
    "mean": 0.37583112716674805,
    "min": 0.15270309150218964,
    "max": 0.7365679144859314,
    "std": 0.13777481019496918
  },
  "error_analysis": {
    "total_errors": 27,
    "error_rate": 0.4090909090909091,
    "low_confidence_predictions": 51
  },
  "training_history": {
    "epochs_trained": 5,
    "final_train_accuracy": 0.6540284156799316,
    "final_val_accuracy": 0.8113207817077637,
    "final_train_loss": 1.2872580289840698,
    "final_val_loss": 1.1400482654571533,
    "best_val_accuracy": 0.8113207817077637,
    "best_val_accuracy_epoch": 5,
    "train_accuracy_history": [
      0.14218010008335114,
      0.3507108986377716,
      0.5023696422576904,
      0.5971564054489136,
      0.6540284156799316
    ],
    "val_accuracy_history": [
      0.2641509473323822,
      0.4528301954269409,
      0.5849056839942932,
      0.698113203048706,
      0.8113207817077637
    ],
    "train_loss_history": [
      2.430917739868164,
      1.9945323467254639,
      1.72608482837677,
      1.5063749551773071,
      1.2872580289840698
    ],
    "val_loss_history": [
      2.132235050201416,
      1.8338544368743896,
      1.6021064519882202,
      1.3564444780349731,
      1.1400482654571533
    ]
  }
}