{
  "timestamp": "Transformer_Encoder_Arduino_20250718_155504",
  "test_loss": 0.406777560710907,
  "test_accuracy": 0.8787878751754761,
  "class_distribution": {
    "true": {
      "3": 6,
      "4": 6,
      "0": 6,
      "10": 6,
      "5": 6,
      "8": 6,
      "9": 6,
      "1": 6,
      "7": 6,
      "6": 6,
      "2": 6
    },
    "predicted": {
      "3": 7,
      "4": 6,
      "0": 7,
      "10": 5,
      "5": 6,
      "8": 4,
      "9": 8,
      "1": 7,
      "7": 5,
      "6": 5,
      "2": 6
    }
  },
  "per_class_accuracy": {
    "Zero": 0.8333333333333334,
    "One": 0.8333333333333334,
    "Two": 0.8333333333333334,
    "Three": 1.0,
    "Four": 1.0,
    "Five": 1.0,
    "Six": 0.8333333333333334,
    "Seven": 0.8333333333333334,
    "Eight": 0.6666666666666666,
    "Nine": 1.0,
    "Static": 0.8333333333333334
  },
  "confusion_matrix": [
    [
      5,
      1,
      0,
      0,
      0,
      0,
      0,
      0,
      0,
      0,
      0
    ],
    [
      1,
      5,
      0,
      0,
      0,
      0,
      0,
      0,
      0,
      0,
      0
    ],
    [
      0,
      0,
      5,
      1,
      0,
      0,
      0,
      0,
      0,
      0,
      0
    ],
    [
      0,
      0,
      0,
      6,
      0,
      0,
      0,
      0,
      0,
      0,
      0
    ],
    [
      0,
      0,
      0,
      0,
      6,
      0,
      0,
      0,
      0,
      0,
      0
    ],
    [
      0,
      0,
      0,
      0,
      0,
      6,
      0,
      0,
      0,
      0,
      0
    ],
    [
      1,
      0,
      0,
      0,
      0,
      0,
      5,
      0,
      0,
      0,
      0
    ],
    [
      0,
      1,
      0,
      0,
      0,
      0,
      0,
      5,
      0,
      0,
      0
    ],
    [
      0,
      0,
      1,
      0,
      0,
      0,
      0,
      0,
      4,
      1,
      0
    ],
    [
      0,
      0,
      0,
      0,
      0,
      0,
      0,
      0,
      0,
      6,
      0
    ],
    [
      0,
      0,
      0,
      0,
      0,
      0,
      0,
      0,
      0,
      1,
      5
    ]
  ],
  "classification_report": {
    "Zero": {
      "precision": 0.7142857142857143,
      "recall": 0.8333333333333334,
      "f1-score": 0.7692307692307692,
      "support": 6.0
    },
    "One": {
      "precision": 0.7142857142857143,
      "recall": 0.8333333333333334,
      "f1-score": 0.7692307692307692,
      "support": 6.0
    },
    "Two": {
      "precision": 0.8333333333333334,
      "recall": 0.8333333333333334,
      "f1-score": 0.8333333333333334,
      "support": 6.0
    },
    "Three": {
      "precision": 0.8571428571428571,
      "recall": 1.0,
      "f1-score": 0.923076923076923,
      "support": 6.0
    },
    "Four": {
      "precision": 1.0,
      "recall": 1.0,
      "f1-score": 1.0,
      "support": 6.0
    },
    "Five": {
      "precision": 1.0,
      "recall": 1.0,
      "f1-score": 1.0,
      "support": 6.0
    },
    "Six": {
      "precision": 1.0,
      "recall": 0.8333333333333334,
      "f1-score": 0.9090909090909091,
      "support": 6.0
    },
    "Seven": {
      "precision": 1.0,
      "recall": 0.8333333333333334,
      "f1-score": 0.9090909090909091,
      "support": 6.0
    },
    "Eight": {
      "precision": 1.0,
      "recall": 0.6666666666666666,
      "f1-score": 0.8,
      "support": 6.0
    },
    "Nine": {
      "precision": 0.75,
      "recall": 1.0,
      "f1-score": 0.8571428571428571,
      "support": 6.0
    },
    "Static": {
      "precision": 1.0,
      "recall": 0.8333333333333334,
      "f1-score": 0.9090909090909091,
      "support": 6.0
    },
    "accuracy": 0.8787878787878788,
    "macro avg": {
      "precision": 0.8971861471861472,
      "recall": 0.8787878787878789,
      "f1-score": 0.8799352162988526,
      "support": 66.0
    },
    "weighted avg": {
      "precision": 0.8971861471861472,
      "recall": 0.8787878787878788,
      "f1-score": 0.8799352162988525,
      "support": 66.0
    }
  },
  "confidence_stats": {
    "mean": 0.8361413478851318,
    "min": 0.3664211928844452,
    "max": 0.9940851926803589,
    "std": 0.15904563665390015
  },
  "error_analysis": {
    "total_errors": 8,
    "error_rate": 0.12121212121212122,
    "low_confidence_predictions": 3
  },
  "training_history": {
    "epochs_trained": 20,
    "final_train_accuracy": 0.971563994884491,
    "final_val_accuracy": 0.9622641801834106,
    "final_train_loss": 0.16280768811702728,
    "final_val_loss": 0.18709398806095123,
    "best_val_accuracy": 0.9622641801834106,
    "best_val_accuracy_epoch": 9,
    "train_accuracy_history": [
      0.24644549190998077,
      0.44549763202667236,
      0.5971564054489136,
      0.6682464480400085,
      0.7298578023910522,
      0.7914692163467407,
      0.8341231942176819,
      0.8672986030578613,
      0.9052132964134216,
      0.9383886456489563,
      0.9573459625244141,
      0.9620853066444397,
      0.9668246507644653,
      0.971563994884491,
      0.971563994884491,
      0.971563994884491,
      0.971563994884491,
      0.971563994884491,
      0.971563994884491,
      0.971563994884491
    ],
    "val_accuracy_history": [
      0.35849055647850037,
      0.5283018946647644,
      0.6415094137191772,
      0.6603773832321167,
      0.7924528121948242,
      0.8867924809455872,
      0.9056603908538818,
      0.9056603908538818,
      0.9622641801834106,
      0.9622641801834106,
      0.9622641801834106,
      0.9622641801834106,
      0.9622641801834106,
      0.9622641801834106,
      0.9622641801834106,
      0.9622641801834106,
      0.9622641801834106,
      0.9622641801834106,
      0.9622641801834106,
      0.9622641801834106
    ],
    "train_loss_history": [
      2.3470916748046875,
      1.8986855745315552,
      1.6503432989120483,
      1.4215619564056396,
      1.1973247528076172,
      0.9836086630821228,
      0.8044825792312622,
      0.6613416075706482,
      0.55190509557724,
      0.4702211320400238,
      0.40590009093284607,
      0.3526884615421295,
      0.312694787979126,
      0.2795765697956085,
      0.2523622214794159,
      0.2276012897491455,
      0.20817483961582184,
      0.19291187822818756,
      0.17811311781406403,
      0.16280768811702728
    ],
    "val_loss_history": [
      2.002417802810669,
      1.744049310684204,
      1.5324651002883911,
      1.3115893602371216,
      1.079361081123352,
      0.8746298551559448,
      0.7136441469192505,
      0.5886217355728149,
      0.4936046898365021,
      0.4180934727191925,
      0.3614826202392578,
      0.31992319226264954,
      0.2876785099506378,
      0.25797396898269653,
      0.24297063052654266,
      0.21909110248088837,
      0.21182599663734436,
      0.20163336396217346,
      0.19676323235034943,
      0.18709398806095123
    ]
  }
}