{
  "timestamp": "Transformer_Encoder_Arduino_20250717_231916",
  "test_loss": 0.4186779856681824,
  "test_accuracy": 0.8939393758773804,
  "class_distribution": {
    "true": {
      "3": 6,
      "4": 6,
      "0": 6,
      "10": 6,
      "5": 6,
      "8": 6,
      "9": 6,
      "1": 6,
      "7": 6,
      "6": 6,
      "2": 6
    },
    "predicted": {
      "3": 7,
      "4": 6,
      "0": 6,
      "10": 6,
      "5": 6,
      "8": 5,
      "9": 6,
      "7": 6,
      "6": 6,
      "2": 7,
      "1": 5
    }
  },
  "per_class_accuracy": {
    "Zero": 1.0,
    "One": 0.6666666666666666,
    "Two": 0.8333333333333334,
    "Three": 1.0,
    "Four": 1.0,
    "Five": 1.0,
    "Six": 1.0,
    "Seven": 0.8333333333333334,
    "Eight": 0.6666666666666666,
    "Nine": 0.8333333333333334,
    "Static": 1.0
  },
  "confusion_matrix": [
    [
      6,
      0,
      0,
      0,
      0,
      0,
      0,
      0,
      0,
      0,
      0
    ],
    [
      0,
      4,
      1,
      0,
      0,
      0,
      0,
      1,
      0,
      0,
      0
    ],
    [
      0,
      0,
      5,
      1,
      0,
      0,
      0,
      0,
      0,
      0,
      0
    ],
    [
      0,
      0,
      0,
      6,
      0,
      0,
      0,
      0,
      0,
      0,
      0
    ],
    [
      0,
      0,
      0,
      0,
      6,
      0,
      0,
      0,
      0,
      0,
      0
    ],
    [
      0,
      0,
      0,
      0,
      0,
      6,
      0,
      0,
      0,
      0,
      0
    ],
    [
      0,
      0,
      0,
      0,
      0,
      0,
      6,
      0,
      0,
      0,
      0
    ],
    [
      0,
      1,
      0,
      0,
      0,
      0,
      0,
      5,
      0,
      0,
      0
    ],
    [
      0,
      0,
      1,
      0,
      0,
      0,
      0,
      0,
      4,
      1,
      0
    ],
    [
      0,
      0,
      0,
      0,
      0,
      0,
      0,
      0,
      1,
      5,
      0
    ],
    [
      0,
      0,
      0,
      0,
      0,
      0,
      0,
      0,
      0,
      0,
      6
    ]
  ],
  "classification_report": {
    "Zero": {
      "precision": 1.0,
      "recall": 1.0,
      "f1-score": 1.0,
      "support": 6.0
    },
    "One": {
      "precision": 0.8,
      "recall": 0.6666666666666666,
      "f1-score": 0.7272727272727272,
      "support": 6.0
    },
    "Two": {
      "precision": 0.7142857142857143,
      "recall": 0.8333333333333334,
      "f1-score": 0.7692307692307692,
      "support": 6.0
    },
    "Three": {
      "precision": 0.8571428571428571,
      "recall": 1.0,
      "f1-score": 0.923076923076923,
      "support": 6.0
    },
    "Four": {
      "precision": 1.0,
      "recall": 1.0,
      "f1-score": 1.0,
      "support": 6.0
    },
    "Five": {
      "precision": 1.0,
      "recall": 1.0,
      "f1-score": 1.0,
      "support": 6.0
    },
    "Six": {
      "precision": 1.0,
      "recall": 1.0,
      "f1-score": 1.0,
      "support": 6.0
    },
    "Seven": {
      "precision": 0.8333333333333334,
      "recall": 0.8333333333333334,
      "f1-score": 0.8333333333333334,
      "support": 6.0
    },
    "Eight": {
      "precision": 0.8,
      "recall": 0.6666666666666666,
      "f1-score": 0.7272727272727272,
      "support": 6.0
    },
    "Nine": {
      "precision": 0.8333333333333334,
      "recall": 0.8333333333333334,
      "f1-score": 0.8333333333333334,
      "support": 6.0
    },
    "Static": {
      "precision": 1.0,
      "recall": 1.0,
      "f1-score": 1.0,
      "support": 6.0
    },
    "accuracy": 0.8939393939393939,
    "macro avg": {
      "precision": 0.8943722943722944,
      "recall": 0.893939393939394,
      "f1-score": 0.8921381648654375,
      "support": 66.0
    },
    "weighted avg": {
      "precision": 0.8943722943722943,
      "recall": 0.8939393939393939,
      "f1-score": 0.8921381648654376,
      "support": 66.0
    }
  },
  "confidence_stats": {
    "mean": 0.8412332534790039,
    "min": 0.42738333344459534,
    "max": 0.993821918964386,
    "std": 0.14435407519340515
  },
  "error_analysis": {
    "total_errors": 7,
    "error_rate": 0.10606060606060606,
    "low_confidence_predictions": 1
  },
  "training_history": {
    "epochs_trained": 20,
    "final_train_accuracy": 0.971563994884491,
    "final_val_accuracy": 0.9433962106704712,
    "final_train_loss": 0.1841764897108078,
    "final_val_loss": 0.2211606204509735,
    "best_val_accuracy": 0.9433962106704712,
    "best_val_accuracy_epoch": 12,
    "train_accuracy_history": [
      0.09478673338890076,
      0.49289098381996155,
      0.6966824531555176,
      0.8341231942176819,
      0.8388625383377075,
      0.8483412265777588,
      0.8767772316932678,
      0.8957346081733704,
      0.9146919250488281,
      0.9478672742843628,
      0.9526066184043884,
      0.9526066184043884,
      0.9573459625244141,
      0.9573459625244141,
      0.9526066184043884,
      0.9668246507644653,
      0.9620853066444397,
      0.9668246507644653,
      0.971563994884491,
      0.971563994884491
    ],
    "val_accuracy_history": [
      0.30188679695129395,
      0.5283018946647644,
      0.7924528121948242,
      0.8301886916160583,
      0.8301886916160583,
      0.849056601524353,
      0.849056601524353,
      0.8679245114326477,
      0.8867924809455872,
      0.8867924809455872,
      0.9245283007621765,
      0.9433962106704712,
      0.9433962106704712,
      0.9433962106704712,
      0.9433962106704712,
      0.9433962106704712,
      0.9433962106704712,
      0.9433962106704712,
      0.9433962106704712,
      0.9433962106704712
    ],
    "train_loss_history": [
      2.3701400756835938,
      1.8171279430389404,
      1.5054253339767456,
      1.2400083541870117,
      1.019053339958191,
      0.8445855975151062,
      0.7037145495414734,
      0.6036174297332764,
      0.522972047328949,
      0.4597557783126831,
      0.4080520272254944,
      0.3646533787250519,
      0.3284543752670288,
      0.2990815043449402,
      0.2729097604751587,
      0.25283896923065186,
      0.23148566484451294,
      0.21707846224308014,
      0.19675599038600922,
      0.1841764897108078
    ],
    "val_loss_history": [
      1.972054123878479,
      1.6173951625823975,
      1.3217591047286987,
      1.0790663957595825,
      0.8896360397338867,
      0.7466663718223572,
      0.6323097348213196,
      0.551414966583252,
      0.48353299498558044,
      0.42927199602127075,
      0.3884800374507904,
      0.3509560227394104,
      0.3212416172027588,
      0.29551342129707336,
      0.2792228162288666,
      0.26228970289230347,
      0.24977895617485046,
      0.2365991473197937,
      0.227966770529747,
      0.2211606204509735
    ]
  }
}