{
  "timestamp": "Transformer_Encoder_Arduino_20250717_214428",
  "test_loss": 1.660779356956482,
  "test_accuracy": 0.560606062412262,
  "class_distribution": {
    "true": {
      "3": 6,
      "4": 6,
      "0": 6,
      "10": 6,
      "5": 6,
      "8": 6,
      "9": 6,
      "1": 6,
      "7": 6,
      "6": 6,
      "2": 6
    },
    "predicted": {
      "4": 15,
      "2": 8,
      "10": 7,
      "5": 5,
      "8": 2,
      "9": 10,
      "1": 9,
      "0": 4,
      "6": 4,
      "7": 2
    }
  },
  "per_class_accuracy": {
    "Zero": 0.3333333333333333,
    "One": 0.6666666666666666,
    "Two": 0.5,
    "Three": 0.0,
    "Four": 1.0,
    "Five": 0.8333333333333334,
    "Six": 0.6666666666666666,
    "Seven": 0.0,
    "Eight": 0.3333333333333333,
    "Nine": 1.0,
    "Static": 0.8333333333333334
  },
  "confusion_matrix": [
    [
      2,
      1,
      1,
      0,
      0,
      0,
      0,
      0,
      0,
      0,
      2
    ],
    [
      0,
      4,
      2,
      0,
      0,
      0,
      0,
      0,
      0,
      0,
      0
    ],
    [
      0,
      0,
      3,
      0,
      3,
      0,
      0,
      0,
      0,
      0,
      0
    ],
    [
      0,
      0,
      0,
      0,
      6,
      0,
      0,
      0,
      0,
      0,
      0
    ],
    [
      0,
      0,
      0,
      0,
      6,
      0,
      0,
      0,
      0,
      0,
      0
    ],
    [
      0,
      0,
      0,
      0,
      0,
      5,
      0,
      0,
      0,
      1,
      0
    ],
    [
      2,
      0,
      0,
      0,
      0,
      0,
      4,
      0,
      0,
      0,
      0
    ],
    [
      0,
      4,
      2,
      0,
      0,
      0,
      0,
      0,
      0,
      0,
      0
    ],
    [
      0,
      0,
      0,
      0,
      0,
      0,
      0,
      2,
      2,
      2,
      0
    ],
    [
      0,
      0,
      0,
      0,
      0,
      0,
      0,
      0,
      0,
      6,
      0
    ],
    [
      0,
      0,
      0,
      0,
      0,
      0,
      0,
      0,
      0,
      1,
      5
    ]
  ],
  "classification_report": {
    "Zero": {
      "precision": 0.5,
      "recall": 0.3333333333333333,
      "f1-score": 0.4,
      "support": 6.0
    },
    "One": {
      "precision": 0.4444444444444444,
      "recall": 0.6666666666666666,
      "f1-score": 0.5333333333333333,
      "support": 6.0
    },
    "Two": {
      "precision": 0.375,
      "recall": 0.5,
      "f1-score": 0.42857142857142855,
      "support": 6.0
    },
    "Three": {
      "precision": 0.0,
      "recall": 0.0,
      "f1-score": 0.0,
      "support": 6.0
    },
    "Four": {
      "precision": 0.4,
      "recall": 1.0,
      "f1-score": 0.5714285714285715,
      "support": 6.0
    },
    "Five": {
      "precision": 1.0,
      "recall": 0.8333333333333334,
      "f1-score": 0.9090909090909091,
      "support": 6.0
    },
    "Six": {
      "precision": 1.0,
      "recall": 0.6666666666666666,
      "f1-score": 0.8,
      "support": 6.0
    },
    "Seven": {
      "precision": 0.0,
      "recall": 0.0,
      "f1-score": 0.0,
      "support": 6.0
    },
    "Eight": {
      "precision": 1.0,
      "recall": 0.3333333333333333,
      "f1-score": 0.5,
      "support": 6.0
    },
    "Nine": {
      "precision": 0.6,
      "recall": 1.0,
      "f1-score": 0.7499999999999999,
      "support": 6.0
    },
    "Static": {
      "precision": 0.7142857142857143,
      "recall": 0.8333333333333334,
      "f1-score": 0.7692307692307692,
      "support": 6.0
    },
    "accuracy": 0.5606060606060606,
    "macro avg": {
      "precision": 0.5485209235209235,
      "recall": 0.5606060606060606,
      "f1-score": 0.5146959101504556,
      "support": 66.0
    },
    "weighted avg": {
      "precision": 0.5485209235209235,
      "recall": 0.5606060606060606,
      "f1-score": 0.5146959101504557,
      "support": 66.0
    }
  },
  "confidence_stats": {
    "mean": 0.2719026207923889,
    "min": 0.13812924921512604,
    "max": 0.49807706475257874,
    "std": 0.1111084595322609
  },
  "error_analysis": {
    "total_errors": 29,
    "error_rate": 0.4393939393939394,
    "low_confidence_predictions": 66
  },
  "training_history": {
    "epochs_trained": 3,
    "final_train_accuracy": 0.5118483304977417,
    "final_val_accuracy": 0.6415094137191772,
    "final_train_loss": 1.7268882989883423,
    "final_val_loss": 1.5437710285186768,
    "best_val_accuracy": 0.6415094137191772,
    "best_val_accuracy_epoch": 3,
    "train_accuracy_history": [
      0.11848340928554535,
      0.3222748935222626,
      0.5118483304977417
    ],
    "val_accuracy_history": [
      0.2830188572406769,
      0.4150943458080292,
      0.6415094137191772
    ],
    "train_loss_history": [
      2.5102198123931885,
      2.038269519805908,
      1.7268882989883423
    ],
    "val_loss_history": [
      2.166853189468384,
      1.8520262241363525,
      1.5437710285186768
    ]
  }
}