{
  "best_params": {
    "use_dropout": false,
    "learning_rate": 0.003061353829703129,
    "batch_size": 16
  },
  "model_type": "Transformer_Encoder_Arduino",
  "timestamp": "20250717_213808",
  "arduino_mode": true,
  "performance": {
    "test_accuracy": 0.5909090638160706,
    "test_loss": 1.3436692953109741
  }
}