{
  "best_params": {
    "use_dropout": false,
    "learning_rate": 0.0016304502251092035,
    "batch_size": 16
  },
  "model_type": "Transformer_Encoder_Arduino",
  "timestamp": "20250717_214428",
  "arduino_mode": true,
  "performance": {
    "test_accuracy": 0.560606062412262,
    "test_loss": 1.660779356956482
  }
}