{
  "best_params": {
    "use_dropout": false,
    "learning_rate": 0.004986350783237146,
    "batch_size": 16
  },
  "model_type": "Transformer_Encoder_Arduino",
  "timestamp": "20250717_231916",
  "arduino_mode": true,
  "performance": {
    "test_accuracy": 0.8939393758773804,
    "test_loss": 0.4186779856681824
  }
}