{
  "timestamp": "20250722_022936",
  "test_accuracy": 0.8454545454545455,
  "class_distribution": {
    "true": {
      "10": 10,
      "5": 10,
      "2": 10,
      "9": 10,
      "3": 10,
      "8": 10,
      "1": 10,
      "4": 10,
      "6": 10,
      "7": 10,
      "0": 10
    },
    "predicted": {
      "4": 12,
      "5": 10,
      "2": 12,
      "3": 10,
      "8": 8,
      "1": 9,
      "6": 12,
      "7": 9,
      "10": 8,
      "9": 11,
      "0": 9
    }
  },
  "per_class_accuracy": {
    "Gesture_0": 0.8,
    "Gesture_1": 0.8,
    "Gesture_2": 1.0,
    "Gesture_3": 0.6,
    "Gesture_4": 0.9,
    "Gesture_5": 1.0,
    "Gesture_6": 1.0,
    "Gesture_7": 0.9,
    "Gesture_8": 0.8,
    "Gesture_9": 0.7,
    "Gesture_10": 0.8
  },
  "confusion_matrix": [
    [
      8,
      0,
      0,
      0,
      0,
      0,
      2,
      0,
      0,
      0,
      0
    ],
    [
      1,
      8,
      1,
      0,
      0,
      0,
      0,
      0,
      0,
      0,
      0
    ],
    [
      0,
      0,
      10,
      0,
      0,
      0,
      0,
      0,
      0,
      0,
      0
    ],
    [
      0,
      0,
      1,
      6,
      1,
      0,
      0,
      0,
      0,
      2,
      0
    ],
    [
      0,
      0,
      0,
      1,
      9,
      0,
      0,
      0,
      0,
      0,
      0
    ],
    [
      0,
      0,
      0,
      0,
      0,
      10,
      0,
      0,
      0,
      0,
      0
    ],
    [
      0,
      0,
      0,
      0,
      0,
      0,
      10,
      0,
      0,
      0,
      0
    ],
    [
      0,
      1,
      0,
      0,
      0,
      0,
      0,
      9,
      0,
      0,
      0
    ],
    [
      0,
      0,
      0,
      0,
      0,
      0,
      0,
      0,
      8,
      2,
      0
    ],
    [
      0,
      0,
      0,
      3,
      0,
      0,
      0,
      0,
      0,
      7,
      0
    ],
    [
      0,
      0,
      0,
      0,
      2,
      0,
      0,
      0,
      0,
      0,
      8
    ]
  ],
  "classification_report": {
    "Gesture_0": {
      "precision": 0.8888888888888888,
      "recall": 0.8,
      "f1-score": 0.8421052631578948,
      "support": 10.0
    },
    "Gesture_1": {
      "precision": 0.8888888888888888,
      "recall": 0.8,
      "f1-score": 0.8421052631578948,
      "support": 10.0
    },
    "Gesture_2": {
      "precision": 0.8333333333333334,
      "recall": 1.0,
      "f1-score": 0.9090909090909091,
      "support": 10.0
    },
    "Gesture_3": {
      "precision": 0.6,
      "recall": 0.6,
      "f1-score": 0.6,
      "support": 10.0
    },
    "Gesture_4": {
      "precision": 0.75,
      "recall": 0.9,
      "f1-score": 0.8181818181818182,
      "support": 10.0
    },
    "Gesture_5": {
      "precision": 1.0,
      "recall": 1.0,
      "f1-score": 1.0,
      "support": 10.0
    },
    "Gesture_6": {
      "precision": 0.8333333333333334,
      "recall": 1.0,
      "f1-score": 0.9090909090909091,
      "support": 10.0
    },
    "Gesture_7": {
      "precision": 1.0,
      "recall": 0.9,
      "f1-score": 0.9473684210526316,
      "support": 10.0
    },
    "Gesture_8": {
      "precision": 1.0,
      "recall": 0.8,
      "f1-score": 0.888888888888889,
      "support": 10.0
    },
    "Gesture_9": {
      "precision": 0.6363636363636364,
      "recall": 0.7,
      "f1-score": 0.6666666666666666,
      "support": 10.0
    },
    "Gesture_10": {
      "precision": 1.0,
      "recall": 0.8,
      "f1-score": 0.888888888888889,
      "support": 10.0
    },
    "accuracy": 0.8454545454545455,
    "macro avg": {
      "precision": 0.857346189164371,
      "recall": 0.8454545454545456,
      "f1-score": 0.8465806389251366,
      "support": 110.0
    },
    "weighted avg": {
      "precision": 0.8573461891643711,
      "recall": 0.8454545454545455,
      "f1-score": 0.8465806389251366,
      "support": 110.0
    }
  },
  "confidence_stats": {
    "mean": 0.6925937533378601,
    "min": 0.15004974603652954,
    "max": 0.900561511516571,
    "std": 0.181941956281662
  },
  "error_analysis": {
    "total_errors": 17,
    "error_rate": 0.15454545454545454,
    "low_confidence_predictions": 18
  }
}