{
  "timestamp": "XGBoost_20250713_184713",
  "test_accuracy": 0.8636363636363636,
  "class_distribution": {
    "true": {
      "3": 6,
      "4": 6,
      "0": 6,
      "10": 6,
      "5": 6,
      "8": 6,
      "9": 6,
      "1": 6,
      "7": 6,
      "6": 6,
      "2": 6
    },
    "predicted": {
      "3": 8,
      "4": 7,
      "0": 5,
      "10": 5,
      "5": 5,
      "8": 3,
      "9": 6,
      "7": 7,
      "1": 6,
      "2": 8,
      "6": 6
    }
  },
  "per_class_accuracy": {
    "Zero": 0.8333333333333334,
    "One": 0.8333333333333334,
    "Two": 0.8333333333333334,
    "Three": 1.0,
    "Four": 1.0,
    "Five": 0.8333333333333334,
    "Six": 0.8333333333333334,
    "Seven": 1.0,
    "Eight": 0.5,
    "Nine": 1.0,
    "Static": 0.8333333333333334
  },
  "confusion_matrix": [
    [
      5,
      0,
      0,
      0,
      0,
      0,
      1,
      0,
      0,
      0,
      0
    ],
    [
      0,
      5,
      0,
      0,
      0,
      0,
      0,
      1,
      0,
      0,
      0
    ],
    [
      0,
      0,
      5,
      1,
      0,
      0,
      0,
      0,
      0,
      0,
      0
    ],
    [
      0,
      0,
      0,
      6,
      0,
      0,
      0,
      0,
      0,
      0,
      0
    ],
    [
      0,
      0,
      0,
      0,
      6,
      0,
      0,
      0,
      0,
      0,
      0
    ],
    [
      0,
      0,
      0,
      1,
      0,
      5,
      0,
      0,
      0,
      0,
      0
    ],
    [
      0,
      1,
      0,
      0,
      0,
      0,
      5,
      0,
      0,
      0,
      0
    ],
    [
      0,
      0,
      0,
      0,
      0,
      0,
      0,
      6,
      0,
      0,
      0
    ],
    [
      0,
      0,
      3,
      0,
      0,
      0,
      0,
      0,
      3,
      0,
      0
    ],
    [
      0,
      0,
      0,
      0,
      0,
      0,
      0,
      0,
      0,
      6,
      0
    ],
    [
      0,
      0,
      0,
      0,
      1,
      0,
      0,
      0,
      0,
      0,
      5
    ]
  ],
  "classification_report": {
    "Zero": {
      "precision": 1.0,
      "recall": 0.8333333333333334,
      "f1-score": 0.9090909090909091,
      "support": 6.0
    },
    "One": {
      "precision": 0.8333333333333334,
      "recall": 0.8333333333333334,
      "f1-score": 0.8333333333333334,
      "support": 6.0
    },
    "Two": {
      "precision": 0.625,
      "recall": 0.8333333333333334,
      "f1-score": 0.7142857142857143,
      "support": 6.0
    },
    "Three": {
      "precision": 0.75,
      "recall": 1.0,
      "f1-score": 0.8571428571428571,
      "support": 6.0
    },
    "Four": {
      "precision": 0.8571428571428571,
      "recall": 1.0,
      "f1-score": 0.923076923076923,
      "support": 6.0
    },
    "Five": {
      "precision": 1.0,
      "recall": 0.8333333333333334,
      "f1-score": 0.9090909090909091,
      "support": 6.0
    },
    "Six": {
      "precision": 0.8333333333333334,
      "recall": 0.8333333333333334,
      "f1-score": 0.8333333333333334,
      "support": 6.0
    },
    "Seven": {
      "precision": 0.8571428571428571,
      "recall": 1.0,
      "f1-score": 0.923076923076923,
      "support": 6.0
    },
    "Eight": {
      "precision": 1.0,
      "recall": 0.5,
      "f1-score": 0.6666666666666666,
      "support": 6.0
    },
    "Nine": {
      "precision": 1.0,
      "recall": 1.0,
      "f1-score": 1.0,
      "support": 6.0
    },
    "Static": {
      "precision": 1.0,
      "recall": 0.8333333333333334,
      "f1-score": 0.9090909090909091,
      "support": 6.0
    },
    "accuracy": 0.8636363636363636,
    "macro avg": {
      "precision": 0.886904761904762,
      "recall": 0.8636363636363638,
      "f1-score": 0.8616534980171342,
      "support": 66.0
    },
    "weighted avg": {
      "precision": 0.8869047619047619,
      "recall": 0.8636363636363636,
      "f1-score": 0.8616534980171344,
      "support": 66.0
    }
  },
  "confidence_stats": {
    "mean": 0.6247838139533997,
    "min": 0.17338278889656067,
    "max": 0.9450420141220093,
    "std": 0.19808530807495117
  },
  "error_analysis": {
    "total_errors": 9,
    "error_rate": 0.13636363636363635,
    "low_confidence_predictions": 20
  }
}