{
  "timestamp": "20250713_201152",
  "test_accuracy": 0.8484848484848485,
  "class_distribution": {
    "true": {
      "3": 6,
      "4": 6,
      "0": 6,
      "10": 6,
      "5": 6,
      "8": 6,
      "9": 6,
      "1": 6,
      "7": 6,
      "6": 6,
      "2": 6
    },
    "predicted": {
      "3": 8,
      "4": 7,
      "0": 5,
      "10": 5,
      "5": 5,
      "8": 4,
      "9": 6,
      "7": 10,
      "2": 7,
      "1": 4,
      "6": 5
    }
  },
  "per_class_accuracy": {
    "Gesture_0": 0.8333333333333334,
    "Gesture_1": 0.6666666666666666,
    "Gesture_2": 0.8333333333333334,
    "Gesture_3": 1.0,
    "Gesture_4": 1.0,
    "Gesture_5": 0.8333333333333334,
    "Gesture_6": 0.6666666666666666,
    "Gesture_7": 1.0,
    "Gesture_8": 0.6666666666666666,
    "Gesture_9": 1.0,
    "Gesture_10": 0.8333333333333334
  },
  "confusion_matrix": [
    [
      5,
      0,
      0,
      0,
      0,
      0,
      1,
      0,
      0,
      0,
      0
    ],
    [
      0,
      4,
      0,
      0,
      0,
      0,
      0,
      2,
      0,
      0,
      0
    ],
    [
      0,
      0,
      5,
      1,
      0,
      0,
      0,
      0,
      0,
      0,
      0
    ],
    [
      0,
      0,
      0,
      6,
      0,
      0,
      0,
      0,
      0,
      0,
      0
    ],
    [
      0,
      0,
      0,
      0,
      6,
      0,
      0,
      0,
      0,
      0,
      0
    ],
    [
      0,
      0,
      0,
      1,
      0,
      5,
      0,
      0,
      0,
      0,
      0
    ],
    [
      0,
      0,
      0,
      0,
      0,
      0,
      4,
      2,
      0,
      0,
      0
    ],
    [
      0,
      0,
      0,
      0,
      0,
      0,
      0,
      6,
      0,
      0,
      0
    ],
    [
      0,
      0,
      2,
      0,
      0,
      0,
      0,
      0,
      4,
      0,
      0
    ],
    [
      0,
      0,
      0,
      0,
      0,
      0,
      0,
      0,
      0,
      6,
      0
    ],
    [
      0,
      0,
      0,
      0,
      1,
      0,
      0,
      0,
      0,
      0,
      5
    ]
  ],
  "classification_report": {
    "Gesture_0": {
      "precision": 1.0,
      "recall": 0.8333333333333334,
      "f1-score": 0.9090909090909091,
      "support": 6.0
    },
    "Gesture_1": {
      "precision": 1.0,
      "recall": 0.6666666666666666,
      "f1-score": 0.8,
      "support": 6.0
    },
    "Gesture_2": {
      "precision": 0.7142857142857143,
      "recall": 0.8333333333333334,
      "f1-score": 0.7692307692307692,
      "support": 6.0
    },
    "Gesture_3": {
      "precision": 0.75,
      "recall": 1.0,
      "f1-score": 0.8571428571428571,
      "support": 6.0
    },
    "Gesture_4": {
      "precision": 0.8571428571428571,
      "recall": 1.0,
      "f1-score": 0.923076923076923,
      "support": 6.0
    },
    "Gesture_5": {
      "precision": 1.0,
      "recall": 0.8333333333333334,
      "f1-score": 0.9090909090909091,
      "support": 6.0
    },
    "Gesture_6": {
      "precision": 0.8,
      "recall": 0.6666666666666666,
      "f1-score": 0.7272727272727272,
      "support": 6.0
    },
    "Gesture_7": {
      "precision": 0.6,
      "recall": 1.0,
      "f1-score": 0.7499999999999999,
      "support": 6.0
    },
    "Gesture_8": {
      "precision": 1.0,
      "recall": 0.6666666666666666,
      "f1-score": 0.8,
      "support": 6.0
    },
    "Gesture_9": {
      "precision": 1.0,
      "recall": 1.0,
      "f1-score": 1.0,
      "support": 6.0
    },
    "Gesture_10": {
      "precision": 1.0,
      "recall": 0.8333333333333334,
      "f1-score": 0.9090909090909091,
      "support": 6.0
    },
    "accuracy": 0.8484848484848485,
    "macro avg": {
      "precision": 0.8837662337662338,
      "recall": 0.8484848484848485,
      "f1-score": 0.8503632730905458,
      "support": 66.0
    },
    "weighted avg": {
      "precision": 0.8837662337662338,
      "recall": 0.8484848484848485,
      "f1-score": 0.8503632730905456,
      "support": 66.0
    }
  },
  "confidence_stats": {
    "mean": 0.55124431848526,
    "min": 0.1798052042722702,
    "max": 0.8912662863731384,
    "std": 0.18085028231143951
  },
  "error_analysis": {
    "total_errors": 10,
    "error_rate": 0.15151515151515152,
    "low_confidence_predictions": 25
  }
}