{
  "timestamp": "20250713_202950",
  "test_accuracy": 0.8181818181818182,
  "class_distribution": {
    "true": {
      "3": 6,
      "4": 6,
      "0": 6,
      "10": 6,
      "5": 6,
      "8": 6,
      "9": 6,
      "1": 6,
      "7": 6,
      "6": 6,
      "2": 6
    },
    "predicted": {
      "3": 7,
      "4": 6,
      "0": 7,
      "10": 4,
      "5": 5,
      "8": 2,
      "9": 9,
      "7": 7,
      "1": 6,
      "2": 8,
      "6": 5
    }
  },
  "per_class_accuracy": {
    "Gesture_0": 0.8333333333333334,
    "Gesture_1": 0.8333333333333334,
    "Gesture_2": 0.8333333333333334,
    "Gesture_3": 1.0,
    "Gesture_4": 1.0,
    "Gesture_5": 0.8333333333333334,
    "Gesture_6": 0.6666666666666666,
    "Gesture_7": 1.0,
    "Gesture_8": 0.3333333333333333,
    "Gesture_9": 1.0,
    "Gesture_10": 0.6666666666666666
  },
  "confusion_matrix": [
    [
      5,
      0,
      0,
      0,
      0,
      0,
      1,
      0,
      0,
      0,
      0
    ],
    [
      0,
      5,
      0,
      0,
      0,
      0,
      0,
      1,
      0,
      0,
      0
    ],
    [
      0,
      0,
      5,
      1,
      0,
      0,
      0,
      0,
      0,
      0,
      0
    ],
    [
      0,
      0,
      0,
      6,
      0,
      0,
      0,
      0,
      0,
      0,
      0
    ],
    [
      0,
      0,
      0,
      0,
      6,
      0,
      0,
      0,
      0,
      0,
      0
    ],
    [
      1,
      0,
      0,
      0,
      0,
      5,
      0,
      0,
      0,
      0,
      0
    ],
    [
      1,
      1,
      0,
      0,
      0,
      0,
      4,
      0,
      0,
      0,
      0
    ],
    [
      0,
      0,
      0,
      0,
      0,
      0,
      0,
      6,
      0,
      0,
      0
    ],
    [
      0,
      0,
      3,
      0,
      0,
      0,
      0,
      0,
      2,
      1,
      0
    ],
    [
      0,
      0,
      0,
      0,
      0,
      0,
      0,
      0,
      0,
      6,
      0
    ],
    [
      0,
      0,
      0,
      0,
      0,
      0,
      0,
      0,
      0,
      2,
      4
    ]
  ],
  "classification_report": {
    "Gesture_0": {
      "precision": 0.7142857142857143,
      "recall": 0.8333333333333334,
      "f1-score": 0.7692307692307692,
      "support": 6.0
    },
    "Gesture_1": {
      "precision": 0.8333333333333334,
      "recall": 0.8333333333333334,
      "f1-score": 0.8333333333333334,
      "support": 6.0
    },
    "Gesture_2": {
      "precision": 0.625,
      "recall": 0.8333333333333334,
      "f1-score": 0.7142857142857143,
      "support": 6.0
    },
    "Gesture_3": {
      "precision": 0.8571428571428571,
      "recall": 1.0,
      "f1-score": 0.923076923076923,
      "support": 6.0
    },
    "Gesture_4": {
      "precision": 1.0,
      "recall": 1.0,
      "f1-score": 1.0,
      "support": 6.0
    },
    "Gesture_5": {
      "precision": 1.0,
      "recall": 0.8333333333333334,
      "f1-score": 0.9090909090909091,
      "support": 6.0
    },
    "Gesture_6": {
      "precision": 0.8,
      "recall": 0.6666666666666666,
      "f1-score": 0.7272727272727272,
      "support": 6.0
    },
    "Gesture_7": {
      "precision": 0.8571428571428571,
      "recall": 1.0,
      "f1-score": 0.923076923076923,
      "support": 6.0
    },
    "Gesture_8": {
      "precision": 1.0,
      "recall": 0.3333333333333333,
      "f1-score": 0.5,
      "support": 6.0
    },
    "Gesture_9": {
      "precision": 0.6666666666666666,
      "recall": 1.0,
      "f1-score": 0.8,
      "support": 6.0
    },
    "Gesture_10": {
      "precision": 1.0,
      "recall": 0.6666666666666666,
      "f1-score": 0.8,
      "support": 6.0
    },
    "accuracy": 0.8181818181818182,
    "macro avg": {
      "precision": 0.8503246753246753,
      "recall": 0.818181818181818,
      "f1-score": 0.8090333908515728,
      "support": 66.0
    },
    "weighted avg": {
      "precision": 0.8503246753246753,
      "recall": 0.8181818181818182,
      "f1-score": 0.8090333908515727,
      "support": 66.0
    }
  },
  "confidence_stats": {
    "mean": 0.5743771195411682,
    "min": 0.14970721304416656,
    "max": 0.8553526997566223,
    "std": 0.2120353728532791
  },
  "error_analysis": {
    "total_errors": 12,
    "error_rate": 0.18181818181818182,
    "low_confidence_predictions": 23
  }
}