{
  "timestamp": "20250723_124355",
  "test_accuracy": 0.9363636363636364,
  "class_distribution": {
    "true": {
      "10": 10,
      "5": 10,
      "2": 10,
      "9": 10,
      "3": 10,
      "8": 10,
      "1": 10,
      "4": 10,
      "6": 10,
      "7": 10,
      "0": 10
    },
    "predicted": {
      "10": 10,
      "5": 10,
      "2": 8,
      "9": 12,
      "3": 12,
      "8": 8,
      "1": 10,
      "4": 10,
      "6": 11,
      "7": 10,
      "0": 9
    }
  },
  "per_class_accuracy": {
    "Gesture_0": 0.8,
    "Gesture_1": 1.0,
    "Gesture_2": 0.8,
    "Gesture_3": 1.0,
    "Gesture_4": 1.0,
    "Gesture_5": 1.0,
    "Gesture_6": 0.9,
    "Gesture_7": 1.0,
    "Gesture_8": 0.8,
    "Gesture_9": 1.0,
    "Gesture_10": 1.0
  },
  "confusion_matrix": [
    [
      8,
      0,
      0,
      0,
      0,
      0,
      2,
      0,
      0,
      0,
      0
    ],
    [
      0,
      10,
      0,
      0,
      0,
      0,
      0,
      0,
      0,
      0,
      0
    ],
    [
      0,
      0,
      8,
      2,
      0,
      0,
      0,
      0,
      0,
      0,
      0
    ],
    [
      0,
      0,
      0,
      10,
      0,
      0,
      0,
      0,
      0,
      0,
      0
    ],
    [
      0,
      0,
      0,
      0,
      10,
      0,
      0,
      0,
      0,
      0,
      0
    ],
    [
      0,
      0,
      0,
      0,
      0,
      10,
      0,
      0,
      0,
      0,
      0
    ],
    [
      1,
      0,
      0,
      0,
      0,
      0,
      9,
      0,
      0,
      0,
      0
    ],
    [
      0,
      0,
      0,
      0,
      0,
      0,
      0,
      10,
      0,
      0,
      0
    ],
    [
      0,
      0,
      0,
      0,
      0,
      0,
      0,
      0,
      8,
      2,
      0
    ],
    [
      0,
      0,
      0,
      0,
      0,
      0,
      0,
      0,
      0,
      10,
      0
    ],
    [
      0,
      0,
      0,
      0,
      0,
      0,
      0,
      0,
      0,
      0,
      10
    ]
  ],
  "classification_report": {
    "Gesture_0": {
      "precision": 0.8888888888888888,
      "recall": 0.8,
      "f1-score": 0.8421052631578948,
      "support": 10.0
    },
    "Gesture_1": {
      "precision": 1.0,
      "recall": 1.0,
      "f1-score": 1.0,
      "support": 10.0
    },
    "Gesture_2": {
      "precision": 1.0,
      "recall": 0.8,
      "f1-score": 0.888888888888889,
      "support": 10.0
    },
    "Gesture_3": {
      "precision": 0.8333333333333334,
      "recall": 1.0,
      "f1-score": 0.9090909090909091,
      "support": 10.0
    },
    "Gesture_4": {
      "precision": 1.0,
      "recall": 1.0,
      "f1-score": 1.0,
      "support": 10.0
    },
    "Gesture_5": {
      "precision": 1.0,
      "recall": 1.0,
      "f1-score": 1.0,
      "support": 10.0
    },
    "Gesture_6": {
      "precision": 0.8181818181818182,
      "recall": 0.9,
      "f1-score": 0.8571428571428572,
      "support": 10.0
    },
    "Gesture_7": {
      "precision": 1.0,
      "recall": 1.0,
      "f1-score": 1.0,
      "support": 10.0
    },
    "Gesture_8": {
      "precision": 1.0,
      "recall": 0.8,
      "f1-score": 0.888888888888889,
      "support": 10.0
    },
    "Gesture_9": {
      "precision": 0.8333333333333334,
      "recall": 1.0,
      "f1-score": 0.9090909090909091,
      "support": 10.0
    },
    "Gesture_10": {
      "precision": 1.0,
      "recall": 1.0,
      "f1-score": 1.0,
      "support": 10.0
    },
    "accuracy": 0.9363636363636364,
    "macro avg": {
      "precision": 0.943067033976125,
      "recall": 0.9363636363636364,
      "f1-score": 0.935927974205486,
      "support": 110.0
    },
    "weighted avg": {
      "precision": 0.9430670339761249,
      "recall": 0.9363636363636364,
      "f1-score": 0.9359279742054861,
      "support": 110.0
    }
  },
  "confidence_stats": {
    "mean": 0.7745792865753174,
    "min": 0.1953960508108139,
    "max": 0.9676432013511658,
    "std": 0.17147642374038696
  },
  "error_analysis": {
    "total_errors": 7,
    "error_rate": 0.06363636363636363,
    "low_confidence_predictions": 12
  }
}