{
  "timestamp": "XGBoost_20250708_163308",
  "test_accuracy": 0.9090909090909091,
  "class_distribution": {
    "true": {
      "10": 2,
      "2": 2,
      "1": 2,
      "5": 2,
      "7": 2,
      "9": 2,
      "6": 2,
      "4": 2,
      "3": 2,
      "8": 2,
      "0": 2
    },
    "predicted": {
      "10": 2,
      "2": 2,
      "3": 2,
      "5": 2,
      "7": 3,
      "9": 2,
      "6": 2,
      "4": 2,
      "8": 2,
      "0": 2,
      "1": 1
    }
  },
  "per_class_accuracy": {
    "Zero": 1.0,
    "One": 0.5,
    "Two": 1.0,
    "Three": 0.5,
    "Four": 1.0,
    "Five": 1.0,
    "Six": 1.0,
    "Seven": 1.0,
    "Eight": 1.0,
    "Nine": 1.0,
    "Static": 1.0
  },
  "confusion_matrix": [
    [
      2,
      0,
      0,
      0,
      0,
      0,
      0,
      0,
      0,
      0,
      0
    ],
    [
      0,
      1,
      0,
      1,
      0,
      0,
      0,
      0,
      0,
      0,
      0
    ],
    [
      0,
      0,
      2,
      0,
      0,
      0,
      0,
      0,
      0,
      0,
      0
    ],
    [
      0,
      0,
      0,
      1,
      0,
      0,
      0,
      1,
      0,
      0,
      0
    ],
    [
      0,
      0,
      0,
      0,
      2,
      0,
      0,
      0,
      0,
      0,
      0
    ],
    [
      0,
      0,
      0,
      0,
      0,
      2,
      0,
      0,
      0,
      0,
      0
    ],
    [
      0,
      0,
      0,
      0,
      0,
      0,
      2,
      0,
      0,
      0,
      0
    ],
    [
      0,
      0,
      0,
      0,
      0,
      0,
      0,
      2,
      0,
      0,
      0
    ],
    [
      0,
      0,
      0,
      0,
      0,
      0,
      0,
      0,
      2,
      0,
      0
    ],
    [
      0,
      0,
      0,
      0,
      0,
      0,
      0,
      0,
      0,
      2,
      0
    ],
    [
      0,
      0,
      0,
      0,
      0,
      0,
      0,
      0,
      0,
      0,
      2
    ]
  ],
  "classification_report": {
    "Zero": {
      "precision": 1.0,
      "recall": 1.0,
      "f1-score": 1.0,
      "support": 2.0
    },
    "One": {
      "precision": 1.0,
      "recall": 0.5,
      "f1-score": 0.6666666666666666,
      "support": 2.0
    },
    "Two": {
      "precision": 1.0,
      "recall": 1.0,
      "f1-score": 1.0,
      "support": 2.0
    },
    "Three": {
      "precision": 0.5,
      "recall": 0.5,
      "f1-score": 0.5,
      "support": 2.0
    },
    "Four": {
      "precision": 1.0,
      "recall": 1.0,
      "f1-score": 1.0,
      "support": 2.0
    },
    "Five": {
      "precision": 1.0,
      "recall": 1.0,
      "f1-score": 1.0,
      "support": 2.0
    },
    "Six": {
      "precision": 1.0,
      "recall": 1.0,
      "f1-score": 1.0,
      "support": 2.0
    },
    "Seven": {
      "precision": 0.6666666666666666,
      "recall": 1.0,
      "f1-score": 0.8,
      "support": 2.0
    },
    "Eight": {
      "precision": 1.0,
      "recall": 1.0,
      "f1-score": 1.0,
      "support": 2.0
    },
    "Nine": {
      "precision": 1.0,
      "recall": 1.0,
      "f1-score": 1.0,
      "support": 2.0
    },
    "Static": {
      "precision": 1.0,
      "recall": 1.0,
      "f1-score": 1.0,
      "support": 2.0
    },
    "accuracy": 0.9090909090909091,
    "macro avg": {
      "precision": 0.9242424242424242,
      "recall": 0.9090909090909091,
      "f1-score": 0.9060606060606061,
      "support": 22.0
    },
    "weighted avg": {
      "precision": 0.9242424242424242,
      "recall": 0.9090909090909091,
      "f1-score": 0.9060606060606061,
      "support": 22.0
    }
  },
  "confidence_stats": {
    "mean": 0.4976451098918915,
    "min": 0.1759335994720459,
    "max": 0.6667597889900208,
    "std": 0.12406355142593384
  },
  "error_analysis": {
    "total_errors": 2,
    "error_rate": 0.09090909090909091,
    "low_confidence_predictions": 12
  }
}