{
  "timestamp": "XGBoost_20250713_183612",
  "test_accuracy": 0.8181818181818182,
  "class_distribution": {
    "true": {
      "3": 6,
      "4": 6,
      "0": 6,
      "10": 6,
      "5": 6,
      "8": 6,
      "9": 6,
      "1": 6,
      "7": 6,
      "6": 6,
      "2": 6
    },
    "predicted": {
      "3": 8,
      "4": 7,
      "0": 5,
      "10": 4,
      "5": 5,
      "8": 2,
      "9": 8,
      "7": 7,
      "1": 7,
      "2": 8,
      "6": 5
    }
  },
  "per_class_accuracy": {
    "Zero": 0.8333333333333334,
    "One": 0.8333333333333334,
    "Two": 0.8333333333333334,
    "Three": 1.0,
    "Four": 1.0,
    "Five": 0.8333333333333334,
    "Six": 0.6666666666666666,
    "Seven": 1.0,
    "Eight": 0.3333333333333333,
    "Nine": 1.0,
    "Static": 0.6666666666666666
  },
  "confusion_matrix": [
    [
      5,
      0,
      0,
      0,
      0,
      0,
      1,
      0,
      0,
      0,
      0
    ],
    [
      0,
      5,
      0,
      0,
      0,
      0,
      0,
      1,
      0,
      0,
      0
    ],
    [
      0,
      0,
      5,
      1,
      0,
      0,
      0,
      0,
      0,
      0,
      0
    ],
    [
      0,
      0,
      0,
      6,
      0,
      0,
      0,
      0,
      0,
      0,
      0
    ],
    [
      0,
      0,
      0,
      0,
      6,
      0,
      0,
      0,
      0,
      0,
      0
    ],
    [
      0,
      0,
      0,
      1,
      0,
      5,
      0,
      0,
      0,
      0,
      0
    ],
    [
      0,
      2,
      0,
      0,
      0,
      0,
      4,
      0,
      0,
      0,
      0
    ],
    [
      0,
      0,
      0,
      0,
      0,
      0,
      0,
      6,
      0,
      0,
      0
    ],
    [
      0,
      0,
      3,
      0,
      0,
      0,
      0,
      0,
      2,
      1,
      0
    ],
    [
      0,
      0,
      0,
      0,
      0,
      0,
      0,
      0,
      0,
      6,
      0
    ],
    [
      0,
      0,
      0,
      0,
      1,
      0,
      0,
      0,
      0,
      1,
      4
    ]
  ],
  "classification_report": {
    "Zero": {
      "precision": 1.0,
      "recall": 0.8333333333333334,
      "f1-score": 0.9090909090909091,
      "support": 6.0
    },
    "One": {
      "precision": 0.7142857142857143,
      "recall": 0.8333333333333334,
      "f1-score": 0.7692307692307693,
      "support": 6.0
    },
    "Two": {
      "precision": 0.625,
      "recall": 0.8333333333333334,
      "f1-score": 0.7142857142857143,
      "support": 6.0
    },
    "Three": {
      "precision": 0.75,
      "recall": 1.0,
      "f1-score": 0.8571428571428571,
      "support": 6.0
    },
    "Four": {
      "precision": 0.8571428571428571,
      "recall": 1.0,
      "f1-score": 0.9230769230769231,
      "support": 6.0
    },
    "Five": {
      "precision": 1.0,
      "recall": 0.8333333333333334,
      "f1-score": 0.9090909090909091,
      "support": 6.0
    },
    "Six": {
      "precision": 0.8,
      "recall": 0.6666666666666666,
      "f1-score": 0.7272727272727273,
      "support": 6.0
    },
    "Seven": {
      "precision": 0.8571428571428571,
      "recall": 1.0,
      "f1-score": 0.9230769230769231,
      "support": 6.0
    },
    "Eight": {
      "precision": 1.0,
      "recall": 0.3333333333333333,
      "f1-score": 0.5,
      "support": 6.0
    },
    "Nine": {
      "precision": 0.75,
      "recall": 1.0,
      "f1-score": 0.8571428571428571,
      "support": 6.0
    },
    "Static": {
      "precision": 1.0,
      "recall": 0.6666666666666666,
      "f1-score": 0.8,
      "support": 6.0
    },
    "accuracy": 0.8181818181818182,
    "macro avg": {
      "precision": 0.8503246753246753,
      "recall": 0.818181818181818,
      "f1-score": 0.8081282354009627,
      "support": 66.0
    },
    "weighted avg": {
      "precision": 0.8503246753246753,
      "recall": 0.8181818181818182,
      "f1-score": 0.8081282354009626,
      "support": 66.0
    }
  },
  "confidence_stats": {
    "mean": 0.6450340747833252,
    "min": 0.17607511579990387,
    "max": 0.9185891151428223,
    "std": 0.21367795765399933
  },
  "error_analysis": {
    "total_errors": 12,
    "error_rate": 0.18181818181818182,
    "low_confidence_predictions": 15
  }
}