{
  "timestamp": "XGBoost_20250713_192759",
  "test_accuracy": 0.8181818181818182,
  "class_distribution": {
    "true": {
      "3": 6,
      "4": 6,
      "0": 6,
      "10": 6,
      "5": 6,
      "8": 6,
      "9": 6,
      "1": 6,
      "7": 6,
      "6": 6,
      "2": 6
    },
    "predicted": {
      "3": 7,
      "4": 7,
      "0": 7,
      "10": 4,
      "5": 6,
      "8": 2,
      "9": 8,
      "7": 7,
      "1": 6,
      "2": 7,
      "6": 5
    }
  },
  "per_class_accuracy": {
    "Zero": 0.8333333333333334,
    "One": 0.8333333333333334,
    "Two": 0.6666666666666666,
    "Three": 1.0,
    "Four": 1.0,
    "Five": 1.0,
    "Six": 0.6666666666666666,
    "Seven": 1.0,
    "Eight": 0.3333333333333333,
    "Nine": 1.0,
    "Static": 0.6666666666666666
  },
  "confusion_matrix": [
    [
      5,
      0,
      0,
      0,
      0,
      0,
      1,
      0,
      0,
      0,
      0
    ],
    [
      0,
      5,
      0,
      0,
      0,
      0,
      0,
      1,
      0,
      0,
      0
    ],
    [
      1,
      0,
      4,
      1,
      0,
      0,
      0,
      0,
      0,
      0,
      0
    ],
    [
      0,
      0,
      0,
      6,
      0,
      0,
      0,
      0,
      0,
      0,
      0
    ],
    [
      0,
      0,
      0,
      0,
      6,
      0,
      0,
      0,
      0,
      0,
      0
    ],
    [
      0,
      0,
      0,
      0,
      0,
      6,
      0,
      0,
      0,
      0,
      0
    ],
    [
      1,
      1,
      0,
      0,
      0,
      0,
      4,
      0,
      0,
      0,
      0
    ],
    [
      0,
      0,
      0,
      0,
      0,
      0,
      0,
      6,
      0,
      0,
      0
    ],
    [
      0,
      0,
      3,
      0,
      0,
      0,
      0,
      0,
      2,
      1,
      0
    ],
    [
      0,
      0,
      0,
      0,
      0,
      0,
      0,
      0,
      0,
      6,
      0
    ],
    [
      0,
      0,
      0,
      0,
      1,
      0,
      0,
      0,
      0,
      1,
      4
    ]
  ],
  "classification_report": {
    "Zero": {
      "precision": 0.7142857142857143,
      "recall": 0.8333333333333334,
      "f1-score": 0.7692307692307692,
      "support": 6.0
    },
    "One": {
      "precision": 0.8333333333333334,
      "recall": 0.8333333333333334,
      "f1-score": 0.8333333333333334,
      "support": 6.0
    },
    "Two": {
      "precision": 0.5714285714285714,
      "recall": 0.6666666666666666,
      "f1-score": 0.6153846153846153,
      "support": 6.0
    },
    "Three": {
      "precision": 0.8571428571428571,
      "recall": 1.0,
      "f1-score": 0.923076923076923,
      "support": 6.0
    },
    "Four": {
      "precision": 0.8571428571428571,
      "recall": 1.0,
      "f1-score": 0.923076923076923,
      "support": 6.0
    },
    "Five": {
      "precision": 1.0,
      "recall": 1.0,
      "f1-score": 1.0,
      "support": 6.0
    },
    "Six": {
      "precision": 0.8,
      "recall": 0.6666666666666666,
      "f1-score": 0.7272727272727272,
      "support": 6.0
    },
    "Seven": {
      "precision": 0.8571428571428571,
      "recall": 1.0,
      "f1-score": 0.923076923076923,
      "support": 6.0
    },
    "Eight": {
      "precision": 1.0,
      "recall": 0.3333333333333333,
      "f1-score": 0.5,
      "support": 6.0
    },
    "Nine": {
      "precision": 0.75,
      "recall": 1.0,
      "f1-score": 0.8571428571428571,
      "support": 6.0
    },
    "Static": {
      "precision": 1.0,
      "recall": 0.6666666666666666,
      "f1-score": 0.8,
      "support": 6.0
    },
    "accuracy": 0.8181818181818182,
    "macro avg": {
      "precision": 0.84004329004329,
      "recall": 0.818181818181818,
      "f1-score": 0.8065086428722793,
      "support": 66.0
    },
    "weighted avg": {
      "precision": 0.8400432900432899,
      "recall": 0.8181818181818182,
      "f1-score": 0.8065086428722792,
      "support": 66.0
    }
  },
  "confidence_stats": {
    "mean": 0.5242471694946289,
    "min": 0.13765184581279755,
    "max": 0.8141260147094727,
    "std": 0.19836966693401337
  },
  "error_analysis": {
    "total_errors": 12,
    "error_rate": 0.18181818181818182,
    "low_confidence_predictions": 31
  }
}