{
  "eta": 0.1377738498876847,
  "max_depth": 10,
  "subsample": 0.511474569337238,
  "colsample_bytree": 0.8546947145757724,
  "min_child_weight": 1,
  "gamma": 0.0005465322027731027,
  "lambda": 2.7468673431235198,
  "alpha": 0.4661837484185385
}