{
  "eta": 0.16723029639906567,
  "max_depth": 7,
  "subsample": 0.6855214450645432,
  "colsample_bytree": 0.5881367094430315,
  "min_child_weight": 4,
  "gamma": 0.47504047031578106,
  "lambda": 2.2335368272375895,
  "alpha": 0.4441026030140137
}