{
  "n_estimators": 832,
  "max_depth": 6,
  "learning_rate": 0.28594636113001287,
  "subsample": 0.6061482083476606,
  "colsample_bytree": 0.753025120236603,
  "gamma": 1.4302625699813667,
  "min_child_weight": 1,
  "reg_alpha": 0.6116494751673851,
  "reg_lambda": 0.8401584747544422
}