{
  "n_estimators": 227,
  "max_depth": 5,
  "learning_rate": 0.024111691057894565,
  "subsample": 0.6060210304660314,
  "colsample_bytree": 0.8320328598186719,
  "gamma": 0.2822011612524604,
  "min_child_weight": 1,
  "reg_alpha": 0.03370096539767043,
  "reg_lambda": 0.362424981958287
}