{
  "n_estimators": 107,
  "max_depth": 8,
  "learning_rate": 0.06979909971680001,
  "subsample": 0.7129859930741361,
  "colsample_bytree": 0.8525428532014997,
  "gamma": 0.04056408274970194,
  "min_child_weight": 1,
  "reg_alpha": 0.7380261099110764,
  "reg_lambda": 0.18410734829402903
}