{
  "best_params": {
    "n_estimators": 118,
    "max_depth": 10,
    "learning_rate": 0.035345531933991814,
    "subsample": 0.8118306328362795,
    "colsample_bytree": 0.740900648581524,
    "gamma": 1.3436811616762965,
    "min_child_weight": 1,
    "reg_alpha": 0.5865928362752385,
    "reg_lambda": 0.17198498028910242
  },
  "model_type": "XGBoost",
  "timestamp": "20250713_202950",
  "arduino_mode": false,
  "performance": {
    "train_acc": 0.995260663507109,
    "val_acc": 0.9245283018867925,
    "test_acc": 0.8181818181818182
  },
  "model_info": {
    "n_features": 50,
    "n_classes": 11,
    "file_size_mb": 0.4644889831542969,
    "max_estimators": 1000,
    "max_depth": 10
  }
}