{
  "n_estimators": 719,
  "max_depth": 5,
  "learning_rate": 0.030366763668817118,
  "subsample": 0.7738711436895649,
  "colsample_bytree": 0.7645486225151679,
  "gamma": 0.9864222149197799,
  "min_child_weight": 2,
  "reg_alpha": 0.2999897430188707,
  "reg_lambda": 0.5925475121151035
}