{
  "best_params": {
    "n_estimators": 28,
    "max_depth": 4,
    "learning_rate": 0.2834061429397005,
    "subsample": 0.7716752790528979,
    "colsample_bytree": 0.934846667456745,
    "gamma": 0.24760638036961494,
    "min_child_weight": 5,
    "reg_alpha": 0.13089726837515303,
    "reg_lambda": 0.2206680569137112
  },
  "model_type": "XGBoost",
  "timestamp": "20250713_200823",
  "performance": {
    "train_acc": 0.990521327014218,
    "val_acc": 0.9245283018867925,
    "test_acc": 0.8636363636363636
  },
  "model_info": {
    "n_features": 20,
    "n_classes": 11,
    "file_size_mb": 0.08790874481201172
  }
}