{
  "eta": 0.19607987225509,
  "max_depth": 3,
  "subsample": 0.5785666571104174,
  "colsample_bytree": 0.5390990740264598,
  "min_child_weight": 5,
  "gamma": 0.24543114630261484,
  "lambda": 1.2748093621821697,
  "alpha": 0.3088123551647992
}