{
  "n_estimators": 309,
  "max_depth": 9,
  "learning_rate": 0.08900575545554082,
  "subsample": 0.8001776407128591,
  "colsample_bytree": 0.872347961437424,
  "gamma": 1.3029786487922586,
  "min_child_weight": 4,
  "reg_alpha": 0.5112365384174317,
  "reg_lambda": 0.5969458816249241
}