{
  "predictions": [
    10,
    2,
    3,
    5,
    7,
    9,
    6,
    4,
    3,
    8,
    2,
    0,
    1,
    0,
    7,
    6,
    10,
    9,
    8,
    4,
    7,
    5
  ],
  "true_labels": [
    10,
    2,
    1,
    5,
    7,
    9,
    6,
    4,
    3,
    8,
    2,
    0,
    1,
    0,
    3,
    6,
    10,
    9,
    8,
    4,
    7,
    5
  ],
  "probabilities": [
    [
      0.027317693457007408,
      0.029971329495310783,
      0.037544135004282,
      0.030444012954831123,
      0.03048909269273281,
      0.02979249320924282,
      0.02264128439128399,
      0.025884222239255905,
      0.03733334690332413,
      0.061822593212127686,
      0.6667597889900208
    ],
    [
      0.06063079088926315,
      0.04892721027135849,
      0.4783388376235962,
      0.04802602156996727,
      0.041229911148548126,
      0.04321421682834625,
      0.0342724472284317,
      0.039181336760520935,
      0.1134403645992279,
      0.049521926790475845,
      0.04321699216961861
    ],
    [
      0.06771641224622726,
      0.16698309779167175,
      0.07147902995347977,
      0.1759335994720459,
      0.06751778721809387,
      0.07076727598905563,
      0.0840611532330513,
      0.06416306644678116,
      0.07951007038354874,
      0.08109673112630844,
      0.07077182084321976
    ],
    [
      0.03361785039305687,
      0.036500342190265656,
      0.03256261721253395,
      0.030121952295303345,
      0.030758054926991463,
      0.6597869396209717,
      0.03446141630411148,
      0.029229791834950447,
      0.041662801057100296,
      0.03905780613422394,
      0.03224044293165207
    ],
    [
      0.032820768654346466,
      0.06816501915454865,
      0.03464443236589432,
      0.032047729939222336,
      0.03272449970245361,
      0.03429946303367615,
      0.028326312080025673,
      0.5761124491691589,
      0.08725174516439438,
      0.03930594027042389,
      0.034301672130823135
    ],
    [
      0.04615996778011322,
      0.0506439283490181,
      0.06837613880634308,
      0.07726944237947464,
      0.046024568378925323,
      0.04823962226510048,
      0.03825801610946655,
      0.04373776540160179,
      0.054844435304403305,
      0.4782034158706665,
      0.048242729157209396
    ],
    [
      0.16707830131053925,
      0.03544321656227112,
      0.03285953775048256,
      0.03039661981165409,
      0.031038520857691765,
      0.03253234177827835,
      0.48436450958251953,
      0.030923793092370033,
      0.04254315793514252,
      0.0704498291015625,
      0.04237017408013344
    ],
    [
      0.0317826047539711,
      0.037605538964271545,
      0.03756500035524368,
      0.08446399867534637,
      0.6103143692016602,
      0.03321452438831329,
      0.026341864839196205,
      0.03011484444141388,
      0.037317946553230286,
      0.03806264325976372,
      0.03321666270494461
    ],
    [
      0.05344412475824356,
      0.060849398374557495,
      0.09233462810516357,
      0.28744378685951233,
      0.11138864606618881,
      0.05585196614265442,
      0.04609189182519913,
      0.08196098357439041,
      0.09077467769384384,
      0.0640043243765831,
      0.05585555359721184
    ],
    [
      0.04209889471530914,
      0.04618837684392929,
      0.07823266088962555,
      0.04110732674598694,
      0.04197540506720543,
      0.04399560019373894,
      0.03489214554429054,
      0.03988979384303093,
      0.46188685297966003,
      0.11243296414613724,
      0.05729994177818298
    ],
    [
      0.0506068617105484,
      0.05619844049215317,
      0.4249958097934723,
      0.04637783765792847,
      0.0473572313785553,
      0.04963642358779907,
      0.03936579078435898,
      0.045004215091466904,
      0.13393624126911163,
      0.05688154324889183,
      0.04963961988687515
    ],
    [
      0.45151379704475403,
      0.12121202051639557,
      0.031166108325123787,
      0.028830114752054214,
      0.029438935220241547,
      0.030855771154165268,
      0.16081826388835907,
      0.04527986794710159,
      0.03466778248548508,
      0.035359594970941544,
      0.03085774928331375
    ],
    [
      0.051445748656988144,
      0.28806614875793457,
      0.061632562428712845,
      0.06718245893716812,
      0.045671701431274414,
      0.047869786620140076,
      0.03953339904546738,
      0.0660250186920166,
      0.22984327375888824,
      0.054857037961483,
      0.04787285998463631
    ],
    [
      0.49153077602386475,
      0.14514018595218658,
      0.03945218399167061,
      0.03803342580795288,
      0.03726581484079361,
      0.039059337228536606,
      0.04639676585793495,
      0.0354142040014267,
      0.043884843587875366,
      0.04476058855652809,
      0.03906185179948807
    ],
    [
      0.03682193160057068,
      0.04039881005883217,
      0.04056800156831741,
      0.19429732859134674,
      0.03671392425894737,
      0.038480889052152634,
      0.030518528074026108,
      0.4538615047931671,
      0.0432349294424057,
      0.04662080854177475,
      0.03848336637020111
    ],
    [
      0.13176459074020386,
      0.033465854823589325,
      0.026982149109244347,
      0.024959757924079895,
      0.025486843660473824,
      0.0298888199031353,
      0.5682373642921448,
      0.03620306774973869,
      0.03037099540233612,
      0.05784887447953224,
      0.034791674464941025
    ],
    [
      0.03550098463892937,
      0.03467974439263344,
      0.04525388032197952,
      0.03522668778896332,
      0.0401349700987339,
      0.033033337444067,
      0.026198169216513634,
      0.029950564727187157,
      0.037556152790784836,
      0.07153476029634476,
      0.6109308004379272
    ],
    [
      0.04369053244590759,
      0.047934629023075104,
      0.06717193126678467,
      0.042661476880311966,
      0.0435623824596405,
      0.04565894976258278,
      0.03621132671833038,
      0.04139791801571846,
      0.05191042274236679,
      0.534138560295105,
      0.04566187784075737
    ],
    [
      0.04383999854326248,
      0.0480986125767231,
      0.08146816492080688,
      0.04280741885304451,
      0.04371140897274017,
      0.04581514373421669,
      0.03633520007133484,
      0.04153953492641449,
      0.4534834623336792,
      0.11708291620016098,
      0.04581809416413307
    ],
    [
      0.0317826047539711,
      0.037605538964271545,
      0.03756500035524368,
      0.08446399867534637,
      0.6103143692016602,
      0.03321452438831329,
      0.026341864839196205,
      0.03011484444141388,
      0.037317946553230286,
      0.03806264325976372,
      0.03321666270494461
    ],
    [
      0.02635011076927185,
      0.05273522809147835,
      0.027814237400889397,
      0.03864696994423866,
      0.02627282217144966,
      0.027537276968359947,
      0.022741736844182014,
      0.5185783505439758,
      0.0318029411137104,
      0.03155672177672386,
      0.19596363604068756
    ],
    [
      0.033801786601543427,
      0.0367000475525856,
      0.03274077922105789,
      0.03028676100075245,
      0.03092634305357933,
      0.6633968949317932,
      0.03464996814727783,
      0.029389718547463417,
      0.03641938045620918,
      0.03927150368690491,
      0.03241684287786484
    ]
  ],
  "confidence_scores": [
    0.6667597889900208,
    0.4783388376235962,
    0.1759335994720459,
    0.6597869396209717,
    0.5761124491691589,
    0.4782034158706665,
    0.48436450958251953,
    0.6103143692016602,
    0.28744378685951233,
    0.46188685297966003,
    0.4249958097934723,
    0.45151379704475403,
    0.28806614875793457,
    0.49153077602386475,
    0.4538615047931671,
    0.5682373642921448,
    0.6109308004379272,
    0.534138560295105,
    0.4534834623336792,
    0.6103143692016602,
    0.5185783505439758,
    0.6633968949317932
  ],