{
  "predictions": [
    10,
    2,
    1,
    5,
    7,
    9,
    6,
    4,
    3,
    8,
    2,
    0,
    8,
    0,
    3,
    6,
    10,
    9,
    8,
    4,
    7,
    5
  ],
  "true_labels": [
    10,
    2,
    1,
    5,
    7,
    9,
    6,
    4,
    3,
    8,
    2,
    0,
    1,
    0,
    3,
    6,
    10,
    9,
    8,
    4,
    7,
    5
  ],
  "probabilities": [
    [
      0.010601344518363476,
      0.013390043750405312,
      0.024307148531079292,
      0.04274047911167145,
      0.053661201149225235,
      0.04009532555937767,
      0.014693777076900005,
      0.03590969741344452,
      0.03531771898269653,
      0.13244177401065826,
      0.5968414545059204
    ],
    [
      0.03914259374141693,
      0.07495241612195969,
      0.4859254062175751,
      0.07532273232936859,
      0.04646128788590431,
      0.03823017701506615,
      0.03323790431022644,
      0.031370505690574646,
      0.09562188386917114,
      0.052943285554647446,
      0.026791786774992943
    ],
    [
      0.08716971427202225,
      0.2701859772205353,
      0.05241226404905319,
      0.15209129452705383,
      0.06062588468194008,
      0.09761300683021545,
      0.06989547610282898,
      0.09484869986772537,
      0.04515619948506355,
      0.039822209626436234,
      0.030179226770997047
    ],
    [
      0.05983651429414749,
      0.045169856399297714,
      0.018159765750169754,
      0.026355674490332603,
      0.045644231140613556,
      0.6306654810905457,
      0.029013218358159065,
      0.025599271059036255,
      0.029429519549012184,
      0.04472632706165314,
      0.04540008679032326
    ],
    [
      0.0379093699157238,
      0.14237664639949799,
      0.03440707176923752,
      0.020563866943120956,
      0.03131185099482536,
      0.03728107735514641,
      0.07643063366413116,
      0.39485493302345276,
      0.15687528252601624,
      0.027756039053201675,
      0.04023323208093643
    ],
    [
      0.04446490854024887,
      0.043792713433504105,
      0.07772743701934814,
      0.10941887646913528,
      0.048051461577415466,
      0.05476272106170654,
      0.05601334199309349,
      0.03638264909386635,
      0.10463415086269379,
      0.3582831919193268,
      0.06646859645843506
    ],
    [
      0.2386901080608368,
      0.04594745486974716,
      0.012689103372395039,
      0.012026508338749409,
      0.01748555526137352,
      0.04064646735787392,
      0.3079507052898407,
      0.11488986760377884,
      0.06344185769557953,
      0.07230401039123535,
      0.07392832636833191
    ],
    [
      0.027205541729927063,
      0.062173034995794296,
      0.06165448576211929,
      0.10336155444383621,
      0.5336668491363525,
      0.05220232903957367,
      0.01552578341215849,
      0.02507147192955017,
      0.022189216688275337,
      0.04404192790389061,
      0.052907854318618774
    ],
    [
      0.051510874181985855,
      0.07563847303390503,
      0.1102885827422142,
      0.2865028977394104,
      0.07927653938531876,
      0.03207949921488762,
      0.029275888577103615,
      0.11647523194551468,
      0.04033171012997627,
      0.13716503977775574,
      0.04145526513457298
    ],
    [
      0.02731139026582241,
      0.02277524583041668,
      0.08076176792383194,
      0.026397675275802612,
      0.03500988334417343,
      0.046269629150629044,
      0.031954362988471985,
      0.06704184412956238,
      0.2981165945529938,
      0.2576926052570343,
      0.10666902363300323
    ],
    [
      0.041122592985630035,
      0.07499782741069794,
      0.4607257544994354,
      0.06012808531522751,
      0.05411510914564133,
      0.029784629121422768,
      0.02913348563015461,
      0.029544586315751076,
      0.13730034232139587,
      0.05636724457144737,
      0.02678033895790577
    ],
    [
      0.3904440999031067,
      0.18528099358081818,
      0.053001753985881805,
      0.024134021252393723,
      0.025430308654904366,
      0.027505088597536087,
      0.16648106276988983,
      0.05136067047715187,
      0.03652698174118996,
      0.02741921693086624,
      0.012415771372616291
    ],
    [
      0.06696431338787079,
      0.23900210857391357,
      0.061375994235277176,
      0.04944588989019394,
      0.021403934806585312,
      0.04311731085181236,
      0.13772079348564148,
      0.06544365733861923,
      0.24794511497020721,
      0.04210598021745682,
      0.025474872440099716
    ],
    [
      0.4203726351261139,
      0.221126526594162,
      0.026774466037750244,
      0.03099982626736164,
      0.03504425659775734,
      0.03497696295380592,
      0.11304296553134918,
      0.030981799587607384,
      0.03431166335940361,
      0.03796789422631264,
      0.014400981366634369
    ],
    [
      0.03289709612727165,
      0.050200533121824265,
      0.047465529292821884,
      0.3177676200866699,
      0.12043058127164841,
      0.04939696565270424,
      0.017474031075835228,
      0.12007356435060501,
      0.02702309563755989,
      0.1333758682012558,
      0.08389513939619064
    ],
    [
      0.16113966703414917,
      0.04617629945278168,
      0.01345856487751007,
      0.013829619623720646,
      0.026543833315372467,
      0.04775678738951683,
      0.3205850124359131,
      0.15881036221981049,
      0.057375483214855194,
      0.06218062341213226,
      0.09214377403259277
    ],
    [
      0.017820818349719048,
      0.02005995437502861,
      0.04097355902194977,
      0.04209703952074051,
      0.15895427763462067,
      0.024332195520401,
      0.02034677378833294,
      0.049724891781806946,
      0.04890517145395279,
      0.1265459954738617,
      0.45023927092552185
    ],
    [
      0.020169971510767937,
      0.023143066093325615,
      0.11835677176713943,
      0.0449056439101696,
      0.046102214604616165,
      0.022580260410904884,
      0.035218190401792526,
      0.053491976112127304,
      0.06722141057252884,
      0.4761616289615631,
      0.09264883399009705
    ],
    [
      0.026839615777134895,
      0.02287183701992035,
      0.09461917728185654,
      0.021937696263194084,
      0.02950500138103962,
      0.030366433784365654,
      0.03480544313788414,
      0.0725795105099678,
      0.3227410912513733,
      0.25217103958129883,
      0.0915631502866745
    ],
    [
      0.02783343568444252,
      0.04769927263259888,
      0.0739455446600914,
      0.12411671131849289,
      0.45945772528648376,
      0.04549698531627655,
      0.01588411256670952,
      0.025650111958384514,
      0.022701334208250046,
      0.048345938324928284,
      0.1088687926530838
    ],
    [
      0.04047826677560806,
      0.10340508818626404,
      0.033419158309698105,
      0.06699857860803604,
      0.027843501418828964,
      0.03058580681681633,
      0.03703378140926361,
      0.5450557470321655,
      0.05156983435153961,
      0.026133934035897255,
      0.0374763198196888
    ],
    [
      0.06535369157791138,
      0.03745809942483902,
      0.016687989234924316,
      0.026102308183908463,
      0.04520544037222862,
      0.624602735042572,
      0.028734305873513222,
      0.02535317651927471,
      0.03153713792562485,
      0.04429635778069496,
      0.05466880649328232
    ]
  ],
  "confidence_scores": [
    0.5968414545059204,
    0.4859254062175751,
    0.2701859772205353,
    0.6306654810905457,
    0.39485493302345276,
    0.3582831919193268,
    0.3079507052898407,
    0.5336668491363525,
    0.2865028977394104,
    0.2981165945529938,
    0.4607257544994354,
    0.3904440999031067,
    0.24794511497020721,
    0.4203726351261139,
    0.3177676200866699,
    0.3205850124359131,
    0.45023927092552185,
    0.4761616289615631,
    0.3227410912513733,
    0.45945772528648376,
    0.5450557470321655,
    0.624602735042572
  ],