{
  "timestamp": "CNN_LSTM_20250708_172116",
  "test_loss": 0.1514454483985901,
  "test_accuracy": 0.9090909361839294,
  "class_distribution": {
    "true": {
      "10": 2,
      "2": 2,
      "1": 2,
      "5": 2,
      "7": 2,
      "9": 2,
      "6": 2,
      "4": 2,
      "3": 2,
      "8": 2,
      "0": 2
    },
    "predicted": {
      "10": 2,
      "2": 2,
      "1": 2,
      "5": 2,
      "8": 2,
      "9": 3,
      "6": 2,
      "4": 2,
      "3": 2,
      "0": 2,
      "7": 1
    }
  },
  "per_class_accuracy": {
    "Zero": 1.0,
    "One": 1.0,
    "Two": 1.0,
    "Three": 1.0,
    "Four": 1.0,
    "Five": 1.0,
    "Six": 1.0,
    "Seven": 0.5,
    "Eight": 0.5,
    "Nine": 1.0,
    "Static": 1.0
  },
  "confusion_matrix": [
    [
      2,
      0,
      0,
      0,
      0,
      0,
      0,
      0,
      0,
      0,
      0
    ],
    [
      0,
      2,
      0,
      0,
      0,
      0,
      0,
      0,
      0,
      0,
      0
    ],
    [
      0,
      0,
      2,
      0,
      0,
      0,
      0,
      0,
      0,
      0,
      0
    ],
    [
      0,
      0,
      0,
      2,
      0,
      0,
      0,
      0,
      0,
      0,
      0
    ],
    [
      0,
      0,
      0,
      0,
      2,
      0,
      0,
      0,
      0,
      0,
      0
    ],
    [
      0,
      0,
      0,
      0,
      0,
      2,
      0,
      0,
      0,
      0,
      0
    ],
    [
      0,
      0,
      0,
      0,
      0,
      0,
      2,
      0,
      0,
      0,
      0
    ],
    [
      0,
      0,
      0,
      0,
      0,
      0,
      0,
      1,
      1,
      0,
      0
    ],
    [
      0,
      0,
      0,
      0,
      0,
      0,
      0,
      0,
      1,
      1,
      0
    ],
    [
      0,
      0,
      0,
      0,
      0,
      0,
      0,
      0,
      0,
      2,
      0
    ],
    [
      0,
      0,
      0,
      0,
      0,
      0,
      0,
      0,
      0,
      0,
      2
    ]
  ],
  "classification_report": {
    "Zero": {
      "precision": 1.0,
      "recall": 1.0,
      "f1-score": 1.0,
      "support": 2.0
    },
    "One": {
      "precision": 1.0,
      "recall": 1.0,
      "f1-score": 1.0,
      "support": 2.0
    },
    "Two": {
      "precision": 1.0,
      "recall": 1.0,
      "f1-score": 1.0,
      "support": 2.0
    },
    "Three": {
      "precision": 1.0,
      "recall": 1.0,
      "f1-score": 1.0,
      "support": 2.0
    },
    "Four": {
      "precision": 1.0,
      "recall": 1.0,
      "f1-score": 1.0,
      "support": 2.0
    },
    "Five": {
      "precision": 1.0,
      "recall": 1.0,
      "f1-score": 1.0,
      "support": 2.0
    },
    "Six": {
      "precision": 1.0,
      "recall": 1.0,
      "f1-score": 1.0,
      "support": 2.0
    },
    "Seven": {
      "precision": 1.0,
      "recall": 0.5,
      "f1-score": 0.6666666666666666,
      "support": 2.0
    },
    "Eight": {
      "precision": 0.5,
      "recall": 0.5,
      "f1-score": 0.5,
      "support": 2.0
    },
    "Nine": {
      "precision": 0.6666666666666666,
      "recall": 1.0,
      "f1-score": 0.8,
      "support": 2.0
    },
    "Static": {
      "precision": 1.0,
      "recall": 1.0,
      "f1-score": 1.0,
      "support": 2.0
    },
    "accuracy": 0.9090909090909091,
    "macro avg": {
      "precision": 0.9242424242424242,
      "recall": 0.9090909090909091,
      "f1-score": 0.9060606060606061,
      "support": 22.0
    },
    "weighted avg": {
      "precision": 0.9242424242424242,
      "recall": 0.9090909090909091,
      "f1-score": 0.9060606060606061,
      "support": 22.0
    }
  },
  "confidence_stats": {
    "mean": 0.9332408308982849,
    "min": 0.42754310369491577,
    "max": 0.998589038848877,
    "std": 0.16237780451774597
  },
  "error_analysis": {
    "total_errors": 2,
    "error_rate": 0.09090909090909091,
    "low_confidence_predictions": 2
  },
  "training_history": {
    "epochs_trained": 66,
    "final_train_accuracy": 1.0,
    "final_val_accuracy": 0.9444444179534912,
    "final_train_loss": 0.0020856386981904507,
    "final_val_loss": 0.06870847940444946,
    "best_val_accuracy": 1.0,
    "best_val_accuracy_epoch": 11,
    "train_accuracy_history": [
      0.1428571492433548,
      0.3857142925262451,
      0.5714285969734192,
      0.6142857074737549,
      0.6142857074737549,
      0.5571428537368774,
      0.6285714507102966,
      0.7571428418159485,
      0.8285714387893677,
      0.8714285492897034,
      0.8999999761581421,
      0.9285714030265808,
      0.9571428298950195,
      0.9571428298950195,
      0.9714285731315613,
      0.9714285731315613,
      0.9428571462631226,
      0.9571428298950195,
      0.9857142567634583,
      0.9714285731315613,
      0.9857142567634583,
      0.9857142567634583,
      1.0,
      1.0,
      1.0,
      1.0,
      1.0,
      1.0,
      1.0,
      1.0,
      1.0,
      1.0,
      1.0,
      1.0,
      1.0,
      1.0,
      1.0,
      1.0,
      1.0,
      1.0,
      1.0,
      1.0,
      1.0,
      1.0,
      1.0,
      1.0,
      1.0,
      1.0,
      1.0,
      1.0,
      1.0,
      1.0,
      1.0,
      1.0,
      1.0,
      1.0,
      1.0,
      1.0,
      1.0,
      1.0,
      1.0,
      1.0,
      1.0,
      1.0,
      1.0,
      1.0
    ],
    "val_accuracy_history": [
      0.2777777910232544,
      0.5,
      0.6111111044883728,
      0.6111111044883728,
      0.5555555820465088,
      0.6666666865348816,
      0.7222222089767456,
      0.7777777910232544,
      0.8333333134651184,
      0.8888888955116272,
      1.0,
      1.0,
      1.0,
      1.0,
      1.0,
      0.8888888955116272,
      0.8333333134651184,
      0.9444444179534912,
      0.8888888955116272,
      1.0,
      0.9444444179534912,
      0.9444444179534912,
      0.9444444179534912,
      1.0,
      1.0,
      1.0,
      0.9444444179534912,
      0.9444444179534912,
      0.9444444179534912,
      0.9444444179534912,
      0.9444444179534912,
      0.9444444179534912,
      0.9444444179534912,
      0.9444444179534912,
      0.9444444179534912,
      0.9444444179534912,
      0.9444444179534912,
      0.9444444179534912,
      0.9444444179534912,
      0.9444444179534912,
      0.9444444179534912,
      0.9444444179534912,
      0.9444444179534912,
      0.9444444179534912,
      0.9444444179534912,
      0.9444444179534912,
      0.9444444179534912,
      0.9444444179534912,
      0.9444444179534912,
      0.9444444179534912,
      0.9444444179534912,
      0.9444444179534912,
      0.9444444179534912,
      0.9444444179534912,
      0.9444444179534912,
      0.9444444179534912,
      0.9444444179534912,
      0.9444444179534912,
      0.9444444179534912,
      0.9444444179534912,
      0.9444444179534912,
      0.9444444179534912,
      0.9444444179534912,
      0.9444444179534912,
      0.9444444179534912,
      0.9444444179534912
    ],