{
  "timestamp": "CNN_LSTM_20250718_153724",
  "test_loss": 0.5683538317680359,
  "test_accuracy": 0.8636363744735718,
  "class_distribution": {
    "true": {
      "3": 6,
      "4": 6,
      "0": 6,
      "10": 6,
      "5": 6,
      "8": 6,
      "9": 6,
      "1": 6,
      "7": 6,
      "6": 6,
      "2": 6
    },
    "predicted": {
      "3": 7,
      "4": 6,
      "0": 5,
      "10": 6,
      "5": 6,
      "8": 5,
      "9": 7,
      "7": 6,
      "6": 6,
      "2": 7,
      "1": 5
    }
  },
  "per_class_accuracy": {
    "Zero": 0.8333333333333334,
    "One": 0.6666666666666666,
    "Two": 0.8333333333333334,
    "Three": 1.0,
    "Four": 1.0,
    "Five": 0.8333333333333334,
    "Six": 1.0,
    "Seven": 0.8333333333333334,
    "Eight": 0.6666666666666666,
    "Nine": 0.8333333333333334,
    "Static": 1.0
  },
  "confusion_matrix": [
    [
      5,
      0,
      0,
      0,
      0,
      1,
      0,
      0,
      0,
      0,
      0
    ],
    [
      0,
      4,
      1,
      0,
      0,
      0,
      0,
      1,
      0,
      0,
      0
    ],
    [
      0,
      0,
      5,
      1,
      0,
      0,
      0,
      0,
      0,
      0,
      0
    ],
    [
      0,
      0,
      0,
      6,
      0,
      0,
      0,
      0,
      0,
      0,
      0
    ],
    [
      0,
      0,
      0,
      0,
      6,
      0,
      0,
      0,
      0,
      0,
      0
    ],
    [
      0,
      0,
      0,
      0,
      0,
      5,
      0,
      0,
      0,
      1,
      0
    ],
    [
      0,
      0,
      0,
      0,
      0,
      0,
      6,
      0,
      0,
      0,
      0
    ],
    [
      0,
      1,
      0,
      0,
      0,
      0,
      0,
      5,
      0,
      0,
      0
    ],
    [
      0,
      0,
      1,
      0,
      0,
      0,
      0,
      0,
      4,
      1,
      0
    ],
    [
      0,
      0,
      0,
      0,
      0,
      0,
      0,
      0,
      1,
      5,
      0
    ],
    [
      0,
      0,
      0,
      0,
      0,
      0,
      0,
      0,
      0,
      0,
      6
    ]
  ],
  "classification_report": {
    "Zero": {
      "precision": 1.0,
      "recall": 0.8333333333333334,
      "f1-score": 0.9090909090909091,
      "support": 6.0
    },
    "One": {
      "precision": 0.8,
      "recall": 0.6666666666666666,
      "f1-score": 0.7272727272727272,
      "support": 6.0
    },
    "Two": {
      "precision": 0.7142857142857143,
      "recall": 0.8333333333333334,
      "f1-score": 0.7692307692307692,
      "support": 6.0
    },
    "Three": {
      "precision": 0.8571428571428571,
      "recall": 1.0,
      "f1-score": 0.923076923076923,
      "support": 6.0
    },
    "Four": {
      "precision": 1.0,
      "recall": 1.0,
      "f1-score": 1.0,
      "support": 6.0
    },
    "Five": {
      "precision": 0.8333333333333334,
      "recall": 0.8333333333333334,
      "f1-score": 0.8333333333333334,
      "support": 6.0
    },
    "Six": {
      "precision": 1.0,
      "recall": 1.0,
      "f1-score": 1.0,
      "support": 6.0
    },
    "Seven": {
      "precision": 0.8333333333333334,
      "recall": 0.8333333333333334,
      "f1-score": 0.8333333333333334,
      "support": 6.0
    },
    "Eight": {
      "precision": 0.8,
      "recall": 0.6666666666666666,
      "f1-score": 0.7272727272727272,
      "support": 6.0
    },
    "Nine": {
      "precision": 0.7142857142857143,
      "recall": 0.8333333333333334,
      "f1-score": 0.7692307692307692,
      "support": 6.0
    },
    "Static": {
      "precision": 1.0,
      "recall": 1.0,
      "f1-score": 1.0,
      "support": 6.0
    },
    "accuracy": 0.8636363636363636,
    "macro avg": {
      "precision": 0.8683982683982684,
      "recall": 0.8636363636363636,
      "f1-score": 0.8628946810764991,
      "support": 66.0
    },
    "weighted avg": {
      "precision": 0.8683982683982683,
      "recall": 0.8636363636363636,
      "f1-score": 0.8628946810764991,
      "support": 66.0
    }
  },
  "confidence_stats": {
    "mean": 0.9446374177932739,
    "min": 0.3913460075855255,
    "max": 0.9996563792228699,
    "std": 0.12290900200605392
  },
  "error_analysis": {
    "total_errors": 9,
    "error_rate": 0.13636363636363635,
    "low_confidence_predictions": 1
  },
  "training_history": {
    "epochs_trained": 46,
    "final_train_accuracy": 0.9857819676399231,
    "final_val_accuracy": 0.9811320900917053,
    "final_train_loss": 0.031878042966127396,
    "final_val_loss": 0.07116613537073135,
    "best_val_accuracy": 1.0,
    "best_val_accuracy_epoch": 9,
    "train_accuracy_history": [
      0.33175355195999146,
      0.6729857921600342,
      0.829383909702301,
      0.8436018824577332,
      0.8625592589378357,
      0.8341231942176819,
      0.8862559199333191,
      0.9146919250488281,
      0.9146919250488281,
      0.9573459625244141,
      0.9526066184043884,
      0.9573459625244141,
      0.9431279897689819,
      0.9431279897689819,
      0.9478672742843628,
      0.9668246507644653,
      0.971563994884491,
      0.9526066184043884,
      0.971563994884491,
      0.928909957408905,
      0.9478672742843628,
      0.9478672742843628,
      0.9668246507644653,
      0.9052132964134216,
      0.8909952640533447,
      0.9052132964134216,
      0.9526066184043884,
      0.9620853066444397,
      0.9810426831245422,
      0.9620853066444397,
      0.9810426831245422,
      0.9810426831245422,
      0.9857819676399231,
      0.9810426831245422,
      0.9810426831245422,
      0.9810426831245422,
      0.971563994884491,
      0.9763033390045166,
      0.9905213117599487,
      0.9905213117599487,
      0.9905213117599487,
      0.9905213117599487,
      0.9857819676399231,
      0.9905213117599487,
      0.971563994884491,
      0.9857819676399231
    ],
    "val_accuracy_history": [
      0.6603773832321167,
      0.849056601524353,
      0.9245283007621765,
      0.9811320900917053,
      0.8679245114326477,
      0.9056603908538818,
      0.9245283007621765,
      0.9622641801834106,
      1.0,
      0.9811320900917053,
      0.9811320900917053,
      0.9056603908538818,
      0.9433962106704712,
      0.9245283007621765,
      0.9622641801834106,
      0.9433962106704712,
      0.9622641801834106,
      0.9622641801834106,
      0.9622641801834106,
      0.9622641801834106,
      0.9811320900917053,
      0.9622641801834106,
      0.8679245114326477,
      0.9433962106704712,
      0.8867924809455872,
      0.9433962106704712,
      0.9622641801834106,
      0.9433962106704712,
      0.9433962106704712,
      0.9622641801834106,
      1.0,
      0.9622641801834106,
      0.9622641801834106,
      0.9622641801834106,
      0.9811320900917053,
      1.0,
      0.9811320900917053,
      0.9811320900917053,
      0.9811320900917053,
      0.9622641801834106,
      0.9811320900917053,
      0.9811320900917053,
      0.9811320900917053,
      0.9622641801834106,
      0.9622641801834106,
      0.9811320900917053
    ],