{
  "timestamp": "CNN_LSTM_20250713_175154",
  "test_loss": 0.8292120695114136,
  "test_accuracy": 0.8030303120613098,
  "class_distribution": {
    "true": {
      "3": 6,
      "4": 6,
      "0": 6,
      "10": 6,
      "5": 6,
      "8": 6,
      "9": 6,
      "1": 6,
      "7": 6,
      "6": 6,
      "2": 6
    },
    "predicted": {
      "3": 7,
      "4": 6,
      "0": 10,
      "10": 5,
      "5": 4,
      "8": 3,
      "9": 9,
      "1": 3,
      "7": 6,
      "6": 6,
      "2": 7
    }
  },
  "per_class_accuracy": {
    "Zero": 0.8333333333333334,
    "One": 0.5,
    "Two": 0.8333333333333334,
    "Three": 1.0,
    "Four": 1.0,
    "Five": 0.5,
    "Six": 1.0,
    "Seven": 0.8333333333333334,
    "Eight": 0.5,
    "Nine": 1.0,
    "Static": 0.8333333333333334
  },
  "confusion_matrix": [
    [
      5,
      0,
      0,
      0,
      0,
      1,
      0,
      0,
      0,
      0,
      0
    ],
    [
      2,
      3,
      1,
      0,
      0,
      0,
      0,
      0,
      0,
      0,
      0
    ],
    [
      0,
      0,
      5,
      1,
      0,
      0,
      0,
      0,
      0,
      0,
      0
    ],
    [
      0,
      0,
      0,
      6,
      0,
      0,
      0,
      0,
      0,
      0,
      0
    ],
    [
      0,
      0,
      0,
      0,
      6,
      0,
      0,
      0,
      0,
      0,
      0
    ],
    [
      2,
      0,
      0,
      0,
      0,
      3,
      0,
      0,
      0,
      1,
      0
    ],
    [
      0,
      0,
      0,
      0,
      0,
      0,
      6,
      0,
      0,
      0,
      0
    ],
    [
      1,
      0,
      0,
      0,
      0,
      0,
      0,
      5,
      0,
      0,
      0
    ],
    [
      0,
      0,
      1,
      0,
      0,
      0,
      0,
      1,
      3,
      1,
      0
    ],
    [
      0,
      0,
      0,
      0,
      0,
      0,
      0,
      0,
      0,
      6,
      0
    ],
    [
      0,
      0,
      0,
      0,
      0,
      0,
      0,
      0,
      0,
      1,
      5
    ]
  ],
  "classification_report": {
    "Zero": {
      "precision": 0.5,
      "recall": 0.8333333333333334,
      "f1-score": 0.625,
      "support": 6.0
    },
    "One": {
      "precision": 1.0,
      "recall": 0.5,
      "f1-score": 0.6666666666666666,
      "support": 6.0
    },
    "Two": {
      "precision": 0.7142857142857143,
      "recall": 0.8333333333333334,
      "f1-score": 0.7692307692307693,
      "support": 6.0
    },
    "Three": {
      "precision": 0.8571428571428571,
      "recall": 1.0,
      "f1-score": 0.9230769230769231,
      "support": 6.0
    },
    "Four": {
      "precision": 1.0,
      "recall": 1.0,
      "f1-score": 1.0,
      "support": 6.0
    },
    "Five": {
      "precision": 0.75,
      "recall": 0.5,
      "f1-score": 0.6,
      "support": 6.0
    },
    "Six": {
      "precision": 1.0,
      "recall": 1.0,
      "f1-score": 1.0,
      "support": 6.0
    },
    "Seven": {
      "precision": 0.8333333333333334,
      "recall": 0.8333333333333334,
      "f1-score": 0.8333333333333334,
      "support": 6.0
    },
    "Eight": {
      "precision": 1.0,
      "recall": 0.5,
      "f1-score": 0.6666666666666666,
      "support": 6.0
    },
    "Nine": {
      "precision": 0.6666666666666666,
      "recall": 1.0,
      "f1-score": 0.8,
      "support": 6.0
    },
    "Static": {
      "precision": 1.0,
      "recall": 0.8333333333333334,
      "f1-score": 0.9090909090909091,
      "support": 6.0
    },
    "accuracy": 0.803030303030303,
    "macro avg": {
      "precision": 0.8474025974025974,
      "recall": 0.8030303030303031,
      "f1-score": 0.7993695698241153,
      "support": 66.0
    },
    "weighted avg": {
      "precision": 0.8474025974025974,
      "recall": 0.803030303030303,
      "f1-score": 0.7993695698241152,
      "support": 66.0
    }
  },
  "confidence_stats": {
    "mean": 0.8915184140205383,
    "min": 0.47185641527175903,
    "max": 0.9820004105567932,
    "std": 0.12495855242013931
  },
  "error_analysis": {
    "total_errors": 13,
    "error_rate": 0.19696969696969696,
    "low_confidence_predictions": 1
  },
  "training_history": {
    "epochs_trained": 40,
    "final_train_accuracy": 0.9857819676399231,
    "final_val_accuracy": 0.9433962106704712,
    "final_train_loss": 0.07306361198425293,
    "final_val_loss": 0.30239683389663696,
    "best_val_accuracy": 1.0,
    "best_val_accuracy_epoch": 6,
    "train_accuracy_history": [
      0.31753554940223694,
      0.450236976146698,
      0.5592417120933533,
      0.6113743782043457,
      0.6966824531555176,
      0.758293867111206,
      0.8151658773422241,
      0.8578199148178101,
      0.900473952293396,
      0.9099525809288025,
      0.9146919250488281,
      0.928909957408905,
      0.9336493015289307,
      0.9431279897689819,
      0.928909957408905,
      0.9431279897689819,
      0.9620853066444397,
      0.971563994884491,
      0.9620853066444397,
      0.971563994884491,
      0.9526066184043884,
      0.9620853066444397,
      0.9668246507644653,
      0.9478672742843628,
      0.9668246507644653,
      0.9573459625244141,
      0.9526066184043884,
      0.9620853066444397,
      0.9810426831245422,
      0.9857819676399231,
      0.9668246507644653,
      0.9763033390045166,
      0.9810426831245422,
      0.9668246507644653,
      0.971563994884491,
      0.9810426831245422,
      0.971563994884491,
      0.9763033390045166,
      0.971563994884491,
      0.9857819676399231
    ],
    "val_accuracy_history": [
      0.6226415038108826,
      0.698113203048706,
      0.7735849022865295,
      0.7924528121948242,
      0.9245283007621765,
      1.0,
      0.9811320900917053,
      0.9811320900917053,
      0.9622641801834106,
      0.9811320900917053,
      0.9433962106704712,
      0.9622641801834106,
      0.9811320900917053,
      0.9622641801834106,
      0.9811320900917053,
      0.9811320900917053,
      0.9622641801834106,
      0.9622641801834106,
      0.9811320900917053,
      0.9811320900917053,
      0.9622641801834106,
      0.9811320900917053,
      0.9622641801834106,
      0.9811320900917053,
      0.9811320900917053,
      0.9622641801834106,
      0.9433962106704712,
      0.9433962106704712,
      0.9622641801834106,
      0.9622641801834106,
      0.9622641801834106,
      0.9622641801834106,
      0.9433962106704712,
      0.9433962106704712,
      0.9622641801834106,
      0.9433962106704712,
      0.9622641801834106,
      0.9622641801834106,
      0.9433962106704712,
      0.9433962106704712
    ],
    "train_loss_history": [
      2.166503667831421,
      1.8245501518249512,
      1.527023196220398,
      1.3579100370407104,
      1.120413064956665,
      0.9818328022956848,
      0.7849214673042297,
      0.6588533520698547,
      0.5803515315055847,
      0.4852137863636017,
      0.41374796628952026,
      0.36837753653526306,
      0.3428410589694977,
      0.3341909945011139,
      0.3554438650608063,
      0.28954944014549255,
      0.2348177433013916,
      0.21833595633506775,
      0.2031436264514923,
      0.17751504480838776,
      0.22656014561653137,
      0.2384863793849945,
      0.24311447143554688,
      0.2130350023508072,
      0.17969505488872528,
      0.20310473442077637,
      0.2537260353565216,
      0.16226239502429962,
      0.1309737265110016,
      0.13924677670001984,
      0.14118792116641998,
      0.11048444360494614,
      0.11603812128305435,
      0.10856466740369797,
      0.11780602484941483,
      0.10702477395534515,
      0.10776224732398987,
      0.09565500169992447,
      0.10320553183555603,
      0.07306361198425293
    ],