{
  "timestamp": "CNN_LSTM_20250711_183818",
  "test_loss": 0.6354851722717285,
  "test_accuracy": 0.8484848737716675,
  "class_distribution": {
    "true": {
      "3": 6,
      "4": 6,
      "0": 6,
      "10": 6,
      "5": 6,
      "8": 6,
      "9": 6,
      "1": 6,
      "7": 6,
      "6": 6,
      "2": 6
    },
    "predicted": {
      "3": 7,
      "4": 6,
      "0": 6,
      "10": 7,
      "5": 5,
      "8": 7,
      "7": 6,
      "9": 4,
      "6": 6,
      "2": 7,
      "1": 5
    }
  },
  "per_class_accuracy": {
    "Zero": 0.8333333333333334,
    "One": 0.6666666666666666,
    "Two": 0.8333333333333334,
    "Three": 1.0,
    "Four": 1.0,
    "Five": 0.6666666666666666,
    "Six": 1.0,
    "Seven": 0.8333333333333334,
    "Eight": 0.8333333333333334,
    "Nine": 0.6666666666666666,
    "Static": 1.0
  },
  "confusion_matrix": [
    [
      5,
      0,
      0,
      0,
      0,
      1,
      0,
      0,
      0,
      0,
      0
    ],
    [
      0,
      4,
      1,
      0,
      0,
      0,
      0,
      1,
      0,
      0,
      0
    ],
    [
      0,
      0,
      5,
      1,
      0,
      0,
      0,
      0,
      0,
      0,
      0
    ],
    [
      0,
      0,
      0,
      6,
      0,
      0,
      0,
      0,
      0,
      0,
      0
    ],
    [
      0,
      0,
      0,
      0,
      6,
      0,
      0,
      0,
      0,
      0,
      0
    ],
    [
      1,
      0,
      0,
      0,
      0,
      4,
      0,
      0,
      0,
      0,
      1
    ],
    [
      0,
      0,
      0,
      0,
      0,
      0,
      6,
      0,
      0,
      0,
      0
    ],
    [
      0,
      1,
      0,
      0,
      0,
      0,
      0,
      5,
      0,
      0,
      0
    ],
    [
      0,
      0,
      1,
      0,
      0,
      0,
      0,
      0,
      5,
      0,
      0
    ],
    [
      0,
      0,
      0,
      0,
      0,
      0,
      0,
      0,
      2,
      4,
      0
    ],
    [
      0,
      0,
      0,
      0,
      0,
      0,
      0,
      0,
      0,
      0,
      6
    ]
  ],
  "classification_report": {
    "Zero": {
      "precision": 0.8333333333333334,
      "recall": 0.8333333333333334,
      "f1-score": 0.8333333333333334,
      "support": 6.0
    },
    "One": {
      "precision": 0.8,
      "recall": 0.6666666666666666,
      "f1-score": 0.7272727272727273,
      "support": 6.0
    },
    "Two": {
      "precision": 0.7142857142857143,
      "recall": 0.8333333333333334,
      "f1-score": 0.7692307692307693,
      "support": 6.0
    },
    "Three": {
      "precision": 0.8571428571428571,
      "recall": 1.0,
      "f1-score": 0.9230769230769231,
      "support": 6.0
    },
    "Four": {
      "precision": 1.0,
      "recall": 1.0,
      "f1-score": 1.0,
      "support": 6.0
    },
    "Five": {
      "precision": 0.8,
      "recall": 0.6666666666666666,
      "f1-score": 0.7272727272727273,
      "support": 6.0
    },
    "Six": {
      "precision": 1.0,
      "recall": 1.0,
      "f1-score": 1.0,
      "support": 6.0
    },
    "Seven": {
      "precision": 0.8333333333333334,
      "recall": 0.8333333333333334,
      "f1-score": 0.8333333333333334,
      "support": 6.0
    },
    "Eight": {
      "precision": 0.7142857142857143,
      "recall": 0.8333333333333334,
      "f1-score": 0.7692307692307693,
      "support": 6.0
    },
    "Nine": {
      "precision": 1.0,
      "recall": 0.6666666666666666,
      "f1-score": 0.8,
      "support": 6.0
    },
    "Static": {
      "precision": 0.8571428571428571,
      "recall": 1.0,
      "f1-score": 0.9230769230769231,
      "support": 6.0
    },
    "accuracy": 0.8484848484848485,
    "macro avg": {
      "precision": 0.8554112554112556,
      "recall": 0.8484848484848485,
      "f1-score": 0.8459843187115915,
      "support": 66.0
    },
    "weighted avg": {
      "precision": 0.8554112554112554,
      "recall": 0.8484848484848485,
      "f1-score": 0.8459843187115914,
      "support": 66.0
    }
  },
  "confidence_stats": {
    "mean": 0.9043485522270203,
    "min": 0.2657301127910614,
    "max": 0.9950369000434875,
    "std": 0.17103266716003418
  },
  "error_analysis": {
    "total_errors": 10,
    "error_rate": 0.15151515151515152,
    "low_confidence_predictions": 2
  },
  "training_history": {
    "epochs_trained": 41,
    "final_train_accuracy": 0.9905213117599487,
    "final_val_accuracy": 0.8679245114326477,
    "final_train_loss": 0.07649403065443039,
    "final_val_loss": 0.3341785967350006,
    "best_val_accuracy": 0.9622641801834106,
    "best_val_accuracy_epoch": 16,
    "train_accuracy_history": [
      0.27962085604667664,
      0.5023696422576904,
      0.6540284156799316,
      0.7772511839866638,
      0.7914692163467407,
      0.8767772316932678,
      0.8578199148178101,
      0.8957346081733704,
      0.8815165758132935,
      0.8909952640533447,
      0.9241706132888794,
      0.9431279897689819,
      0.9668246507644653,
      0.928909957408905,
      0.9383886456489563,
      0.9668246507644653,
      0.9431279897689819,
      0.928909957408905,
      0.9194312691688538,
      0.9478672742843628,
      0.9478672742843628,
      0.9431279897689819,
      0.971563994884491,
      0.9810426831245422,
      0.9763033390045166,
      0.9857819676399231,
      0.9810426831245422,
      0.971563994884491,
      0.9383886456489563,
      0.9241706132888794,
      0.900473952293396,
      0.9383886456489563,
      0.9383886456489563,
      0.9573459625244141,
      0.9336493015289307,
      0.9431279897689819,
      0.9763033390045166,
      0.9763033390045166,
      0.9952606558799744,
      0.9905213117599487,
      0.9905213117599487
    ],
    "val_accuracy_history": [
      0.7169811129570007,
      0.8301886916160583,
      0.8301886916160583,
      0.9245283007621765,
      0.9056603908538818,
      0.9245283007621765,
      0.9433962106704712,
      0.8679245114326477,
      0.8679245114326477,
      0.9433962106704712,
      0.9056603908538818,
      0.9056603908538818,
      0.9056603908538818,
      0.9245283007621765,
      0.9245283007621765,
      0.9622641801834106,
      0.9056603908538818,
      0.9245283007621765,
      0.8679245114326477,
      0.9245283007621765,
      0.9245283007621765,
      0.9622641801834106,
      0.9433962106704712,
      0.9433962106704712,
      0.9622641801834106,
      0.9622641801834106,
      0.9622641801834106,
      0.8867924809455872,
      0.8867924809455872,
      0.8867924809455872,
      0.8867924809455872,
      0.9056603908538818,
      0.8679245114326477,
      0.9245283007621765,
      0.849056601524353,
      0.9245283007621765,
      0.8867924809455872,
      0.8867924809455872,
      0.9056603908538818,
      0.9056603908538818,
      0.8679245114326477
    ],
    "train_loss_history": [
      2.0386035442352295,
      1.5760395526885986,
      1.234777569770813,
      1.0005464553833008,
      0.8484840393066406,
      0.6504503488540649,
      0.581093966960907,
      0.49089038372039795,
      0.5016562938690186,
      0.446603000164032,
      0.37204790115356445,
      0.31676003336906433,
      0.22491155564785004,
      0.2641928195953369,
      0.24983437359333038,
      0.19192637503147125,
      0.22571024298667908,
      0.2128140777349472,
      0.29087644815444946,
      0.19502988457679749,
      0.20606178045272827,
      0.17599187791347504,
      0.15099883079528809,
      0.11271797865629196,
      0.1442863643169403,
      0.08758930116891861,
      0.09205085039138794,
      0.13490761816501617,
      0.2543967664241791,
      0.3295907974243164,
      0.38134005665779114,
      0.22891300916671753,
      0.23679086565971375,
      0.18852394819259644,
      0.2585732936859131,
      0.19205749034881592,
      0.10419592261314392,
      0.12695573270320892,
      0.07730179280042648,
      0.06858782470226288,
      0.07649403065443039
    ],