{
  "timestamp": "CNN_LSTM_20250708_201227",
  "test_loss": 0.2712540030479431,
  "test_accuracy": 0.8636363744735718,
  "class_distribution": {
    "true": {
      "10": 2,
      "2": 2,
      "1": 2,
      "5": 2,
      "7": 2,
      "9": 2,
      "6": 2,
      "4": 2,
      "3": 2,
      "8": 2,
      "0": 2
    },
    "predicted": {
      "10": 2,
      "2": 2,
      "1": 2,
      "5": 3,
      "7": 2,
      "9": 4,
      "6": 2,
      "4": 2,
      "3": 1,
      "0": 2
    }
  },
  "per_class_accuracy": {
    "Zero": 1.0,
    "One": 1.0,
    "Two": 1.0,
    "Three": 0.5,
    "Four": 1.0,
    "Five": 1.0,
    "Six": 1.0,
    "Seven": 1.0,
    "Eight": 0.0,
    "Nine": 1.0,
    "Static": 1.0
  },
  "confusion_matrix": [
    [
      2,
      0,
      0,
      0,
      0,
      0,
      0,
      0,
      0,
      0,
      0
    ],
    [
      0,
      2,
      0,
      0,
      0,
      0,
      0,
      0,
      0,
      0,
      0
    ],
    [
      0,
      0,
      2,
      0,
      0,
      0,
      0,
      0,
      0,
      0,
      0
    ],
    [
      0,
      0,
      0,
      1,
      0,
      1,
      0,
      0,
      0,
      0,
      0
    ],
    [
      0,
      0,
      0,
      0,
      2,
      0,
      0,
      0,
      0,
      0,
      0
    ],
    [
      0,
      0,
      0,
      0,
      0,
      2,
      0,
      0,
      0,
      0,
      0
    ],
    [
      0,
      0,
      0,
      0,
      0,
      0,
      2,
      0,
      0,
      0,
      0
    ],
    [
      0,
      0,
      0,
      0,
      0,
      0,
      0,
      2,
      0,
      0,
      0
    ],
    [
      0,
      0,
      0,
      0,
      0,
      0,
      0,
      0,
      0,
      2,
      0
    ],
    [
      0,
      0,
      0,
      0,
      0,
      0,
      0,
      0,
      0,
      2,
      0
    ],
    [
      0,
      0,
      0,
      0,
      0,
      0,
      0,
      0,
      0,
      0,
      2
    ]
  ],
  "classification_report": {
    "Zero": {
      "precision": 1.0,
      "recall": 1.0,
      "f1-score": 1.0,
      "support": 2.0
    },
    "One": {
      "precision": 1.0,
      "recall": 1.0,
      "f1-score": 1.0,
      "support": 2.0
    },
    "Two": {
      "precision": 1.0,
      "recall": 1.0,
      "f1-score": 1.0,
      "support": 2.0
    },
    "Three": {
      "precision": 1.0,
      "recall": 0.5,
      "f1-score": 0.6666666666666666,
      "support": 2.0
    },
    "Four": {
      "precision": 1.0,
      "recall": 1.0,
      "f1-score": 1.0,
      "support": 2.0
    },
    "Five": {
      "precision": 0.6666666666666666,
      "recall": 1.0,
      "f1-score": 0.8,
      "support": 2.0
    },
    "Six": {
      "precision": 1.0,
      "recall": 1.0,
      "f1-score": 1.0,
      "support": 2.0
    },
    "Seven": {
      "precision": 1.0,
      "recall": 1.0,
      "f1-score": 1.0,
      "support": 2.0
    },
    "Eight": {
      "precision": 0.0,
      "recall": 0.0,
      "f1-score": 0.0,
      "support": 2.0
    },
    "Nine": {
      "precision": 0.5,
      "recall": 1.0,
      "f1-score": 0.6666666666666666,
      "support": 2.0
    },
    "Static": {
      "precision": 1.0,
      "recall": 1.0,
      "f1-score": 1.0,
      "support": 2.0
    },
    "accuracy": 0.8636363636363636,
    "macro avg": {
      "precision": 0.8333333333333333,
      "recall": 0.8636363636363636,
      "f1-score": 0.8303030303030302,
      "support": 22.0
    },
    "weighted avg": {
      "precision": 0.8333333333333333,
      "recall": 0.8636363636363636,
      "f1-score": 0.8303030303030302,
      "support": 22.0
    }
  },
  "confidence_stats": {
    "mean": 0.8681963086128235,
    "min": 0.37492358684539795,
    "max": 0.9859287142753601,
    "std": 0.14894087612628937
  },
  "error_analysis": {
    "total_errors": 3,
    "error_rate": 0.13636363636363635,
    "low_confidence_predictions": 1
  },
  "training_history": {
    "epochs_trained": 39,
    "final_train_accuracy": 1.0,
    "final_val_accuracy": 0.7777777910232544,
    "final_train_loss": 0.01573515124619007,
    "final_val_loss": 0.535649836063385,
    "best_val_accuracy": 1.0,
    "best_val_accuracy_epoch": 13,
    "train_accuracy_history": [
      0.22857142984867096,
      0.7714285850524902,
      0.699999988079071,
      0.6428571343421936,
      0.7142857313156128,
      0.7571428418159485,
      0.8428571224212646,
      0.8285714387893677,
      0.8571428656578064,
      0.8714285492897034,
      0.8428571224212646,
      0.8857142925262451,
      0.9285714030265808,
      0.9142857193946838,
      0.9428571462631226,
      0.8999999761581421,
      0.9285714030265808,
      0.8999999761581421,
      0.9285714030265808,
      0.8999999761581421,
      0.9571428298950195,
      0.9428571462631226,
      0.9571428298950195,
      1.0,
      0.9857142567634583,
      1.0,
      0.9857142567634583,
      0.9714285731315613,
      0.9714285731315613,
      0.9571428298950195,
      0.9714285731315613,
      0.9285714030265808,
      0.9571428298950195,
      1.0,
      1.0,
      0.9857142567634583,
      1.0,
      0.9857142567634583,
      1.0
    ],
    "val_accuracy_history": [
      0.7222222089767456,
      0.5,
      0.5555555820465088,
      0.7222222089767456,
      0.7777777910232544,
      0.8888888955116272,
      0.8333333134651184,
      0.7777777910232544,
      0.9444444179534912,
      0.8888888955116272,
      0.8888888955116272,
      0.9444444179534912,
      1.0,
      1.0,
      0.8333333134651184,
      0.8888888955116272,
      0.8888888955116272,
      0.9444444179534912,
      1.0,
      1.0,
      0.9444444179534912,
      0.8888888955116272,
      0.8888888955116272,
      0.8888888955116272,
      0.8888888955116272,
      0.8333333134651184,
      0.8888888955116272,
      0.8888888955116272,
      0.8888888955116272,
      0.8888888955116272,
      0.7777777910232544,
      0.8333333134651184,
      0.7777777910232544,
      0.8333333134651184,
      0.8888888955116272,
      0.8888888955116272,
      0.8333333134651184,
      0.7777777910232544,
      0.7777777910232544
    ],
    "train_loss_history": [
      2.3700592517852783,
      1.8648282289505005,
      1.5604941844940186,
      1.2883715629577637,
      1.0856244564056396,
      0.9282017350196838,
      0.7849448323249817,
      0.6932521462440491,
      0.5760186910629272,
      0.5369030833244324,
      0.5037501454353333,
      0.41655808687210083,
      0.3636159300804138,
      0.3276048004627228,
      0.2695828974246979,
      0.35387107729911804,
      0.26424887776374817,
      0.28798767924308777,
      0.2253117710351944,
      0.24369703233242035,
      0.1607266366481781,
      0.17311345040798187,
      0.13088810443878174,
      0.0886555090546608,
      0.11216748505830765,
      0.05948834493756294,
      0.056738924235105515,
      0.09694397449493408,
      0.056616704910993576,
      0.08603835105895996,
      0.08077264577150345,
      0.15031461417675018,
      0.10130809247493744,
      0.03938392549753189,
      0.03659491240978241,
      0.040865134447813034,
      0.017845721915364265,
      0.02914014831185341,
      0.01573515124619007
    ],