{
  "timestamp": "CNN_LSTM_20250721_173924",
  "test_loss": 0.5245895981788635,
  "test_accuracy": 0.8454545736312866,
  "class_distribution": {
    "true": {
      "10": 10,
      "5": 10,
      "2": 10,
      "9": 10,
      "3": 10,
      "8": 10,
      "1": 10,
      "4": 10,
      "6": 10,
      "7": 10,
      "0": 10
    },
    "predicted": {
      "10": 10,
      "5": 9,
      "2": 11,
      "4": 11,
      "3": 11,
      "8": 11,
      "1": 10,
      "6": 9,
      "7": 9,
      "9": 7,
      "0": 12
    }
  },
  "per_class_accuracy": {
    "Zero": 0.7,
    "One": 0.8,
    "Two": 0.9,
    "Three": 0.9,
    "Four": 1.0,
    "Five": 0.8,
    "Six": 0.7,
    "Seven": 0.8,
    "Eight": 1.0,
    "Nine": 0.7,
    "Static": 1.0
  },
  "confusion_matrix": [
    [
      7,
      0,
      0,
      0,
      0,
      1,
      2,
      0,
      0,
      0,
      0
    ],
    [
      0,
      8,
      1,
      0,
      0,
      0,
      0,
      1,
      0,
      0,
      0
    ],
    [
      0,
      0,
      9,
      0,
      0,
      0,
      0,
      0,
      1,
      0,
      0
    ],
    [
      0,
      0,
      1,
      9,
      0,
      0,
      0,
      0,
      0,
      0,
      0
    ],
    [
      0,
      0,
      0,
      0,
      10,
      0,
      0,
      0,
      0,
      0,
      0
    ],
    [
      2,
      0,
      0,
      0,
      0,
      8,
      0,
      0,
      0,
      0,
      0
    ],
    [
      3,
      0,
      0,
      0,
      0,
      0,
      7,
      0,
      0,
      0,
      0
    ],
    [
      0,
      2,
      0,
      0,
      0,
      0,
      0,
      8,
      0,
      0,
      0
    ],
    [
      0,
      0,
      0,
      0,
      0,
      0,
      0,
      0,
      10,
      0,
      0
    ],
    [
      0,
      0,
      0,
      2,
      1,
      0,
      0,
      0,
      0,
      7,
      0
    ],
    [
      0,
      0,
      0,
      0,
      0,
      0,
      0,
      0,
      0,
      0,
      10
    ]
  ],
  "classification_report": {
    "Zero": {
      "precision": 0.5833333333333334,
      "recall": 0.7,
      "f1-score": 0.6363636363636365,
      "support": 10.0
    },
    "One": {
      "precision": 0.8,
      "recall": 0.8,
      "f1-score": 0.8000000000000002,
      "support": 10.0
    },
    "Two": {
      "precision": 0.8181818181818182,
      "recall": 0.9,
      "f1-score": 0.8571428571428572,
      "support": 10.0
    },
    "Three": {
      "precision": 0.8181818181818182,
      "recall": 0.9,
      "f1-score": 0.8571428571428572,
      "support": 10.0
    },
    "Four": {
      "precision": 0.9090909090909091,
      "recall": 1.0,
      "f1-score": 0.9523809523809523,
      "support": 10.0
    },
    "Five": {
      "precision": 0.8888888888888888,
      "recall": 0.8,
      "f1-score": 0.8421052631578948,
      "support": 10.0
    },
    "Six": {
      "precision": 0.7777777777777778,
      "recall": 0.7,
      "f1-score": 0.7368421052631577,
      "support": 10.0
    },
    "Seven": {
      "precision": 0.8888888888888888,
      "recall": 0.8,
      "f1-score": 0.8421052631578948,
      "support": 10.0
    },
    "Eight": {
      "precision": 0.9090909090909091,
      "recall": 1.0,
      "f1-score": 0.9523809523809523,
      "support": 10.0
    },
    "Nine": {
      "precision": 1.0,
      "recall": 0.7,
      "f1-score": 0.8235294117647058,
      "support": 10.0
    },
    "Static": {
      "precision": 1.0,
      "recall": 1.0,
      "f1-score": 1.0,
      "support": 10.0
    },
    "accuracy": 0.8454545454545455,
    "macro avg": {
      "precision": 0.8539485766758493,
      "recall": 0.8454545454545453,
      "f1-score": 0.8454539362504463,
      "support": 110.0
    },
    "weighted avg": {
      "precision": 0.8539485766758496,
      "recall": 0.8454545454545455,
      "f1-score": 0.8454539362504463,
      "support": 110.0
    }
  },
  "confidence_stats": {
    "mean": 0.8003564476966858,
    "min": 0.4445900022983551,
    "max": 0.9916403293609619,
    "std": 0.17532995343208313
  },
  "error_analysis": {
    "total_errors": 17,
    "error_rate": 0.15454545454545454,
    "low_confidence_predictions": 6
  },
  "training_history": {
    "epochs_trained": 24,
    "final_train_accuracy": 0.8778409361839294,
    "final_val_accuracy": 0.8522727489471436,
    "final_train_loss": 0.2915149927139282,
    "final_val_loss": 0.4904008209705353,
    "best_val_accuracy": 0.9090909361839294,
    "best_val_accuracy_epoch": 12,
    "train_accuracy_history": [
      0.25284090638160706,
      0.5,
      0.6392045617103577,
      0.7073863744735718,
      0.6732954382896423,
      0.7272727489471436,
      0.7528409361839294,
      0.8295454382896423,
      0.8153409361839294,
      0.8238636255264282,
      0.8778409361839294,
      0.8465909361839294,
      0.8721590638160706,
      0.8863636255264282,
      0.8721590638160706,
      0.8721590638160706,
      0.8522727489471436,
      0.8465909361839294,
      0.8892045617103577,
      0.8721590638160706,
      0.8920454382896423,
      0.8892045617103577,
      0.8977272510528564,
      0.8778409361839294
    ],
    "val_accuracy_history": [
      0.3863636255264282,
      0.6022727489471436,
      0.7045454382896423,
      0.6818181872367859,
      0.7840909361839294,
      0.7272727489471436,
      0.8181818127632141,
      0.8181818127632141,
      0.875,
      0.8181818127632141,
      0.8522727489471436,
      0.9090909361839294,
      0.8522727489471436,
      0.8181818127632141,
      0.8409090638160706,
      0.7840909361839294,
      0.8295454382896423,
      0.8068181872367859,
      0.8409090638160706,
      0.875,
      0.8181818127632141,
      0.8636363744735718,
      0.8295454382896423,
      0.8522727489471436
    ],
    "train_loss_history": [
      2.1309854984283447,
      1.3649961948394775,
      0.9364557862281799,
      0.7280059456825256,
      0.7339953780174255,
      0.6557385921478271,
      0.6033185124397278,
      0.4860702455043793,
      0.45672252774238586,
      0.3998185992240906,
      0.34925058484077454,
      0.3517828583717346,
      0.31878897547721863,
      0.31996944546699524,
      0.32962530851364136,
      0.39206039905548096,
      0.4061003625392914,
      0.3511251211166382,
      0.3201135993003845,
      0.31342464685440063,
      0.2846681475639343,
      0.2691493034362793,
      0.26694831252098083,
      0.2915149927139282
    ],
    "val_loss_history": [
      1.5980526208877563,
      1.0066733360290527,
      0.7684545516967773,
      0.7250094413757324,
      0.6266422271728516,
      0.6811063289642334,
      0.5830191373825073,
      0.49712303280830383,
      0.42010870575904846,
      0.5261510014533997,
      0.5427212715148926,
      0.4203341603279114,
      0.456209272146225,
      0.49021804332733154,
      0.4774470031261444,
      0.7028005123138428,
      0.48325279355049133,
      0.6191315054893494,
      0.46489179134368896,
      0.4229845106601715,
      0.43404853343963623,
      0.4412493407726288,
      0.5729978084564209,
      0.4904008209705353
    ]
  }
}