{
  "timestamp": "CNN_LSTM_20250717_230625",
  "test_loss": 0.8613716959953308,
  "test_accuracy": 0.8030303120613098,
  "class_distribution": {
    "true": {
      "3": 6,
      "4": 6,
      "0": 6,
      "10": 6,
      "5": 6,
      "8": 6,
      "9": 6,
      "1": 6,
      "7": 6,
      "6": 6,
      "2": 6
    },
    "predicted": {
      "3": 7,
      "4": 7,
      "0": 7,
      "10": 3,
      "5": 8,
      "8": 2,
      "9": 8,
      "7": 8,
      "6": 6,
      "2": 5,
      "1": 5
    }
  },
  "per_class_accuracy": {
    "Zero": 0.8333333333333334,
    "One": 0.6666666666666666,
    "Two": 0.8333333333333334,
    "Three": 1.0,
    "Four": 1.0,
    "Five": 0.8333333333333334,
    "Six": 1.0,
    "Seven": 0.8333333333333334,
    "Eight": 0.3333333333333333,
    "Nine": 1.0,
    "Static": 0.5
  },
  "confusion_matrix": [
    [
      5,
      0,
      0,
      0,
      0,
      1,
      0,
      0,
      0,
      0,
      0
    ],
    [
      1,
      4,
      0,
      0,
      0,
      0,
      0,
      1,
      0,
      0,
      0
    ],
    [
      0,
      0,
      5,
      1,
      0,
      0,
      0,
      0,
      0,
      0,
      0
    ],
    [
      0,
      0,
      0,
      6,
      0,
      0,
      0,
      0,
      0,
      0,
      0
    ],
    [
      0,
      0,
      0,
      0,
      6,
      0,
      0,
      0,
      0,
      0,
      0
    ],
    [
      1,
      0,
      0,
      0,
      0,
      5,
      0,
      0,
      0,
      0,
      0
    ],
    [
      0,
      0,
      0,
      0,
      0,
      0,
      6,
      0,
      0,
      0,
      0
    ],
    [
      0,
      1,
      0,
      0,
      0,
      0,
      0,
      5,
      0,
      0,
      0
    ],
    [
      0,
      0,
      0,
      0,
      0,
      0,
      0,
      2,
      2,
      2,
      0
    ],
    [
      0,
      0,
      0,
      0,
      0,
      0,
      0,
      0,
      0,
      6,
      0
    ],
    [
      0,
      0,
      0,
      0,
      1,
      2,
      0,
      0,
      0,
      0,
      3
    ]
  ],
  "classification_report": {
    "Zero": {
      "precision": 0.7142857142857143,
      "recall": 0.8333333333333334,
      "f1-score": 0.7692307692307692,
      "support": 6.0
    },
    "One": {
      "precision": 0.8,
      "recall": 0.6666666666666666,
      "f1-score": 0.7272727272727272,
      "support": 6.0
    },
    "Two": {
      "precision": 1.0,
      "recall": 0.8333333333333334,
      "f1-score": 0.9090909090909091,
      "support": 6.0
    },
    "Three": {
      "precision": 0.8571428571428571,
      "recall": 1.0,
      "f1-score": 0.923076923076923,
      "support": 6.0
    },
    "Four": {
      "precision": 0.8571428571428571,
      "recall": 1.0,
      "f1-score": 0.923076923076923,
      "support": 6.0
    },
    "Five": {
      "precision": 0.625,
      "recall": 0.8333333333333334,
      "f1-score": 0.7142857142857143,
      "support": 6.0
    },
    "Six": {
      "precision": 1.0,
      "recall": 1.0,
      "f1-score": 1.0,
      "support": 6.0
    },
    "Seven": {
      "precision": 0.625,
      "recall": 0.8333333333333334,
      "f1-score": 0.7142857142857143,
      "support": 6.0
    },
    "Eight": {
      "precision": 1.0,
      "recall": 0.3333333333333333,
      "f1-score": 0.5,
      "support": 6.0
    },
    "Nine": {
      "precision": 0.75,
      "recall": 1.0,
      "f1-score": 0.8571428571428571,
      "support": 6.0
    },
    "Static": {
      "precision": 1.0,
      "recall": 0.5,
      "f1-score": 0.6666666666666666,
      "support": 6.0
    },
    "accuracy": 0.803030303030303,
    "macro avg": {
      "precision": 0.8389610389610389,
      "recall": 0.8030303030303029,
      "f1-score": 0.7912844731026549,
      "support": 66.0
    },
    "weighted avg": {
      "precision": 0.8389610389610389,
      "recall": 0.803030303030303,
      "f1-score": 0.7912844731026549,
      "support": 66.0
    }
  },
  "confidence_stats": {
    "mean": 0.9493442177772522,
    "min": 0.4973579943180084,
    "max": 0.9984838962554932,
    "std": 0.10369504243135452
  },
  "error_analysis": {
    "total_errors": 13,
    "error_rate": 0.19696969696969696,
    "low_confidence_predictions": 1
  },
  "training_history": {
    "epochs_trained": 54,
    "final_train_accuracy": 0.9952606558799744,
    "final_val_accuracy": 0.9622641801834106,
    "final_train_loss": 0.019906191155314445,
    "final_val_loss": 0.11859235167503357,
    "best_val_accuracy": 0.9811320900917053,
    "best_val_accuracy_epoch": 11,
    "train_accuracy_history": [
      0.3838862478733063,
      0.6255924105644226,
      0.7345971465110779,
      0.8436018824577332,
      0.8720378875732422,
      0.9099525809288025,
      0.9526066184043884,
      0.9668246507644653,
      0.9526066184043884,
      0.9620853066444397,
      0.9668246507644653,
      0.971563994884491,
      0.9763033390045166,
      0.9810426831245422,
      0.9857819676399231,
      0.9905213117599487,
      0.9905213117599487,
      0.9905213117599487,
      0.9905213117599487,
      0.9905213117599487,
      0.9905213117599487,
      0.9905213117599487,
      0.9905213117599487,
      0.9905213117599487,
      0.9905213117599487,
      0.9905213117599487,
      0.9905213117599487,
      0.9905213117599487,
      0.9905213117599487,
      0.9905213117599487,
      0.9952606558799744,
      0.9952606558799744,
      0.9952606558799744,
      0.9952606558799744,
      0.9952606558799744,
      0.9952606558799744,
      0.9952606558799744,
      0.9952606558799744,
      0.9905213117599487,
      0.9952606558799744,
      0.9905213117599487,
      0.9905213117599487,
      0.9952606558799744,
      0.9952606558799744,
      0.9905213117599487,
      0.9952606558799744,
      0.9952606558799744,
      0.9952606558799744,
      0.9952606558799744,
      0.9952606558799744,
      0.9952606558799744,
      0.9952606558799744,
      0.9952606558799744,
      0.9952606558799744
    ],
    "val_accuracy_history": [
      0.6037735939025879,
      0.6415094137191772,
      0.8867924809455872,
      0.8867924809455872,
      0.9056603908538818,
      0.9245283007621765,
      0.9245283007621765,
      0.9245283007621765,
      0.9622641801834106,
      0.9433962106704712,
      0.9811320900917053,
      0.9622641801834106,
      0.9245283007621765,
      0.9433962106704712,
      0.9245283007621765,
      0.9433962106704712,
      0.9433962106704712,
      0.9433962106704712,
      0.9433962106704712,
      0.9433962106704712,
      0.9433962106704712,
      0.9433962106704712,
      0.9433962106704712,
      0.9433962106704712,
      0.9433962106704712,
      0.9622641801834106,
      0.9622641801834106,
      0.9622641801834106,
      0.9622641801834106,
      0.9622641801834106,
      0.9622641801834106,
      0.9622641801834106,
      0.9622641801834106,
      0.9622641801834106,
      0.9622641801834106,
      0.9622641801834106,
      0.9622641801834106,
      0.9622641801834106,
      0.9622641801834106,
      0.9622641801834106,
      0.9622641801834106,
      0.9622641801834106,
      0.9622641801834106,
      0.9622641801834106,
      0.9622641801834106,
      0.9622641801834106,
      0.9622641801834106,
      0.9622641801834106,
      0.9622641801834106,
      0.9622641801834106,
      0.9622641801834106,
      0.9622641801834106,
      0.9622641801834106,
      0.9622641801834106
    ],