{
  "timestamp": "CNN_LSTM_20250722_032538",
  "test_loss": 0.40021559596061707,
  "test_accuracy": 0.9090909361839294,
  "class_distribution": {
    "true": {
      "10": 10,
      "5": 10,
      "2": 10,
      "9": 10,
      "3": 10,
      "8": 10,
      "1": 10,
      "4": 10,
      "6": 10,
      "7": 10,
      "0": 10
    },
    "predicted": {
      "10": 10,
      "5": 11,
      "2": 11,
      "4": 13,
      "3": 9,
      "8": 10,
      "1": 10,
      "6": 8,
      "7": 10,
      "9": 7,
      "0": 11
    }
  },
  "per_class_accuracy": {
    "Zero": 0.9,
    "One": 0.9,
    "Two": 1.0,
    "Three": 0.8,
    "Four": 1.0,
    "Five": 1.0,
    "Six": 0.8,
    "Seven": 0.9,
    "Eight": 1.0,
    "Nine": 0.7,
    "Static": 1.0
  },
  "confusion_matrix": [
    [
      9,
      0,
      0,
      0,
      0,
      1,
      0,
      0,
      0,
      0,
      0
    ],
    [
      0,
      9,
      0,
      0,
      0,
      0,
      0,
      1,
      0,
      0,
      0
    ],
    [
      0,
      0,
      10,
      0,
      0,
      0,
      0,
      0,
      0,
      0,
      0
    ],
    [
      0,
      0,
      1,
      8,
      1,
      0,
      0,
      0,
      0,
      0,
      0
    ],
    [
      0,
      0,
      0,
      0,
      10,
      0,
      0,
      0,
      0,
      0,
      0
    ],
    [
      0,
      0,
      0,
      0,
      0,
      10,
      0,
      0,
      0,
      0,
      0
    ],
    [
      2,
      0,
      0,
      0,
      0,
      0,
      8,
      0,
      0,
      0,
      0
    ],
    [
      0,
      1,
      0,
      0,
      0,
      0,
      0,
      9,
      0,
      0,
      0
    ],
    [
      0,
      0,
      0,
      0,
      0,
      0,
      0,
      0,
      10,
      0,
      0
    ],
    [
      0,
      0,
      0,
      1,
      2,
      0,
      0,
      0,
      0,
      7,
      0
    ],
    [
      0,
      0,
      0,
      0,
      0,
      0,
      0,
      0,
      0,
      0,
      10
    ]
  ],
  "classification_report": {
    "Zero": {
      "precision": 0.8181818181818182,
      "recall": 0.9,
      "f1-score": 0.8571428571428572,
      "support": 10.0
    },
    "One": {
      "precision": 0.9,
      "recall": 0.9,
      "f1-score": 0.9,
      "support": 10.0
    },
    "Two": {
      "precision": 0.9090909090909091,
      "recall": 1.0,
      "f1-score": 0.9523809523809523,
      "support": 10.0
    },
    "Three": {
      "precision": 0.8888888888888888,
      "recall": 0.8,
      "f1-score": 0.8421052631578948,
      "support": 10.0
    },
    "Four": {
      "precision": 0.7692307692307693,
      "recall": 1.0,
      "f1-score": 0.8695652173913044,
      "support": 10.0
    },
    "Five": {
      "precision": 0.9090909090909091,
      "recall": 1.0,
      "f1-score": 0.9523809523809523,
      "support": 10.0
    },
    "Six": {
      "precision": 1.0,
      "recall": 0.8,
      "f1-score": 0.888888888888889,
      "support": 10.0
    },
    "Seven": {
      "precision": 0.9,
      "recall": 0.9,
      "f1-score": 0.9,
      "support": 10.0
    },
    "Eight": {
      "precision": 1.0,
      "recall": 1.0,
      "f1-score": 1.0,
      "support": 10.0
    },
    "Nine": {
      "precision": 1.0,
      "recall": 0.7,
      "f1-score": 0.8235294117647058,
      "support": 10.0
    },
    "Static": {
      "precision": 1.0,
      "recall": 1.0,
      "f1-score": 1.0,
      "support": 10.0
    },
    "accuracy": 0.9090909090909091,
    "macro avg": {
      "precision": 0.9176802994984814,
      "recall": 0.9090909090909091,
      "f1-score": 0.9078175948279598,
      "support": 110.0
    },
    "weighted avg": {
      "precision": 0.9176802994984813,
      "recall": 0.9090909090909091,
      "f1-score": 0.9078175948279597,
      "support": 110.0
    }
  },
  "confidence_stats": {
    "mean": 0.9540587663650513,
    "min": 0.38264816999435425,
    "max": 0.9980033040046692,
    "std": 0.08814989030361176
  },
  "error_analysis": {
    "total_errors": 10,
    "error_rate": 0.09090909090909091,
    "low_confidence_predictions": 2
  },
  "training_history": {
    "epochs_trained": 39,
    "final_train_accuracy": 0.9715909361839294,
    "final_val_accuracy": 0.9090909361839294,
    "final_train_loss": 0.09514150023460388,
    "final_val_loss": 0.355927973985672,
    "best_val_accuracy": 0.9431818127632141,
    "best_val_accuracy_epoch": 35,
    "train_accuracy_history": [
      0.3125,
      0.5710227489471436,
      0.6647727489471436,
      0.7414772510528564,
      0.7982954382896423,
      0.8096590638160706,
      0.8181818127632141,
      0.8892045617103577,
      0.9119318127632141,
      0.9204545617103577,
      0.8693181872367859,
      0.9034090638160706,
      0.9147727489471436,
      0.9034090638160706,
      0.9090909361839294,
      0.9232954382896423,
      0.9289772510528564,
      0.9431818127632141,
      0.9318181872367859,
      0.9375,
      0.9431818127632141,
      0.9517045617103577,
      0.9573863744735718,
      0.96875,
      0.9545454382896423,
      0.9602272510528564,
      0.96875,
      0.9630681872367859,
      0.96875,
      0.9517045617103577,
      0.9630681872367859,
      0.9715909361839294,
      0.9659090638160706,
      0.9573863744735718,
      0.9545454382896423,
      0.96875,
      0.9744318127632141,
      0.9630681872367859,
      0.9715909361839294
    ],
    "val_accuracy_history": [
      0.5681818127632141,
      0.7045454382896423,
      0.7386363744735718,
      0.8181818127632141,
      0.7954545617103577,
      0.8409090638160706,
      0.7954545617103577,
      0.8977272510528564,
      0.8863636255264282,
      0.8863636255264282,
      0.8863636255264282,
      0.8863636255264282,
      0.8295454382896423,
      0.9090909361839294,
      0.8977272510528564,
      0.8863636255264282,
      0.9090909361839294,
      0.9090909361839294,
      0.875,
      0.8977272510528564,
      0.8977272510528564,
      0.9318181872367859,
      0.9318181872367859,
      0.9318181872367859,
      0.8863636255264282,
      0.9204545617103577,
      0.9090909361839294,
      0.9090909361839294,
      0.9204545617103577,
      0.8977272510528564,
      0.9090909361839294,
      0.9090909361839294,
      0.9204545617103577,
      0.9204545617103577,
      0.9431818127632141,
      0.9318181872367859,
      0.8977272510528564,
      0.9090909361839294,
      0.9090909361839294
    ],
    "train_loss_history": [
      1.9403358697891235,
      1.3670268058776855,
      1.0010313987731934,
      0.7848009467124939,
      0.6194221377372742,
      0.5502851009368896,
      0.5371325016021729,
      0.4154447317123413,
      0.3356206715106964,
      0.2920054793357849,
      0.3531629741191864,
      0.3040359616279602,
      0.3014983832836151,
      0.2527522146701813,
      0.22859224677085876,
      0.26794958114624023,
      0.26111555099487305,
      0.19755305349826813,
      0.1974676251411438,
      0.1945696473121643,
      0.19027237594127655,
      0.15554922819137573,
      0.13069084286689758,
      0.11295700073242188,
      0.1376531571149826,
      0.12605255842208862,
      0.10365701466798782,
      0.12901268899440765,
      0.10890743136405945,
      0.12660567462444305,
      0.11463984847068787,
      0.09850017726421356,
      0.11718759685754776,
      0.15508128702640533,
      0.1591154932975769,
      0.13300658762454987,
      0.09340906888246536,
      0.11571688205003738,
      0.09514150023460388
    ],