{
  "timestamp": "CNN_LSTM_20250723_124312",
  "test_loss": 0.2574341595172882,
  "test_accuracy": 0.9545454382896423,
  "class_distribution": {
    "true": {
      "10": 10,
      "5": 10,
      "2": 10,
      "9": 10,
      "3": 10,
      "8": 10,
      "1": 10,
      "4": 10,
      "6": 10,
      "7": 10,
      "0": 10
    },
    "predicted": {
      "10": 10,
      "5": 10,
      "2": 9,
      "9": 10,
      "3": 12,
      "8": 10,
      "1": 10,
      "4": 10,
      "6": 9,
      "7": 9,
      "0": 11
    }
  },
  "per_class_accuracy": {
    "Zero": 1.0,
    "One": 0.9,
    "Two": 0.8,
    "Three": 1.0,
    "Four": 1.0,
    "Five": 1.0,
    "Six": 0.9,
    "Seven": 0.9,
    "Eight": 1.0,
    "Nine": 1.0,
    "Static": 1.0
  },
  "confusion_matrix": [
    [
      10,
      0,
      0,
      0,
      0,
      0,
      0,
      0,
      0,
      0,
      0
    ],
    [
      0,
      9,
      1,
      0,
      0,
      0,
      0,
      0,
      0,
      0,
      0
    ],
    [
      0,
      0,
      8,
      2,
      0,
      0,
      0,
      0,
      0,
      0,
      0
    ],
    [
      0,
      0,
      0,
      10,
      0,
      0,
      0,
      0,
      0,
      0,
      0
    ],
    [
      0,
      0,
      0,
      0,
      10,
      0,
      0,
      0,
      0,
      0,
      0
    ],
    [
      0,
      0,
      0,
      0,
      0,
      10,
      0,
      0,
      0,
      0,
      0
    ],
    [
      1,
      0,
      0,
      0,
      0,
      0,
      9,
      0,
      0,
      0,
      0
    ],
    [
      0,
      1,
      0,
      0,
      0,
      0,
      0,
      9,
      0,
      0,
      0
    ],
    [
      0,
      0,
      0,
      0,
      0,
      0,
      0,
      0,
      10,
      0,
      0
    ],
    [
      0,
      0,
      0,
      0,
      0,
      0,
      0,
      0,
      0,
      10,
      0
    ],
    [
      0,
      0,
      0,
      0,
      0,
      0,
      0,
      0,
      0,
      0,
      10
    ]
  ],
  "classification_report": {
    "Zero": {
      "precision": 0.9090909090909091,
      "recall": 1.0,
      "f1-score": 0.9523809523809523,
      "support": 10.0
    },
    "One": {
      "precision": 0.9,
      "recall": 0.9,
      "f1-score": 0.9,
      "support": 10.0
    },
    "Two": {
      "precision": 0.8888888888888888,
      "recall": 0.8,
      "f1-score": 0.8421052631578948,
      "support": 10.0
    },
    "Three": {
      "precision": 0.8333333333333334,
      "recall": 1.0,
      "f1-score": 0.9090909090909091,
      "support": 10.0
    },
    "Four": {
      "precision": 1.0,
      "recall": 1.0,
      "f1-score": 1.0,
      "support": 10.0
    },
    "Five": {
      "precision": 1.0,
      "recall": 1.0,
      "f1-score": 1.0,
      "support": 10.0
    },
    "Six": {
      "precision": 1.0,
      "recall": 0.9,
      "f1-score": 0.9473684210526316,
      "support": 10.0
    },
    "Seven": {
      "precision": 1.0,
      "recall": 0.9,
      "f1-score": 0.9473684210526316,
      "support": 10.0
    },
    "Eight": {
      "precision": 1.0,
      "recall": 1.0,
      "f1-score": 1.0,
      "support": 10.0
    },
    "Nine": {
      "precision": 1.0,
      "recall": 1.0,
      "f1-score": 1.0,
      "support": 10.0
    },
    "Static": {
      "precision": 1.0,
      "recall": 1.0,
      "f1-score": 1.0,
      "support": 10.0
    },
    "accuracy": 0.9545454545454546,
    "macro avg": {
      "precision": 0.9573921028466483,
      "recall": 0.9545454545454546,
      "f1-score": 0.9543921787940927,
      "support": 110.0
    },
    "weighted avg": {
      "precision": 0.9573921028466482,
      "recall": 0.9545454545454546,
      "f1-score": 0.9543921787940928,
      "support": 110.0
    }
  },
  "confidence_stats": {
    "mean": 0.9413538575172424,
    "min": 0.49797993898391724,
    "max": 0.9979227781295776,
    "std": 0.09296400845050812
  },
  "error_analysis": {
    "total_errors": 5,
    "error_rate": 0.045454545454545456,
    "low_confidence_predictions": 1
  },
  "training_history": {
    "epochs_trained": 33,
    "final_train_accuracy": 0.9801136255264282,
    "final_val_accuracy": 0.9318181872367859,
    "final_train_loss": 0.08173832297325134,
    "final_val_loss": 0.4111720323562622,
    "best_val_accuracy": 0.9431818127632141,
    "best_val_accuracy_epoch": 18,
    "train_accuracy_history": [
      0.3295454680919647,
      0.5170454382896423,
      0.7045454382896423,
      0.8153409361839294,
      0.84375,
      0.8778409361839294,
      0.8835227489471436,
      0.9005681872367859,
      0.8920454382896423,
      0.90625,
      0.9204545617103577,
      0.8948863744735718,
      0.9289772510528564,
      0.9261363744735718,
      0.9488636255264282,
      0.9261363744735718,
      0.9346590638160706,
      0.9602272510528564,
      0.9573863744735718,
      0.9431818127632141,
      0.9545454382896423,
      0.9659090638160706,
      0.9488636255264282,
      0.9659090638160706,
      0.96875,
      0.9715909361839294,
      0.9715909361839294,
      0.9659090638160706,
      0.96875,
      0.9857954382896423,
      0.9801136255264282,
      0.9801136255264282,
      0.9801136255264282
    ],
    "val_accuracy_history": [
      0.47727271914482117,
      0.5909090638160706,
      0.7954545617103577,
      0.8409090638160706,
      0.8409090638160706,
      0.875,
      0.8863636255264282,
      0.9204545617103577,
      0.9204545617103577,
      0.9090909361839294,
      0.9204545617103577,
      0.9204545617103577,
      0.9090909361839294,
      0.9204545617103577,
      0.9318181872367859,
      0.9318181872367859,
      0.9204545617103577,
      0.9431818127632141,
      0.8636363744735718,
      0.9204545617103577,
      0.8977272510528564,
      0.9204545617103577,
      0.9204545617103577,
      0.9431818127632141,
      0.9318181872367859,
      0.9431818127632141,
      0.8863636255264282,
      0.9318181872367859,
      0.9090909361839294,
      0.9318181872367859,
      0.8863636255264282,
      0.9318181872367859,
      0.9318181872367859
    ],
    "train_loss_history": [
      2.2405126094818115,
      1.7357920408248901,
      1.1602965593338013,
      0.7749139666557312,
      0.5910149216651917,
      0.44076746702194214,
      0.40476733446121216,
      0.346149742603302,
      0.31452667713165283,
      0.3023165762424469,
      0.2846887707710266,
      0.3221443295478821,
      0.26057660579681396,
      0.22099114954471588,
      0.19865942001342773,
      0.21191315352916718,
      0.1847677379846573,
      0.15344475209712982,
      0.16351661086082458,
      0.16230767965316772,
      0.16151785850524902,
      0.15200018882751465,
      0.1562732607126236,
      0.13660894334316254,
      0.11896578967571259,
      0.1086043193936348,
      0.11185240000486374,
      0.09528720378875732,
      0.10595931857824326,
      0.08344142884016037,
      0.08322057127952576,
      0.0631871297955513,
      0.08173832297325134
    ],
    "val_loss_history": [
      2.0179831981658936,
      1.4899441003799438,
      0.9868298172950745,
      0.6647852659225464,
      0.5457851886749268,
      0.49111273884773254,
      0.4485248327255249,
      0.413455605506897,
      0.3772851824760437,
      0.47157952189445496,
      0.3673498034477234,
      0.368465781211853,
      0.4114961326122284,
      0.35951292514801025,
      0.3749088943004608,
      0.3192860186100006,
      0.3662749230861664,
      0.29931142926216125,
      0.452241986989975,
      0.40810438990592957,
      0.3975147008895874,
      0.36861324310302734,
      0.36310794949531555,
      0.32428884506225586,
      0.3408418893814087,
      0.3320034146308899,
      0.4451032876968384,
      0.3776813745498657,
      0.4149635434150696,
      0.37419965863227844,
      0.45317718386650085,
      0.37425997853279114,
      0.4111720323562622
    ]
  }
}