{
  "predictions": [
    10,
    2,
    1,
    5,
    8,
    9,
    6,
    4,
    3,
    8,
    2,
    0,
    1,
    0,
    3,
    6,
    10,
    9,
    9,
    4,
    7,
    5
  ],
  "true_labels": [
    10,
    2,
    1,
    5,
    7,
    9,
    6,
    4,
    3,
    8,
    2,
    0,
    1,
    0,
    3,
    6,
    10,
    9,
    8,
    4,
    7,
    5
  ],
  "probabilities": [
    [
      8.077298844000325e-06,
      5.818162389914505e-05,
      1.1370422726031393e-05,
      3.3720964438543888e-06,
      0.00039633666165173054,
      0.0008668528753332794,
      0.00019654209609143436,
      5.624024652206572e-06,
      3.8681823752995115e-06,
      0.00023472096654586494,
      0.9982150793075562
    ],
    [
      0.00029786964296363294,
      0.3638480603694916,
      0.42754310369491577,
      0.000277635088423267,
      0.0005965041927993298,
      0.00037535070441663265,
      0.0013441294431686401,
      0.023121966049075127,
      0.18076711893081665,
      0.0017694890266284347,
      5.879530363017693e-05
    ],
    [
      1.0256053428747691e-05,
      0.9967796802520752,
      0.0006738632800988853,
      5.5710301239741966e-05,
      5.025021164328791e-05,
      4.1542087274137884e-05,
      2.6639067073119804e-05,
      0.0018945143092423677,
      0.00035603827564045787,
      0.00011112480569863692,
      2.559558254233707e-07
    ],
    [
      4.846954198001185e-07,
      9.081757889362052e-05,
      1.3157060493540484e-05,
      2.684059381863335e-06,
      0.00062672229250893,
      0.998153567314148,
      0.00013398104056250304,
      6.166705134091899e-05,
      1.1206663657503668e-05,
      0.0007514907047152519,
      0.0001543651451356709
    ],
    [
      0.00012713119213003665,
      0.13085393607616425,
      0.0005572783411480486,
      0.0003609738196246326,
      0.0010419574100524187,
      0.0004066948895342648,
      0.007864724844694138,
      0.38880041241645813,
      0.46590977907180786,
      0.0040381429716944695,
      3.889099752996117e-05
    ],
    [
      5.637530193780549e-06,
      0.00037403145688585937,
      2.562445297371596e-05,
      8.944038199842907e-06,
      0.0004086080880369991,
      0.0011943829013034701,
      0.0002814342442434281,
      3.627780461101793e-05,
      0.002203580690547824,
      0.9952304363250732,
      0.0002309720148332417
    ],
    [
      0.00020861861412413418,
      2.6456818886799738e-05,
      3.5600128285295796e-06,
      9.063028301170561e-07,
      1.4130306453807862e-06,
      2.3750912077957764e-05,
      0.9985538125038147,
      1.4399379324459005e-05,
      0.001014422276057303,
      0.00011731519043678418,
      3.525717693264596e-05
    ],
    [
      2.8710865080938675e-05,
      7.178842497523874e-05,
      2.860100539692212e-05,
      0.0012125393841415644,
      0.9973996877670288,
      0.0006529635284096003,
      7.542884759459412e-06,
      4.938884740113281e-05,
      9.743087048263988e-07,
      8.187903404177632e-06,
      0.0005396881606429815
    ],
    [
      0.0008615413680672646,
      0.0009324430138804018,
      0.0019055652664974332,
      0.9910873770713806,
      0.00293924193829298,
      0.0007048094994388521,
      4.8838952352525666e-05,
      0.0010813386179506779,
      1.2746211723424494e-05,
      1.759874794515781e-05,
      0.0004086241824552417
    ],
    [
      1.1749442819564138e-05,
      0.00015471277583856136,
      0.00022221877588890493,
      6.661481620540144e-06,
      3.144496804452501e-05,
      1.5680101569159888e-05,
      0.0011938295792788267,
      0.00012134537973906845,
      0.9954953193664551,
      0.002737365197390318,
      9.632080036681145e-06
    ],
    [
      3.475999619695358e-05,
      0.0019459293689578772,
      0.9958854913711548,
      9.180136112263426e-05,
      3.330661274958402e-05,
      3.221243605366908e-05,
      1.4689786439703312e-05,
      0.00012975645950064063,
      0.0017941236728802323,
      3.3227297535631806e-05,
      4.702415026258677e-06
    ],
    [
      0.9977025985717773,
      0.0003570547851268202,
      0.0002498154644854367,
      0.0001897603360703215,
      7.2374159572063945e-06,
      8.786210855760146e-06,
      0.001304382225498557,
      5.119546040077694e-05,
      5.392872844822705e-05,
      4.5510892050515395e-06,
      7.053555600577965e-05
    ],
    [
      3.842166188405827e-05,
      0.991533100605011,
      0.0015127258375287056,
      3.425639806664549e-05,
      7.440857007168233e-05,
      0.00018122447363566607,
      0.00023712190159130841,
      0.0014321496710181236,
      0.003815523348748684,
      0.0011382540687918663,
      2.8773517897207057e-06
    ],
    [
      0.99820476770401,
      0.00034267522278241813,
      0.00016232774942182004,
      0.00016109262651298195,
      5.877341664017877e-06,
      5.917131602473091e-06,
      0.000953030597884208,
      4.470774365472607e-05,
      4.167581573710777e-05,
      5.290583430905826e-06,
      7.268551416927949e-05
    ],
    [
      0.0002977442054543644,
      0.0006565583171322942,
      0.0005997689440846443,
      0.9457677602767944,
      0.047464292496442795,
      0.002465116325765848,
      7.258010737132281e-05,
      0.002092492999508977,
      1.4365633433044422e-05,
      3.405812458368018e-05,
      0.0005353011074475944
    ],
    [
      0.0002095230302074924,
      2.525100535422098e-05,
      3.4125737329304684e-06,
      8.526749297743663e-07,
      1.271401970370789e-06,
      2.1821786504006013e-05,
      0.998589038848877,
      1.366279957437655e-05,
      0.0009946146747097373,
      0.00010760745499283075,
      3.291778557468206e-05
    ],
    [
      1.3081391443847679e-05,
      8.2778547948692e-05,
      1.4934516912035178e-05,
      5.53637937628082e-06,
      0.0005226416978985071,
      0.000820299843326211,
      0.00027778249932453036,
      8.784206329437438e-06,
      6.3928705458238255e-06,
      0.00032260880107060075,
      0.9979250431060791
    ],
    [
      3.868300609610742e-06,
      0.0002758837363217026,
      1.6277179383905604e-05,
      5.833182967762696e-06,
      0.0003170100972056389,
      0.001083560986444354,
      0.0002513210056349635,
      2.7583990231505595e-05,
      0.0016517889453098178,
      0.9961714744567871,
      0.0001954963809112087
    ],
    [
      2.997654337377753e-05,
      0.0025760175194591284,
      0.0002093621442327276,
      2.9814829758834094e-05,
      0.0006213739980012178,
      0.0010619574459269643,
      0.0028464654460549355,
      0.0002651822578627616,
      0.24112136662006378,
      0.7511334419250488,
      0.00010507179104024544
    ],
    [
      2.740379386523273e-05,
      6.82912504998967e-05,
      2.6251727831549942e-05,
      0.001069803605787456,
      0.9975181221961975,
      0.0006509959348477423,
      7.4690233304863796e-06,
      4.577081563184038e-05,
      9.503724527348822e-07,
      8.09299399406882e-06,
      0.0005767837283201516
    ],
    [
      1.0365552043367643e-05,
      0.0010543732205405831,
      4.562983667710796e-05,
      8.32665609777905e-05,
      1.7153766748378985e-05,
      9.092625077755656e-06,
      0.00020112236961722374,
      0.9983006119728088,
      0.0002715728187467903,
      3.4246988889208296e-06,
      3.519175379551598e-06
    ],
    [
      6.084365509195777e-07,
      7.087842823239043e-05,
      1.3477795619110111e-05,
      1.4794791241001803e-06,
      0.00028473601560108364,
      0.9981972575187683,
      0.00014409642608370632,
      5.030228930991143e-05,
      1.3833116099704057e-05,
      0.0009835916571319103,
      0.00023971642076503485
    ]
  ],