{
  "predictions": [
    10,
    2,
    1,
    5,
    7,
    9,
    6,
    4,
    3,
    9,
    2,
    0,
    1,
    0,
    5,
    6,
    10,
    9,
    9,
    4,
    7,
    5
  ],
  "true_labels": [
    10,
    2,
    1,
    5,
    7,
    9,
    6,
    4,
    3,
    8,
    2,
    0,
    1,
    0,
    3,
    6,
    10,
    9,
    8,
    4,
    7,
    5
  ],
  "probabilities": [
    [
      0.0005136146792210639,
      0.001996756764128804,
      0.0009542846237309277,
      0.0017749244580045342,
      0.004241677932441235,
      0.028992338106036186,
      0.000850871205329895,
      0.006573747377842665,
      0.005696376319974661,
      0.0059051779098808765,
      0.9425002932548523
    ],
    [
      0.0456339530646801,
      0.2652346193790436,
      0.6247996687889099,
      0.020625779405236244,
      0.0035387822426855564,
      0.0011260553728789091,
      0.009670323692262173,
      0.023319024592638016,
      0.000725245219655335,
      0.004866211209446192,
      0.0004603265842888504
    ],
    [
      0.0017767709214240313,
      0.967413604259491,
      0.005151686724275351,
      0.0008365534013137221,
      0.000626708846539259,
      0.000140461212140508,
      0.00041099294321611524,
      0.022825773805379868,
      0.00027705036336556077,
      0.0003318645467516035,
      0.0002084557490888983
    ],
    [
      4.497221380006522e-05,
      2.748619044723455e-05,
      0.00010660430416464806,
      0.00025828511570580304,
      0.00495515950024128,
      0.9859287142753601,
      2.3561742636957206e-05,
      0.0001583909906912595,
      4.899102350464091e-05,
      0.000233475147979334,
      0.008214224129915237
    ],
    [
      0.0006490612286143005,
      0.27553489804267883,
      0.0007801108295097947,
      0.0018423500005155802,
      0.0008413009345531464,
      0.0010175475617870688,
      0.0008225578931160271,
      0.7102116942405701,
      0.0019255466759204865,
      0.004468424245715141,
      0.0019065603846684098
    ],
    [
      0.0023005600087344646,
      0.0011819363571703434,
      0.001386753167025745,
      0.0013385247439146042,
      0.008465152233839035,
      0.0025673082564026117,
      0.0043458398431539536,
      0.01248001679778099,
      0.06885196268558502,
      0.89285808801651,
      0.0042238058522343636
    ],
    [
      0.04609893262386322,
      0.005343409720808268,
      0.0012966413050889969,
      0.00020548427710309625,
      0.00035324806231074035,
      0.0003149780968669802,
      0.9424765110015869,
      0.0020144893787801266,
      0.0006510328967124224,
      0.001185350469313562,
      6.005938121234067e-05
    ],
    [
      0.018254375085234642,
      0.001257132738828659,
      0.003187446389347315,
      0.04957465082406998,
      0.8852776885032654,
      0.028307994827628136,
      0.0013729891506955028,
      0.0017099058022722602,
      0.0008801899966783822,
      0.0068843914195895195,
      0.003293229267001152
    ],
    [
      0.03713980317115784,
      0.0020919679664075375,
      0.05646919459104538,
      0.8554110527038574,
      0.028992073610424995,
      0.004765260498970747,
      0.0009562482009641826,
      0.007100810296833515,
      0.0010274387896060944,
      0.00407057860866189,
      0.0019756071269512177
    ],
    [
      0.0027296673506498337,
      0.0016447727102786303,
      0.0013045062078163028,
      0.0011820232030004263,
      0.006464462727308273,
      0.0020896177738904953,
      0.007287260144948959,
      0.012475723400712013,
      0.29669296741485596,
      0.6595883965492249,
      0.008540662936866283
    ],
    [
      0.01787886768579483,
      0.0074159689247608185,
      0.9377350211143494,
      0.027778320014476776,
      0.0008243632037192583,
      0.0002588423667475581,
      0.0018970905803143978,
      0.003587357932701707,
      0.00014955780352465808,
      0.0023451726883649826,
      0.00012937311839777976
    ],
    [
      0.9812607169151306,
      4.609979077940807e-05,
      0.005372423678636551,
      0.003927873447537422,
      0.00016440029139630497,
      1.5588540918543003e-05,
      0.008844693191349506,
      0.00011933829227928072,
      1.4917448424967006e-05,
      0.0002284179354319349,
      5.718183729186421e-06
    ],
    [
      0.0003752336779143661,
      0.9839288592338562,
      0.0006152130081318319,
      0.0001267758634639904,
      0.00014844404358882457,
      3.1628296710550785e-05,
      9.654225141275674e-05,
      0.014369150623679161,
      0.00010973483585985377,
      0.00011278055899310857,
      8.552410872653127e-05
    ],
    [
      0.9752088785171509,
      7.40335599402897e-05,
      0.006601753178983927,
      0.00396230211481452,
      0.00018064262985717505,
      1.880844502011314e-05,
      0.013467073440551758,
      0.000175988141563721,
      2.1124185877852142e-05,
      0.0002817923086695373,
      7.594604085170431e-06
    ],
    [
      0.01996295526623726,
      0.0077820997685194016,
      0.01897457055747509,
      0.3314591646194458,
      0.09208494424819946,
      0.37492358684539795,
      0.002172110602259636,
      0.04331074655056,
      0.022484058514237404,
      0.011172590777277946,
      0.07567310333251953
    ],
    [
      0.05183897539973259,
      0.005257260054349899,
      0.0013210115721449256,
      0.00021827446471434087,
      0.00037389202043414116,
      0.00031946110539138317,
      0.9367889165878296,
      0.0019978645723313093,
      0.000623229774646461,
      0.0012015524553135037,
      5.960779162705876e-05
    ],
    [
      0.0005386729026213288,
      0.002153140725567937,
      0.0010077410843223333,
      0.001875589950941503,
      0.004209511913359165,
      0.027392921969294548,
      0.0009074648842215538,
      0.0071054017171263695,
      0.006156303454190493,
      0.006153847090899944,
      0.9424994587898254
    ],
    [
      0.0015791935147717595,
      0.0007020284538157284,
      0.0007820341270416975,
      0.0007218128885142505,
      0.004670473746955395,
      0.001399866072461009,
      0.003689432982355356,
      0.008982814848423004,
      0.06259620934724808,
      0.9122260212898254,
      0.002650056965649128
    ],
    [
      0.0021019652485847473,
      0.0010898883920162916,
      0.0009034397662617266,
      0.0008214311092160642,
      0.00501118041574955,
      0.001358437235467136,
      0.005775767844170332,
      0.00975972879678011,
      0.1782219409942627,
      0.790553867816925,
      0.004402415826916695
    ],
    [
      0.008327016606926918,
      0.000824292132165283,
      0.001381000387482345,
      0.010909213684499264,
      0.9539463520050049,
      0.016422627493739128,
      0.0009323286358267069,
      0.0006361883133649826,
      0.00035776381264440715,
      0.0044076344929635525,
      0.0018555197166278958
    ],
    [
      0.0004192166088614613,
      0.12333229929208755,
      0.0005976987886242568,
      0.002628087066113949,
      0.000500477384775877,
      0.0019175581401214004,
      0.00070444296579808,
      0.8619492053985596,
      0.0018598182359710336,
      0.003831964684650302,
      0.0022590942680835724
    ],
    [
      5.1032558985752985e-05,
      3.4104705264326185e-05,
      0.0001315663248533383,
      0.00027439609402790666,
      0.004252107348293066,
      0.9828316569328308,
      3.132893471047282e-05,
      0.00019579801301006228,
      6.08761292824056e-05,
      0.0002981161524076015,
      0.011838976293802261
    ]
  ],