{
  "timestamp": "1D_CNN_Arduino_20250717_225642",
  "test_loss": 0.5359993577003479,
  "test_accuracy": 0.8484848737716675,
  "class_distribution": {
    "true": {
      "3": 6,
      "4": 6,
      "0": 6,
      "10": 6,
      "5": 6,
      "8": 6,
      "9": 6,
      "1": 6,
      "7": 6,
      "6": 6,
      "2": 6
    },
    "predicted": {
      "3": 6,
      "4": 7,
      "0": 6,
      "10": 6,
      "5": 5,
      "8": 7,
      "1": 7,
      "9": 5,
      "7": 5,
      "2": 7,
      "6": 5
    }
  },
  "per_class_accuracy": {
    "Zero": 0.8333333333333334,
    "One": 0.8333333333333334,
    "Two": 0.8333333333333334,
    "Three": 0.8333333333333334,
    "Four": 1.0,
    "Five": 0.8333333333333334,
    "Six": 0.8333333333333334,
    "Seven": 0.8333333333333334,
    "Eight": 0.8333333333333334,
    "Nine": 0.6666666666666666,
    "Static": 1.0
  },
  "confusion_matrix": [
    [
      5,
      1,
      0,
      0,
      0,
      0,
      0,
      0,
      0,
      0,
      0
    ],
    [
      0,
      5,
      1,
      0,
      0,
      0,
      0,
      0,
      0,
      0,
      0
    ],
    [
      0,
      0,
      5,
      1,
      0,
      0,
      0,
      0,
      0,
      0,
      0
    ],
    [
      0,
      0,
      0,
      5,
      1,
      0,
      0,
      0,
      0,
      0,
      0
    ],
    [
      0,
      0,
      0,
      0,
      6,
      0,
      0,
      0,
      0,
      0,
      0
    ],
    [
      0,
      0,
      0,
      0,
      0,
      5,
      0,
      0,
      0,
      1,
      0
    ],
    [
      1,
      0,
      0,
      0,
      0,
      0,
      5,
      0,
      0,
      0,
      0
    ],
    [
      0,
      1,
      0,
      0,
      0,
      0,
      0,
      5,
      0,
      0,
      0
    ],
    [
      0,
      0,
      1,
      0,
      0,
      0,
      0,
      0,
      5,
      0,
      0
    ],
    [
      0,
      0,
      0,
      0,
      0,
      0,
      0,
      0,
      2,
      4,
      0
    ],
    [
      0,
      0,
      0,
      0,
      0,
      0,
      0,
      0,
      0,
      0,
      6
    ]
  ],
  "classification_report": {
    "Zero": {
      "precision": 0.8333333333333334,
      "recall": 0.8333333333333334,
      "f1-score": 0.8333333333333334,
      "support": 6.0
    },
    "One": {
      "precision": 0.7142857142857143,
      "recall": 0.8333333333333334,
      "f1-score": 0.7692307692307692,
      "support": 6.0
    },
    "Two": {
      "precision": 0.7142857142857143,
      "recall": 0.8333333333333334,
      "f1-score": 0.7692307692307692,
      "support": 6.0
    },
    "Three": {
      "precision": 0.8333333333333334,
      "recall": 0.8333333333333334,
      "f1-score": 0.8333333333333334,
      "support": 6.0
    },
    "Four": {
      "precision": 0.8571428571428571,
      "recall": 1.0,
      "f1-score": 0.923076923076923,
      "support": 6.0
    },
    "Five": {
      "precision": 1.0,
      "recall": 0.8333333333333334,
      "f1-score": 0.9090909090909091,
      "support": 6.0
    },
    "Six": {
      "precision": 1.0,
      "recall": 0.8333333333333334,
      "f1-score": 0.9090909090909091,
      "support": 6.0
    },
    "Seven": {
      "precision": 1.0,
      "recall": 0.8333333333333334,
      "f1-score": 0.9090909090909091,
      "support": 6.0
    },
    "Eight": {
      "precision": 0.7142857142857143,
      "recall": 0.8333333333333334,
      "f1-score": 0.7692307692307692,
      "support": 6.0
    },
    "Nine": {
      "precision": 0.8,
      "recall": 0.6666666666666666,
      "f1-score": 0.7272727272727272,
      "support": 6.0
    },
    "Static": {
      "precision": 1.0,
      "recall": 1.0,
      "f1-score": 1.0,
      "support": 6.0
    },
    "accuracy": 0.8484848484848485,
    "macro avg": {
      "precision": 0.8606060606060606,
      "recall": 0.8484848484848485,
      "f1-score": 0.8501801229073955,
      "support": 66.0
    },
    "weighted avg": {
      "precision": 0.8606060606060606,
      "recall": 0.8484848484848485,
      "f1-score": 0.8501801229073955,
      "support": 66.0
    }
  },
  "confidence_stats": {
    "mean": 0.7796447277069092,
    "min": 0.3616917133331299,
    "max": 0.9964686632156372,
    "std": 0.1613910049200058
  },
  "error_analysis": {
    "total_errors": 10,
    "error_rate": 0.15151515151515152,
    "low_confidence_predictions": 3
  },
  "training_history": {
    "epochs_trained": 20,
    "final_train_accuracy": 0.9431279897689819,
    "final_val_accuracy": 0.9056603908538818,
    "final_train_loss": 0.2633016109466553,
    "final_val_loss": 0.3097459375858307,
    "best_val_accuracy": 0.9056603908538818,
    "best_val_accuracy_epoch": 19,
    "train_accuracy_history": [
      0.13270142674446106,
      0.28436020016670227,
      0.4123222827911377,
      0.44549763202667236,
      0.4644549787044525,
      0.4881516695022583,
      0.5450236797332764,
      0.649289071559906,
      0.7203791737556458,
      0.7677724957466125,
      0.8056871891021729,
      0.8341231942176819,
      0.8720378875732422,
      0.8815165758132935,
      0.9099525809288025,
      0.9241706132888794,
      0.928909957408905,
      0.9336493015289307,
      0.9383886456489563,
      0.9431279897689819
    ],
    "val_accuracy_history": [
      0.18867924809455872,
      0.37735849618911743,
      0.4716981053352356,
      0.37735849618911743,
      0.4716981053352356,
      0.5094339847564697,
      0.5660377144813538,
      0.698113203048706,
      0.7547169923782349,
      0.8301886916160583,
      0.849056601524353,
      0.8301886916160583,
      0.849056601524353,
      0.8867924809455872,
      0.8867924809455872,
      0.8867924809455872,
      0.8867924809455872,
      0.8867924809455872,
      0.9056603908538818,
      0.9056603908538818
    ],
    "train_loss_history": [
      2.380326747894287,
      2.28043794631958,
      2.179581880569458,
      2.0436010360717773,
      1.8710607290267944,
      1.674749732017517,
      1.465223789215088,
      1.2587623596191406,
      1.0588661432266235,
      0.88636714220047,
      0.7448866963386536,
      0.6346073746681213,
      0.5456723570823669,
      0.4721880853176117,
      0.4148712754249573,
      0.3698230981826782,
      0.3342567980289459,
      0.30570074915885925,
      0.282372385263443,
      0.2633016109466553
    ],
    "val_loss_history": [
      2.3305201530456543,
      2.246983766555786,
      2.137014389038086,
      1.9893873929977417,
      1.8114750385284424,
      1.6076456308364868,
      1.3996798992156982,
      1.2022987604141235,
      1.0208648443222046,
      0.8668073415756226,
      0.7433458566665649,
      0.6455687284469604,
      0.5634638071060181,
      0.49707552790641785,
      0.4479036033153534,
      0.4085066020488739,
      0.3780871629714966,
      0.35059410333633423,
      0.32715052366256714,
      0.3097459375858307
    ]
  }
}