{
  "timestamp": "1D_CNN_Arduino_20250717_224957",
  "test_loss": 0.697102427482605,
  "test_accuracy": 0.7878788113594055,
  "class_distribution": {
    "true": {
      "3": 6,
      "4": 6,
      "0": 6,
      "10": 6,
      "5": 6,
      "8": 6,
      "9": 6,
      "1": 6,
      "7": 6,
      "6": 6,
      "2": 6
    },
    "predicted": {
      "3": 7,
      "4": 6,
      "0": 5,
      "10": 7,
      "5": 6,
      "8": 4,
      "7": 9,
      "9": 5,
      "2": 7,
      "1": 5,
      "6": 5
    }
  },
  "per_class_accuracy": {
    "Zero": 0.6666666666666666,
    "One": 0.6666666666666666,
    "Two": 0.8333333333333334,
    "Three": 1.0,
    "Four": 1.0,
    "Five": 0.8333333333333334,
    "Six": 0.8333333333333334,
    "Seven": 0.8333333333333334,
    "Eight": 0.3333333333333333,
    "Nine": 0.6666666666666666,
    "Static": 1.0
  },
  "confusion_matrix": [
    [
      4,
      0,
      0,
      0,
      0,
      1,
      0,
      1,
      0,
      0,
      0
    ],
    [
      0,
      4,
      1,
      0,
      0,
      0,
      0,
      1,
      0,
      0,
      0
    ],
    [
      0,
      0,
      5,
      1,
      0,
      0,
      0,
      0,
      0,
      0,
      0
    ],
    [
      0,
      0,
      0,
      6,
      0,
      0,
      0,
      0,
      0,
      0,
      0
    ],
    [
      0,
      0,
      0,
      0,
      6,
      0,
      0,
      0,
      0,
      0,
      0
    ],
    [
      0,
      0,
      0,
      0,
      0,
      5,
      0,
      0,
      0,
      0,
      1
    ],
    [
      1,
      0,
      0,
      0,
      0,
      0,
      5,
      0,
      0,
      0,
      0
    ],
    [
      0,
      1,
      0,
      0,
      0,
      0,
      0,
      5,
      0,
      0,
      0
    ],
    [
      0,
      0,
      1,
      0,
      0,
      0,
      0,
      2,
      2,
      1,
      0
    ],
    [
      0,
      0,
      0,
      0,
      0,
      0,
      0,
      0,
      2,
      4,
      0
    ],
    [
      0,
      0,
      0,
      0,
      0,
      0,
      0,
      0,
      0,
      0,
      6
    ]
  ],
  "classification_report": {
    "Zero": {
      "precision": 0.8,
      "recall": 0.6666666666666666,
      "f1-score": 0.7272727272727272,
      "support": 6.0
    },
    "One": {
      "precision": 0.8,
      "recall": 0.6666666666666666,
      "f1-score": 0.7272727272727272,
      "support": 6.0
    },
    "Two": {
      "precision": 0.7142857142857143,
      "recall": 0.8333333333333334,
      "f1-score": 0.7692307692307692,
      "support": 6.0
    },
    "Three": {
      "precision": 0.8571428571428571,
      "recall": 1.0,
      "f1-score": 0.923076923076923,
      "support": 6.0
    },
    "Four": {
      "precision": 1.0,
      "recall": 1.0,
      "f1-score": 1.0,
      "support": 6.0
    },
    "Five": {
      "precision": 0.8333333333333334,
      "recall": 0.8333333333333334,
      "f1-score": 0.8333333333333334,
      "support": 6.0
    },
    "Six": {
      "precision": 1.0,
      "recall": 0.8333333333333334,
      "f1-score": 0.9090909090909091,
      "support": 6.0
    },
    "Seven": {
      "precision": 0.5555555555555556,
      "recall": 0.8333333333333334,
      "f1-score": 0.6666666666666667,
      "support": 6.0
    },
    "Eight": {
      "precision": 0.5,
      "recall": 0.3333333333333333,
      "f1-score": 0.4,
      "support": 6.0
    },
    "Nine": {
      "precision": 0.8,
      "recall": 0.6666666666666666,
      "f1-score": 0.7272727272727272,
      "support": 6.0
    },
    "Static": {
      "precision": 0.8571428571428571,
      "recall": 1.0,
      "f1-score": 0.923076923076923,
      "support": 6.0
    },
    "accuracy": 0.7878787878787878,
    "macro avg": {
      "precision": 0.7924963924963926,
      "recall": 0.787878787878788,
      "f1-score": 0.7823903369357915,
      "support": 66.0
    },
    "weighted avg": {
      "precision": 0.7924963924963925,
      "recall": 0.7878787878787878,
      "f1-score": 0.7823903369357915,
      "support": 66.0
    }
  },
  "confidence_stats": {
    "mean": 0.7207459211349487,
    "min": 0.3065716028213501,
    "max": 0.9743842482566833,
    "std": 0.16829650104045868
  },
  "error_analysis": {
    "total_errors": 14,
    "error_rate": 0.21212121212121213,
    "low_confidence_predictions": 5
  },
  "training_history": {
    "epochs_trained": 20,
    "final_train_accuracy": 0.7962085604667664,
    "final_val_accuracy": 0.9433962106704712,
    "final_train_loss": 0.609026312828064,
    "final_val_loss": 0.3627714514732361,
    "best_val_accuracy": 0.9433962106704712,
    "best_val_accuracy_epoch": 20,
    "train_accuracy_history": [
      0.10426539927721024,
      0.2606635093688965,
      0.3127962052822113,
      0.44075828790664673,
      0.4644549787044525,
      0.5260663628578186,
      0.5355450510978699,
      0.5592417120933533,
      0.6113743782043457,
      0.6303317546844482,
      0.6635071039199829,
      0.6919431090354919,
      0.6966824531555176,
      0.7203791737556458,
      0.7630331516265869,
      0.7203791737556458,
      0.758293867111206,
      0.7819905281066895,
      0.7772511839866638,
      0.7962085604667664
    ],
    "val_accuracy_history": [
      0.16981132328510284,
      0.35849055647850037,
      0.5471698045730591,
      0.5660377144813538,
      0.5849056839942932,
      0.6415094137191772,
      0.698113203048706,
      0.7735849022865295,
      0.7735849022865295,
      0.7735849022865295,
      0.7924528121948242,
      0.7924528121948242,
      0.8301886916160583,
      0.9056603908538818,
      0.9245283007621765,
      0.8867924809455872,
      0.9056603908538818,
      0.9245283007621765,
      0.9245283007621765,
      0.9433962106704712
    ],
    "train_loss_history": [
      2.326293468475342,
      2.2044546604156494,
      2.101450204849243,
      1.9467397928237915,
      1.8118942975997925,
      1.6379966735839844,
      1.530271291732788,
      1.4508861303329468,
      1.2510312795639038,
      1.12869131565094,
      1.0443339347839355,
      0.9094210267066956,
      0.8631541728973389,
      0.8102582097053528,
      0.7850314378738403,
      0.7627548575401306,
      0.7036933302879333,
      0.6570619940757751,
      0.5993503928184509,
      0.609026312828064
    ],
    "val_loss_history": [
      2.2733426094055176,
      2.163416862487793,
      2.027824640274048,
      1.8716936111450195,
      1.6841447353363037,
      1.49483060836792,
      1.3189070224761963,
      1.1550527811050415,
      1.009902000427246,
      0.8872936964035034,
      0.7897594571113586,
      0.6940354108810425,
      0.6208330392837524,
      0.5700287222862244,
      0.5164092183113098,
      0.48055827617645264,
      0.4416942596435547,
      0.4182952642440796,
      0.3912228047847748,
      0.3627714514732361
    ]
  }
}