{
  "timestamp": "1D_CNN_Arduino_20250718_151146",
  "test_loss": 0.5687374472618103,
  "test_accuracy": 0.7878788113594055,
  "class_distribution": {
    "true": {
      "3": 6,
      "4": 6,
      "0": 6,
      "10": 6,
      "5": 6,
      "8": 6,
      "9": 6,
      "1": 6,
      "7": 6,
      "6": 6,
      "2": 6
    },
    "predicted": {
      "3": 7,
      "4": 7,
      "0": 6,
      "10": 6,
      "5": 7,
      "8": 4,
      "7": 8,
      "9": 5,
      "2": 6,
      "1": 6,
      "6": 4
    }
  },
  "per_class_accuracy": {
    "Zero": 0.6666666666666666,
    "One": 0.8333333333333334,
    "Two": 0.8333333333333334,
    "Three": 0.8333333333333334,
    "Four": 1.0,
    "Five": 1.0,
    "Six": 0.6666666666666666,
    "Seven": 0.8333333333333334,
    "Eight": 0.3333333333333333,
    "Nine": 0.6666666666666666,
    "Static": 1.0
  },
  "confusion_matrix": [
    [
      4,
      0,
      0,
      1,
      0,
      1,
      0,
      0,
      0,
      0,
      0
    ],
    [
      0,
      5,
      0,
      0,
      0,
      0,
      0,
      1,
      0,
      0,
      0
    ],
    [
      0,
      0,
      5,
      1,
      0,
      0,
      0,
      0,
      0,
      0,
      0
    ],
    [
      0,
      0,
      0,
      5,
      1,
      0,
      0,
      0,
      0,
      0,
      0
    ],
    [
      0,
      0,
      0,
      0,
      6,
      0,
      0,
      0,
      0,
      0,
      0
    ],
    [
      0,
      0,
      0,
      0,
      0,
      6,
      0,
      0,
      0,
      0,
      0
    ],
    [
      2,
      0,
      0,
      0,
      0,
      0,
      4,
      0,
      0,
      0,
      0
    ],
    [
      0,
      1,
      0,
      0,
      0,
      0,
      0,
      5,
      0,
      0,
      0
    ],
    [
      0,
      0,
      1,
      0,
      0,
      0,
      0,
      2,
      2,
      1,
      0
    ],
    [
      0,
      0,
      0,
      0,
      0,
      0,
      0,
      0,
      2,
      4,
      0
    ],
    [
      0,
      0,
      0,
      0,
      0,
      0,
      0,
      0,
      0,
      0,
      6
    ]
  ],
  "classification_report": {
    "Zero": {
      "precision": 0.6666666666666666,
      "recall": 0.6666666666666666,
      "f1-score": 0.6666666666666666,
      "support": 6.0
    },
    "One": {
      "precision": 0.8333333333333334,
      "recall": 0.8333333333333334,
      "f1-score": 0.8333333333333334,
      "support": 6.0
    },
    "Two": {
      "precision": 0.8333333333333334,
      "recall": 0.8333333333333334,
      "f1-score": 0.8333333333333334,
      "support": 6.0
    },
    "Three": {
      "precision": 0.7142857142857143,
      "recall": 0.8333333333333334,
      "f1-score": 0.7692307692307692,
      "support": 6.0
    },
    "Four": {
      "precision": 0.8571428571428571,
      "recall": 1.0,
      "f1-score": 0.923076923076923,
      "support": 6.0
    },
    "Five": {
      "precision": 0.8571428571428571,
      "recall": 1.0,
      "f1-score": 0.923076923076923,
      "support": 6.0
    },
    "Six": {
      "precision": 1.0,
      "recall": 0.6666666666666666,
      "f1-score": 0.8,
      "support": 6.0
    },
    "Seven": {
      "precision": 0.625,
      "recall": 0.8333333333333334,
      "f1-score": 0.7142857142857143,
      "support": 6.0
    },
    "Eight": {
      "precision": 0.5,
      "recall": 0.3333333333333333,
      "f1-score": 0.4,
      "support": 6.0
    },
    "Nine": {
      "precision": 0.8,
      "recall": 0.6666666666666666,
      "f1-score": 0.7272727272727272,
      "support": 6.0
    },
    "Static": {
      "precision": 1.0,
      "recall": 1.0,
      "f1-score": 1.0,
      "support": 6.0
    },
    "accuracy": 0.7878787878787878,
    "macro avg": {
      "precision": 0.7897186147186147,
      "recall": 0.787878787878788,
      "f1-score": 0.7809342172978536,
      "support": 66.0
    },
    "weighted avg": {
      "precision": 0.7897186147186146,
      "recall": 0.7878787878787878,
      "f1-score": 0.7809342172978535,
      "support": 66.0
    }
  },
  "confidence_stats": {
    "mean": 0.8033701777458191,
    "min": 0.46313828229904175,
    "max": 0.997463583946228,
    "std": 0.14874610304832458
  },
  "error_analysis": {
    "total_errors": 14,
    "error_rate": 0.21212121212121213,
    "low_confidence_predictions": 2
  },
  "training_history": {
    "epochs_trained": 20,
    "final_train_accuracy": 0.9431279897689819,
    "final_val_accuracy": 0.9056603908538818,
    "final_train_loss": 0.257559597492218,
    "final_val_loss": 0.33102947473526,
    "best_val_accuracy": 0.9056603908538818,
    "best_val_accuracy_epoch": 15,
    "train_accuracy_history": [
      0.0995260700583458,
      0.1516587734222412,
      0.20853079855442047,
      0.23222748935222626,
      0.3033175468444824,
      0.39336493611335754,
      0.41706159710884094,
      0.5829383730888367,
      0.7109004855155945,
      0.7819905281066895,
      0.8341231942176819,
      0.8578199148178101,
      0.8957346081733704,
      0.9052132964134216,
      0.9099525809288025,
      0.9241706132888794,
      0.928909957408905,
      0.9241706132888794,
      0.9383886456489563,
      0.9431279897689819
    ],
    "val_accuracy_history": [
      0.11320754885673523,
      0.22641509771347046,
      0.24528302252292633,
      0.24528302252292633,
      0.3396226465702057,
      0.37735849618911743,
      0.5471698045730591,
      0.6415094137191772,
      0.7358490824699402,
      0.7924528121948242,
      0.849056601524353,
      0.8867924809455872,
      0.8867924809455872,
      0.8867924809455872,
      0.9056603908538818,
      0.9056603908538818,
      0.9056603908538818,
      0.9056603908538818,
      0.9056603908538818,
      0.9056603908538818
    ],
    "train_loss_history": [
      2.3808672428131104,
      2.2732350826263428,
      2.1914234161376953,
      2.0855295658111572,
      1.9532831907272339,
      1.7992126941680908,
      1.612352728843689,
      1.4016045331954956,
      1.1821088790893555,
      0.9790937900543213,
      0.8044924139976501,
      0.6636260747909546,
      0.5578582286834717,
      0.4769037663936615,
      0.41463789343833923,
      0.36713907122612,
      0.3303927779197693,
      0.3009583055973053,
      0.27763572335243225,
      0.257559597492218
    ],
    "val_loss_history": [
      2.2994534969329834,
      2.218010425567627,
      2.1263604164123535,
      2.001595973968506,
      1.8560528755187988,
      1.6874895095825195,
      1.4841583967208862,
      1.268768548965454,
      1.0639524459838867,
      0.8871598243713379,
      0.7404618263244629,
      0.6287681460380554,
      0.544832706451416,
      0.4846552014350891,
      0.4388202428817749,
      0.40681251883506775,
      0.3815256655216217,
      0.36015599966049194,
      0.3437730371952057,
      0.33102947473526
    ]
  }
}