{
  "timestamp": "1D_CNN_Arduino_20250717_222437",
  "test_loss": 0.6066126227378845,
  "test_accuracy": 0.8030303120613098,
  "class_distribution": {
    "true": {
      "3": 6,
      "4": 6,
      "0": 6,
      "10": 6,
      "5": 6,
      "8": 6,
      "9": 6,
      "1": 6,
      "7": 6,
      "6": 6,
      "2": 6
    },
    "predicted": {
      "3": 6,
      "4": 7,
      "0": 5,
      "10": 6,
      "5": 8,
      "8": 4,
      "1": 8,
      "9": 5,
      "7": 6,
      "6": 5,
      "2": 6
    }
  },
  "per_class_accuracy": {
    "Zero": 0.6666666666666666,
    "One": 1.0,
    "Two": 0.8333333333333334,
    "Three": 0.8333333333333334,
    "Four": 1.0,
    "Five": 1.0,
    "Six": 0.8333333333333334,
    "Seven": 0.6666666666666666,
    "Eight": 0.3333333333333333,
    "Nine": 0.6666666666666666,
    "Static": 1.0
  },
  "confusion_matrix": [
    [
      4,
      0,
      0,
      0,
      0,
      2,
      0,
      0,
      0,
      0,
      0
    ],
    [
      0,
      6,
      0,
      0,
      0,
      0,
      0,
      0,
      0,
      0,
      0
    ],
    [
      0,
      0,
      5,
      1,
      0,
      0,
      0,
      0,
      0,
      0,
      0
    ],
    [
      0,
      0,
      0,
      5,
      1,
      0,
      0,
      0,
      0,
      0,
      0
    ],
    [
      0,
      0,
      0,
      0,
      6,
      0,
      0,
      0,
      0,
      0,
      0
    ],
    [
      0,
      0,
      0,
      0,
      0,
      6,
      0,
      0,
      0,
      0,
      0
    ],
    [
      1,
      0,
      0,
      0,
      0,
      0,
      5,
      0,
      0,
      0,
      0
    ],
    [
      0,
      2,
      0,
      0,
      0,
      0,
      0,
      4,
      0,
      0,
      0
    ],
    [
      0,
      0,
      1,
      0,
      0,
      0,
      0,
      2,
      2,
      1,
      0
    ],
    [
      0,
      0,
      0,
      0,
      0,
      0,
      0,
      0,
      2,
      4,
      0
    ],
    [
      0,
      0,
      0,
      0,
      0,
      0,
      0,
      0,
      0,
      0,
      6
    ]
  ],
  "classification_report": {
    "Zero": {
      "precision": 0.8,
      "recall": 0.6666666666666666,
      "f1-score": 0.7272727272727272,
      "support": 6.0
    },
    "One": {
      "precision": 0.75,
      "recall": 1.0,
      "f1-score": 0.8571428571428571,
      "support": 6.0
    },
    "Two": {
      "precision": 0.8333333333333334,
      "recall": 0.8333333333333334,
      "f1-score": 0.8333333333333334,
      "support": 6.0
    },
    "Three": {
      "precision": 0.8333333333333334,
      "recall": 0.8333333333333334,
      "f1-score": 0.8333333333333334,
      "support": 6.0
    },
    "Four": {
      "precision": 0.8571428571428571,
      "recall": 1.0,
      "f1-score": 0.923076923076923,
      "support": 6.0
    },
    "Five": {
      "precision": 0.75,
      "recall": 1.0,
      "f1-score": 0.8571428571428571,
      "support": 6.0
    },
    "Six": {
      "precision": 1.0,
      "recall": 0.8333333333333334,
      "f1-score": 0.9090909090909091,
      "support": 6.0
    },
    "Seven": {
      "precision": 0.6666666666666666,
      "recall": 0.6666666666666666,
      "f1-score": 0.6666666666666666,
      "support": 6.0
    },
    "Eight": {
      "precision": 0.5,
      "recall": 0.3333333333333333,
      "f1-score": 0.4,
      "support": 6.0
    },
    "Nine": {
      "precision": 0.8,
      "recall": 0.6666666666666666,
      "f1-score": 0.7272727272727272,
      "support": 6.0
    },
    "Static": {
      "precision": 1.0,
      "recall": 1.0,
      "f1-score": 1.0,
      "support": 6.0
    },
    "accuracy": 0.803030303030303,
    "macro avg": {
      "precision": 0.7991341991341993,
      "recall": 0.8030303030303029,
      "f1-score": 0.7940302122120305,
      "support": 66.0
    },
    "weighted avg": {
      "precision": 0.7991341991341993,
      "recall": 0.803030303030303,
      "f1-score": 0.7940302122120304,
      "support": 66.0
    }
  },
  "confidence_stats": {
    "mean": 0.7464274764060974,
    "min": 0.39878907799720764,
    "max": 0.9960411787033081,
    "std": 0.17092043161392212
  },
  "error_analysis": {
    "total_errors": 13,
    "error_rate": 0.19696969696969696,
    "low_confidence_predictions": 7
  },
  "training_history": {
    "epochs_trained": 20,
    "final_train_accuracy": 0.9194312691688538,
    "final_val_accuracy": 0.9056603908538818,
    "final_train_loss": 0.3488084077835083,
    "final_val_loss": 0.38719677925109863,
    "best_val_accuracy": 0.9245283007621765,
    "best_val_accuracy_epoch": 17,
    "train_accuracy_history": [
      0.10426539927721024,
      0.23222748935222626,
      0.4360189437866211,
      0.47867298126220703,
      0.48341232538223267,
      0.4739336371421814,
      0.48341232538223267,
      0.5355450510978699,
      0.6540284156799316,
      0.7014217972755432,
      0.7488151788711548,
      0.7677724957466125,
      0.8056871891021729,
      0.8436018824577332,
      0.8530805706977844,
      0.8672986030578613,
      0.8957346081733704,
      0.8909952640533447,
      0.9099525809288025,
      0.9194312691688538
    ],
    "val_accuracy_history": [
      0.16981132328510284,
      0.4528301954269409,
      0.49056604504585266,
      0.5094339847564697,
      0.5094339847564697,
      0.5283018946647644,
      0.5471698045730591,
      0.6792452931404114,
      0.698113203048706,
      0.7169811129570007,
      0.7358490824699402,
      0.7924528121948242,
      0.8301886916160583,
      0.849056601524353,
      0.8679245114326477,
      0.8867924809455872,
      0.9245283007621765,
      0.9056603908538818,
      0.9056603908538818,
      0.9056603908538818
    ],
    "train_loss_history": [
      2.419562816619873,
      2.3119094371795654,
      2.2204277515411377,
      2.0985372066497803,
      1.9284898042678833,
      1.7186847925186157,
      1.5031540393829346,
      1.3135578632354736,
      1.1551952362060547,
      1.0242067575454712,
      0.9131743311882019,
      0.8131710290908813,
      0.7218165993690491,
      0.6430684328079224,
      0.5715375542640686,
      0.5125609040260315,
      0.4613552391529083,
      0.41836586594581604,
      0.3812854290008545,
      0.3488084077835083
    ],
    "val_loss_history": [
      2.3431897163391113,
      2.2572271823883057,
      2.152336359024048,
      1.9999741315841675,
      1.8020209074020386,
      1.5792186260223389,
      1.3791803121566772,
      1.2120054960250854,
      1.0759868621826172,
      0.9641998410224915,
      0.8646648526191711,
      0.7758660912513733,
      0.6949353218078613,
      0.6278391480445862,
      0.5674651861190796,
      0.5181635618209839,
      0.47646650671958923,
      0.44224533438682556,
      0.4147125482559204,
      0.38719677925109863
    ]
  }
}