{
  "timestamp": "1D_CNN_Arduino_20250717_224613",
  "test_loss": 0.5804232358932495,
  "test_accuracy": 0.8181818127632141,
  "class_distribution": {
    "true": {
      "3": 6,
      "4": 6,
      "0": 6,
      "10": 6,
      "5": 6,
      "8": 6,
      "9": 6,
      "1": 6,
      "7": 6,
      "6": 6,
      "2": 6
    },
    "predicted": {
      "3": 8,
      "4": 6,
      "0": 3,
      "10": 6,
      "5": 6,
      "8": 4,
      "7": 8,
      "1": 7,
      "9": 5,
      "6": 7,
      "2": 6
    }
  },
  "per_class_accuracy": {
    "Zero": 0.5,
    "One": 0.8333333333333334,
    "Two": 0.8333333333333334,
    "Three": 1.0,
    "Four": 1.0,
    "Five": 1.0,
    "Six": 1.0,
    "Seven": 0.8333333333333334,
    "Eight": 0.3333333333333333,
    "Nine": 0.6666666666666666,
    "Static": 1.0
  },
  "confusion_matrix": [
    [
      3,
      1,
      0,
      1,
      0,
      0,
      1,
      0,
      0,
      0,
      0
    ],
    [
      0,
      5,
      0,
      0,
      0,
      0,
      0,
      1,
      0,
      0,
      0
    ],
    [
      0,
      0,
      5,
      1,
      0,
      0,
      0,
      0,
      0,
      0,
      0
    ],
    [
      0,
      0,
      0,
      6,
      0,
      0,
      0,
      0,
      0,
      0,
      0
    ],
    [
      0,
      0,
      0,
      0,
      6,
      0,
      0,
      0,
      0,
      0,
      0
    ],
    [
      0,
      0,
      0,
      0,
      0,
      6,
      0,
      0,
      0,
      0,
      0
    ],
    [
      0,
      0,
      0,
      0,
      0,
      0,
      6,
      0,
      0,
      0,
      0
    ],
    [
      0,
      1,
      0,
      0,
      0,
      0,
      0,
      5,
      0,
      0,
      0
    ],
    [
      0,
      0,
      1,
      0,
      0,
      0,
      0,
      2,
      2,
      1,
      0
    ],
    [
      0,
      0,
      0,
      0,
      0,
      0,
      0,
      0,
      2,
      4,
      0
    ],
    [
      0,
      0,
      0,
      0,
      0,
      0,
      0,
      0,
      0,
      0,
      6
    ]
  ],
  "classification_report": {
    "Zero": {
      "precision": 1.0,
      "recall": 0.5,
      "f1-score": 0.6666666666666666,
      "support": 6.0
    },
    "One": {
      "precision": 0.7142857142857143,
      "recall": 0.8333333333333334,
      "f1-score": 0.7692307692307692,
      "support": 6.0
    },
    "Two": {
      "precision": 0.8333333333333334,
      "recall": 0.8333333333333334,
      "f1-score": 0.8333333333333334,
      "support": 6.0
    },
    "Three": {
      "precision": 0.75,
      "recall": 1.0,
      "f1-score": 0.8571428571428571,
      "support": 6.0
    },
    "Four": {
      "precision": 1.0,
      "recall": 1.0,
      "f1-score": 1.0,
      "support": 6.0
    },
    "Five": {
      "precision": 1.0,
      "recall": 1.0,
      "f1-score": 1.0,
      "support": 6.0
    },
    "Six": {
      "precision": 0.8571428571428571,
      "recall": 1.0,
      "f1-score": 0.923076923076923,
      "support": 6.0
    },
    "Seven": {
      "precision": 0.625,
      "recall": 0.8333333333333334,
      "f1-score": 0.7142857142857143,
      "support": 6.0
    },
    "Eight": {
      "precision": 0.5,
      "recall": 0.3333333333333333,
      "f1-score": 0.4,
      "support": 6.0
    },
    "Nine": {
      "precision": 0.8,
      "recall": 0.6666666666666666,
      "f1-score": 0.7272727272727272,
      "support": 6.0
    },
    "Static": {
      "precision": 1.0,
      "recall": 1.0,
      "f1-score": 1.0,
      "support": 6.0
    },
    "accuracy": 0.8181818181818182,
    "macro avg": {
      "precision": 0.8254329004329005,
      "recall": 0.8181818181818182,
      "f1-score": 0.808273544637181,
      "support": 66.0
    },
    "weighted avg": {
      "precision": 0.8254329004329004,
      "recall": 0.8181818181818182,
      "f1-score": 0.8082735446371809,
      "support": 66.0
    }
  },
  "confidence_stats": {
    "mean": 0.7611729502677917,
    "min": 0.3085656464099884,
    "max": 0.9993849992752075,
    "std": 0.16539858281612396
  },
  "error_analysis": {
    "total_errors": 12,
    "error_rate": 0.18181818181818182,
    "low_confidence_predictions": 7
  },
  "training_history": {
    "epochs_trained": 20,
    "final_train_accuracy": 0.9194312691688538,
    "final_val_accuracy": 0.9245283007621765,
    "final_train_loss": 0.33575907349586487,
    "final_val_loss": 0.33876940608024597,
    "best_val_accuracy": 0.9245283007621765,
    "best_val_accuracy_epoch": 19,
    "train_accuracy_history": [
      0.14218010008335114,
      0.1611374467611313,
      0.274881511926651,
      0.31753554940223694,
      0.3744075894355774,
      0.450236976146698,
      0.5260663628578186,
      0.6398104429244995,
      0.7298578023910522,
      0.7819905281066895,
      0.8104265332221985,
      0.829383909702301,
      0.8483412265777588,
      0.8720378875732422,
      0.8767772316932678,
      0.8815165758132935,
      0.8957346081733704,
      0.9099525809288025,
      0.9099525809288025,
      0.9194312691688538
    ],
    "val_accuracy_history": [
      0.16981132328510284,
      0.24528302252292633,
      0.3396226465702057,
      0.4150943458080292,
      0.4528301954269409,
      0.5094339847564697,
      0.6226415038108826,
      0.6415094137191772,
      0.7735849022865295,
      0.8679245114326477,
      0.8679245114326477,
      0.849056601524353,
      0.849056601524353,
      0.849056601524353,
      0.849056601524353,
      0.849056601524353,
      0.849056601524353,
      0.9056603908538818,
      0.9245283007621765,
      0.9245283007621765
    ],
    "train_loss_history": [
      2.412734270095825,
      2.335658073425293,
      2.2652320861816406,
      2.172307252883911,
      2.0485570430755615,
      1.8890514373779297,
      1.6916874647140503,
      1.4630407094955444,
      1.2228814363479614,
      1.003578782081604,
      0.8288673758506775,
      0.7043925523757935,
      0.6157246232032776,
      0.5476872324943542,
      0.4945549964904785,
      0.45232871174812317,
      0.4161234498023987,
      0.38564321398735046,
      0.35940906405448914,
      0.33575907349586487
    ],
    "val_loss_history": [
      2.358055591583252,
      2.2950074672698975,
      2.2140891551971436,
      2.1038730144500732,
      1.9609601497650146,
      1.777901291847229,
      1.5570788383483887,
      1.3147021532058716,
      1.0758111476898193,
      0.8729037046432495,
      0.7254389524459839,
      0.6238764524459839,
      0.5515800714492798,
      0.4988495409488678,
      0.45676925778388977,
      0.4259220063686371,
      0.3988604247570038,
      0.375605046749115,
      0.35642382502555847,
      0.33876940608024597
    ]
  }
}