{
  "best_params": {
    "use_dropout": false,
    "learning_rate": 0.0010561871914860227,
    "batch_size": 16
  },
  "model_type": "1D_CNN_Arduino",
  "timestamp": "20250717_225642",
  "arduino_mode": true,
  "performance": {
    "test_accuracy": 0.8484848737716675,
    "test_loss": 0.5359993577003479
  },
  "file_size_mb": 0.055057525634765625
}