{
  "best_params": {
    "use_dropout": false,
    "learning_rate": 0.0005130207002968113,
    "batch_size": 32
  },
  "model_type": "1D_CNN_Arduino",
  "timestamp": "20250717_213157",
  "arduino_mode": true,
  "performance": {
    "test_accuracy": 0.1666666716337204,
    "test_loss": 2.1366465091705322
  },
  "file_size_mb": 0.0008392333984375
}