{
  "best_params": {
    "use_dropout": false,
    "learning_rate": 0.0007714908084745929,
    "batch_size": 16
  },
  "model_type": "1D_CNN_Arduino",
  "timestamp": "20250717_214326",
  "arduino_mode": true,
  "performance": {
    "test_accuracy": 0.27272728085517883,
    "test_loss": 2.087883949279785
  },
  "file_size_mb": 0.054599761962890625
}