{
  "model_type": "1D_CNN",
  "mode": "arduino",
  "timestamp": "20250717_211443",
  "best_params": {
    "n_conv_layers": 2,
    "conv1_filters": 25,
    "conv1_kernel": 3,
    "conv2_filters": 26,
    "conv2_kernel": 5,
    "dense_units": 17,
    "learning_rate": 0.0003774757128548917,
    "use_dropout": false
  },
  "test_accuracy": 0.3484848439693451,
  "file_size_mb": 0.0006618499755859375
}