{
  "timestamp": "20250707_155155",
  "test_loss": 0.13344928622245789,
  "test_accuracy": 0.949999988079071,
  "class_distribution": {
    "true": {
      "0": 2,
      "8": 2,
      "2": 2,
      "1": 2,
      "3": 2,
      "9": 2,
      "6": 2,
      "7": 2,
      "4": 2,
      "5": 2
    },
    "predicted": {
      "0": 2,
      "8": 2,
      "2": 1,
      "1": 2,
      "3": 2,
      "9": 2,
      "6": 2,
      "7": 3,
      "4": 2,
      "5": 2
    }
  },
  "per_class_accuracy": {
    "Gesture_0": 1.0,
    "Gesture_1": 1.0,
    "Gesture_2": 0.5,
    "Gesture_3": 1.0,
    "Gesture_4": 1.0,
    "Gesture_5": 1.0,
    "Gesture_6": 1.0,
    "Gesture_7": 1.0,
    "Gesture_8": 1.0,
    "Gesture_9": 1.0
  },
  "confusion_matrix": [
    [
      2,
      0,
      0,
      0,
      0,
      0,
      0,
      0,
      0,
      0
    ],
    [
      0,
      2,
      0,
      0,
      0,
      0,
      0,
      0,
      0,
      0
    ],
    [
      0,
      0,
      1,
      0,
      0,
      0,
      0,
      1,
      0,
      0
    ],
    [
      0,
      0,
      0,
      2,
      0,
      0,
      0,
      0,
      0,
      0
    ],
    [
      0,
      0,
      0,
      0,
      2,
      0,
      0,
      0,
      0,
      0
    ],
    [
      0,
      0,
      0,
      0,
      0,
      2,
      0,
      0,
      0,
      0
    ],
    [
      0,
      0,
      0,
      0,
      0,
      0,
      2,
      0,
      0,
      0
    ],
    [
      0,
      0,
      0,
      0,
      0,
      0,
      0,
      2,
      0,
      0
    ],
    [
      0,
      0,
      0,
      0,
      0,
      0,
      0,
      0,
      2,
      0
    ],
    [
      0,
      0,
      0,
      0,
      0,
      0,
      0,
      0,
      0,
      2
    ]
  ],
  "classification_report": {
    "Gesture_0": {
      "precision": 1.0,
      "recall": 1.0,
      "f1-score": 1.0,
      "support": 2.0
    },
    "Gesture_1": {
      "precision": 1.0,
      "recall": 1.0,
      "f1-score": 1.0,
      "support": 2.0
    },
    "Gesture_2": {
      "precision": 1.0,
      "recall": 0.5,
      "f1-score": 0.6666666666666666,
      "support": 2.0
    },
    "Gesture_3": {
      "precision": 1.0,
      "recall": 1.0,
      "f1-score": 1.0,
      "support": 2.0
    },
    "Gesture_4": {
      "precision": 1.0,
      "recall": 1.0,
      "f1-score": 1.0,
      "support": 2.0
    },
    "Gesture_5": {
      "precision": 1.0,
      "recall": 1.0,
      "f1-score": 1.0,
      "support": 2.0
    },
    "Gesture_6": {
      "precision": 1.0,
      "recall": 1.0,
      "f1-score": 1.0,
      "support": 2.0
    },
    "Gesture_7": {
      "precision": 0.6666666666666666,
      "recall": 1.0,
      "f1-score": 0.8,
      "support": 2.0
    },
    "Gesture_8": {
      "precision": 1.0,
      "recall": 1.0,
      "f1-score": 1.0,
      "support": 2.0
    },
    "Gesture_9": {
      "precision": 1.0,
      "recall": 1.0,
      "f1-score": 1.0,
      "support": 2.0
    },
    "accuracy": 0.95,
    "macro avg": {
      "precision": 0.9666666666666666,
      "recall": 0.95,
      "f1-score": 0.9466666666666667,
      "support": 20.0
    },
    "weighted avg": {
      "precision": 0.9666666666666666,
      "recall": 0.95,
      "f1-score": 0.9466666666666667,
      "support": 20.0
    }
  },
  "confidence_stats": {
    "mean": 0.9445338249206543,
    "min": 0.5410935282707214,
    "max": 1.0,
    "std": 0.10767555981874466
  },
  "error_analysis": {
    "total_errors": 1,
    "error_rate": 0.05,
    "low_confidence_predictions": 0
  },
  "training_history": {
    "epochs_trained": 49,
    "final_train_accuracy": 1.0,
    "final_val_accuracy": 1.0,
    "final_train_loss": 0.001823411788791418,
    "final_val_loss": 0.07740986347198486,
    "best_val_accuracy": 1.0,
    "best_val_accuracy_epoch": 33,
    "train_accuracy_history": [
      0.125,
      0.5625,
      0.625,
      0.703125,
      0.84375,
      0.84375,
      0.796875,
      0.875,
      0.90625,
      0.890625,
      0.859375,
      0.9375,
      0.890625,
      0.875,
      0.9375,
      0.9375,
      0.90625,
      0.9375,
      0.953125,
      0.96875,
      0.96875,
      0.953125,
      0.984375,
      0.984375,
      0.984375,
      0.984375,
      0.984375,
      0.984375,
      0.984375,
      1.0,
      1.0,
      0.984375,
      1.0,
      1.0,
      1.0,
      1.0,
      1.0,
      1.0,
      1.0,
      1.0,
      1.0,
      1.0,
      1.0,
      1.0,
      1.0,
      1.0,
      1.0,
      1.0,
      1.0
    ],
    "val_accuracy_history": [
      0.5,
      0.5,
      0.625,
      0.75,
      0.75,
      0.875,
      0.8125,
      0.9375,
      0.875,
      0.9375,
      0.875,
      0.9375,
      0.9375,
      0.875,
      0.9375,
      0.9375,
      0.875,
      0.875,
      0.9375,
      0.875,
      0.875,
      0.9375,
      0.9375,
      0.875,
      0.875,
      0.9375,
      0.9375,
      0.9375,
      0.9375,
      0.9375,
      0.9375,
      0.9375,
      1.0,
      1.0,
      1.0,
      0.9375,
      0.9375,
      0.9375,
      0.875,
      0.9375,
      0.9375,
      0.9375,
      0.9375,
      0.875,
      0.875,
      0.875,
      0.9375,
      0.9375,
      1.0
    ],
    "train_loss_history": [
      2.292567729949951,
      1.8719565868377686,
      1.2833995819091797,
      0.8291798830032349,
      0.5475171208381653,
      0.5146911144256592,
      0.39849942922592163,
      0.3301280736923218,
      0.29083213210105896,
      0.30308836698532104,
      0.2660391330718994,
      0.23513081669807434,
      0.22492986917495728,
      0.19007834792137146,
      0.2004815936088562,
      0.1678287535905838,
      0.15889756381511688,
      0.14782027900218964,
      0.11428380757570267,
      0.11359920352697372,
      0.10254937410354614,
      0.07774943113327026,
      0.08352474868297577,
      0.06043494865298271,
      0.057610027492046356,
      0.05485701560974121,
      0.043288711458444595,
      0.03974183648824692,
      0.03886623680591583,
      0.028604213148355484,
      0.026688866317272186,
      0.02661535143852234,
      0.018638286739587784,
      0.015580514445900917,
      0.017232567071914673,
      0.012544075027108192,
      0.010224610567092896,
      0.010445434600114822,
      0.008127125911414623,
      0.005726057104766369,
      0.005438221152871847,
      0.005656513385474682,
      0.004720338620245457,
      0.0035064583644270897,
      0.0030013560317456722,
      0.0029769649263471365,
      0.0028224571142345667,
      0.002336089266464114,
      0.001823411788791418
    ],
    "val_loss_history": [
      1.931098461151123,
      1.3902817964553833,
      0.9461313486099243,
      0.6203345656394958,
      0.680441677570343,
      0.34662675857543945,
      0.32170385122299194,
      0.45521050691604614,
      0.4848653972148895,
      0.40285250544548035,
      0.24390140175819397,
      0.15004919469356537,
      0.23261496424674988,
      0.36869630217552185,
      0.3265710175037384,
      0.17676010727882385,
      0.16084706783294678,
      0.21786579489707947,
      0.22307100892066956,
      0.270781934261322,
      0.22965559363365173,
      0.13473758101463318,
      0.12555207312107086,
      0.20265477895736694,
      0.2348160296678543,
      0.19742059707641602,
      0.12961426377296448,
      0.08766736090183258,
      0.10731250047683716,
      0.1526891142129898,
      0.16175252199172974,
      0.11864516139030457,
      0.0719817504286766,
      0.059205591678619385,
      0.07366086542606354,
      0.10309422016143799,
      0.12679094076156616,
      0.12443957477807999,
      0.10531047731637955,
      0.08879058808088303,
      0.08181902021169662,
      0.08320867270231247,
      0.09205326437950134,
      0.10601812601089478,
      0.11790601164102554,
      0.11967308074235916,
      0.10940295457839966,
      0.0927969291806221,
      0.07740986347198486
    ]
  }
}