{
  "predictions": [
    0,
    8,
    2,
    1,
    3,
    9,
    1,
    6,
    7,
    0,
    6,
    4,
    8,
    3,
    4,
    7,
    5,
    9,
    5,
    2
  ],
  "true_labels": [
    0,
    8,
    2,
    1,
    3,
    9,
    1,
    6,
    7,
    0,
    6,
    4,
    8,
    3,
    4,
    7,
    5,
    9,
    5,
    2
  ],
  "probabilities": [
    [
      0.9886128306388855,
      0.0006996719166636467,
      1.8409415361020365e-06,
      7.20187429692487e-08,
      1.2544209226916792e-08,
      1.0073050589198829e-06,
      0.010680893436074257,
      6.234477609723399e-07,
      1.1539659681147896e-06,
      1.9404947124712635e-06
    ],
    [
      3.162722123306594e-06,
      1.870059895736631e-05,
      9.188750027533388e-07,
      2.7780455269521553e-08,
      1.9536113171625402e-08,
      6.587310963368509e-08,
      1.5677616147513618e-06,
      1.3422097211446271e-08,
      0.7826712131500244,
      0.21730439364910126
    ],
    [
      7.021139936114196e-06,
      0.0006964352214708924,
      0.9992275834083557,
      1.1834109500341583e-05,
      1.5322975110976245e-09,
      2.2044857259095885e-12,
      1.6632289989715332e-10,
      3.9718936022836715e-05,
      8.835083463054616e-06,
      8.502972377755214e-06
    ],
    [
      0.0030403858982026577,
      0.6645267009735107,
      0.0006401069113053381,
      0.0002593446697574109,
      9.48834610881022e-08,
      3.333327169841027e-09,
      7.479057373416254e-09,
      0.33153218030929565,
      2.0902221820051636e-07,
      8.809467431092344e-07
    ],
    [
      7.572371032438241e-07,
      3.5600748694505913e-13,
      1.2780243196175434e-05,
      0.9998945593833923,
      7.585656476294389e-07,
      9.3791085805533e-15,
      3.1056043153787627e-12,
      9.122115443460643e-05,
      5.856760909583869e-11,
      3.811425342004071e-10
    ],
    [
      3.709028896992095e-05,
      4.625951623893343e-05,
      1.4583143581603508e-07,
      5.341974542716343e-07,
      1.3819109767609916e-07,
      0.00021061854204162955,
      9.334826813756081e-07,
      1.2104610647156733e-08,
      0.00020412408048287034,
      0.9995001554489136
    ],
    [
      4.529713623924181e-05,
      0.9993804693222046,
      5.920740477449726e-06,
      6.783411521382732e-08,
      7.987504879736207e-09,
      1.2237447499785503e-08,
      5.9465321555762785e-08,
      0.0005653986590914428,
      1.9394676655792864e-06,
      7.767461056573666e-07
    ],
    [
      0.07531584054231644,
      0.0004008698742836714,
      6.619189463208386e-08,
      3.6165715755487327e-08,
      1.3954759481293877e-07,
      6.14991076872684e-05,
      0.9239764213562012,
      8.458820310863757e-09,
      8.069563045864925e-05,
      0.0001644957228563726
    ],
    [
      8.013279875740409e-05,
      0.0002823287795763463,
      3.251186853958643e-06,
      1.8204966181656346e-05,
      3.073828835908898e-08,
      3.712192220284294e-10,
      1.873328381307715e-09,
      0.9996160864830017,
      2.6787562390495623e-08,
      2.263267973034999e-08
    ],
    [
      0.9998343586921692,
      5.1384664402576163e-05,
      2.607088163131266e-06,
      3.553465788286303e-08,
      1.7779608341150777e-10,
      1.504779911787324e-10,
      0.00010828925587702543,
      3.362580173416063e-06,
      2.4365998108066833e-09,
      2.9421123315387376e-09
    ],
    [
      0.01333491038531065,
      5.7686662330524996e-05,
      3.483120281089214e-08,
      9.508889675657883e-09,
      4.0259507727569144e-08,
      3.245235120630241e-06,
      0.9865397810935974,
      5.229966681952192e-09,
      3.579094118322246e-05,
      2.850450800906401e-05
    ],
    [
      5.671427061315626e-07,
      1.650961865693277e-23,
      3.0392370477944075e-12,
      3.0249902920331806e-06,
      0.9999964237213135,
      6.0736692300447474e-15,
      4.67581443649034e-17,
      8.283477528035765e-13,
      6.303540046707912e-13,
      4.6697951061602794e-11
    ],
    [
      2.644831056386465e-07,
      1.2194112741781282e-06,
      2.5101536493821186e-07,
      4.101378348053686e-09,
      1.958905260224242e-09,
      2.036045776421247e-09,
      2.0436870329376688e-07,
      1.6984271766773418e-09,
      0.9454584717750549,
      0.05453963950276375
    ],
    [
      7.032707799226046e-05,
      2.1141499788752396e-15,
      1.6162650808837498e-06,
      0.9467371106147766,
      0.05310237780213356,
      6.916496455428023e-12,
      1.1252334480849058e-10,
      8.858151704771444e-05,
      6.0749925090419765e-09,
      1.0168425745860077e-07
    ],
    [
      1.2651963743337546e-06,
      1.1025376233390877e-22,
      1.991694829894808e-11,
      4.078100755577907e-05,
      0.9999579787254333,
      1.2539609582358328e-14,
      2.9184814012200497e-16,
      1.3664704784366322e-11,
      1.5163571353421501e-12,
      1.5781687068283645e-10
    ],
    [
      0.004302171058952808,
      0.16010388731956482,
      0.0002679792232811451,
      0.0001037467663991265,
      1.4632164493377786e-05,
      1.561475755806896e-06,
      1.1660017662507016e-05,
      0.8348013758659363,
      0.00032276177080348134,
      7.023820944596082e-05
    ],
    [
      4.634375159184856e-07,
      2.5168137973013982e-12,
      1.472788037700504e-22,
      1.4967911799392453e-15,
      2.8510273501303023e-15,
      0.9999995231628418,
      2.6803452349399956e-16,
      5.2210315482897315e-21,
      8.048254940159656e-17,
      2.9141144608502145e-08
    ],
    [
      1.9930276096147281e-07,
      8.134853146657406e-07,
      1.057661069836513e-08,
      1.254495263225408e-08,
      2.1771189295805016e-09,
      1.1158755341966753e-06,
      4.205009318525299e-08,
      1.9028459363745753e-10,
      0.00011282692867098376,
      0.9998849630355835
    ],
    [
      9.814046961764689e-07,
      4.0244023391533545e-12,
      3.927739961708356e-22,
      2.7534497898813173e-15,
      7.902533641845292e-15,
      0.9999990463256836,
      4.473278932634486e-16,
      1.6832870202686958e-20,
      1.2933441362832478e-16,
      1.981148045615555e-08
    ],
    [
      7.865094084991142e-05,
      0.05868084728717804,
      0.9392643570899963,
      3.321796248201281e-05,
      1.7801194962530076e-09,
      1.1325327828326515e-11,
      4.75610884009825e-10,
      0.0019372734241187572,
      1.24703024084738e-06,
      4.444441856321646e-06
    ]
  ],
  "confidence_scores": [
    0.9886128306388855,
    0.7826712131500244,
    0.9992275834083557,
    0.6645267009735107,
    0.9998945593833923,
    0.9995001554489136,
    0.9993804693222046,
    0.9239764213562012,
    0.9996160864830017,
    0.9998343586921692,
    0.9865397810935974,
    0.9999964237213135,
    0.9454584717750549,
    0.9467371106147766,
    0.9999579787254333,
    0.8348013758659363,
    0.9999995231628418,
    0.9998849630355835,
    0.9999990463256836,
    0.9392643570899963
  ],
  "correct_predictions": [
    true,
    true,
    true,
    true,
    true,
    true,
    true,
    true,
    true,
    true,
    true,
    true,
    true,
    true,
    true,
    true,
    true,
    true,
    true,
    true
  ]
}