{
  "predictions": [
    0,
    9,
    2,
    1,
    3,
    9,
    1,
    6,
    7,
    0,
    6,
    4,
    9,
    3,
    4,
    7,
    5,
    9,
    5,
    2
  ],
  "true_labels": [
    0,
    8,
    2,
    1,
    3,
    9,
    1,
    6,
    7,
    0,
    6,
    4,
    8,
    3,
    4,
    7,
    5,
    9,
    5,
    2
  ],
  "probabilities": [
    [
      0.4245196282863617,
      0.11769239604473114,
      0.03301972895860672,
      0.005039876792579889,
      0.07049330323934555,
      0.004817831330001354,
      0.2947988212108612,
      0.046695955097675323,
      0.0013319805730134249,
      0.00159044552128762
    ],
    [
      4.531340891844593e-05,
      0.0042953952215611935,
      0.00047102838288992643,
      0.000983041012659669,
      0.004102145787328482,
      0.026532314717769623,
      0.005249792709946632,
      0.00030063974554650486,
      0.1534595787525177,
      0.804560661315918
    ],
    [
      0.005613519810140133,
      0.011755485087633133,
      0.9581937789916992,
      0.005207460839301348,
      0.008224464021623135,
      0.0005957818357273936,
      0.001658707857131958,
      0.0055093225091695786,
      0.0009293914190493524,
      0.0023121193516999483
    ],
    [
      0.01321432739496231,
      0.81353759765625,
      0.015946565195918083,
      0.0019078855402767658,
      0.00683935359120369,
      0.0014012833125889301,
      0.007783898152410984,
      0.13116656243801117,
      0.0029572434723377228,
      0.005245309788733721
    ],
    [
      0.028267979621887207,
      0.0010046554962173104,
      0.06681399792432785,
      0.8545665740966797,
      0.03257783502340317,
      0.002549896016716957,
      0.0007582149119116366,
      0.003800745587795973,
      0.005905502010136843,
      0.0037545296363532543
    ],
    [
      6.685531116090715e-05,
      0.006140765734016895,
      0.0004813407431356609,
      0.0011002522660419345,
      0.0051359934732317924,
      0.0483175627887249,
      0.004206141922622919,
      0.0003034273104276508,
      0.04466386139392853,
      0.8895838260650635
    ],
    [
      0.002428961917757988,
      0.9152511358261108,
      0.002548153279349208,
      0.0005068608443252742,
      0.0011067560408264399,
      0.003934675827622414,
      0.0038588466122746468,
      0.06001819670200348,
      0.003059936920180917,
      0.007286462001502514
    ],
    [
      0.00855339877307415,
      0.016847018152475357,
      0.001299213501624763,
      0.00015252888260874897,
      0.0022429777309298515,
      0.009305200539529324,
      0.9560319781303406,
      0.002030271105468273,
      0.0012673985911533237,
      0.00226993253454566
    ],
    [
      0.009154483675956726,
      0.06433504819869995,
      0.0019934815354645252,
      0.0010209111496806145,
      0.0009083537152037024,
      0.0003544421633705497,
      0.0010240520350635052,
      0.9180918335914612,
      0.002615054603666067,
      0.0005023246631026268
    ],
    [
      0.7686604261398315,
      0.013177861459553242,
      0.058025211095809937,
      0.02452101744711399,
      0.021195784211158752,
      0.0013918793993070722,
      0.05610469728708267,
      0.05533957481384277,
      0.0013752647209912539,
      0.00020817501354031265
    ],
    [
      0.00940251350402832,
      0.01108965091407299,
      0.0011880795937031507,
      0.0001531633170088753,
      0.002141467994078994,
      0.006218594964593649,
      0.9651363492012024,
      0.0022298642434179783,
      0.0010624496499076486,
      0.0013779724249616265
    ],
    [
      0.005741062108427286,
      0.0008386941626667976,
      0.00538649782538414,
      0.008913436904549599,
      0.9669937491416931,
      0.002459280425682664,
      0.0031731699127703905,
      0.0007681719725951552,
      0.0002706647210288793,
      0.005455301143229008
    ],
    [
      4.372295006760396e-05,
      0.004226656164973974,
      0.0004874710866715759,
      0.0009508724324405193,
      0.004267043434083462,
      0.026250677183270454,
      0.005131130572408438,
      0.0003155264421366155,
      0.14603541791439056,
      0.8122915029525757
    ],
    [
      0.011692621745169163,
      0.0005530553171411157,
      0.013875084929168224,
      0.9233989715576172,
      0.035123758018016815,
      0.003102539572864771,
      0.00022412512043956667,
      0.0027577485889196396,
      0.005412680096924305,
      0.0038593474309891462
    ],
    [
      0.0060436842031776905,
      0.0008801848744042218,
      0.005639517214149237,
      0.01011465210467577,
      0.9641128778457642,
      0.002760129515081644,
      0.0032084055710583925,
      0.0007721715955995023,
      0.00031553939334116876,
      0.006152872461825609
    ],
    [
      0.007759480737149715,
      0.3163563013076782,
      0.0030433200299739838,
      0.0016571091255173087,
      0.0010048766853287816,
      0.001959070563316345,
      0.002441159915179014,
      0.6548049449920654,
      0.007760406006127596,
      0.0032132170163094997
    ],
    [
      0.0013813326368108392,
      0.001178134698420763,
      0.0003495757991913706,
      0.0029588600154966116,
      0.001479036407545209,
      0.9723631143569946,
      0.007287303917109966,
      0.0011442063841968775,
      0.0046690963208675385,
      0.007189279887825251
    ],
    [
      4.307481140131131e-05,
      0.004384940955787897,
      0.0004291099321562797,
      0.000925533939152956,
      0.004558002110570669,
      0.032587528228759766,
      0.003229682333767414,
      0.0002533765509724617,
      0.04263356700539589,
      0.9109551310539246
    ],
    [
      0.0013781929155811667,
      0.0012270661536604166,
      0.0003422822046559304,
      0.002867532894015312,
      0.0014952811179682612,
      0.9722239971160889,
      0.007398402318358421,
      0.0011820719810202718,
      0.004629742354154587,
      0.0072554429061710835
    ],
    [
      0.012106434442102909,
      0.056383680552244186,
      0.8541898131370544,
      0.010585498996078968,
      0.014834854751825333,
      0.0008701658225618303,
      0.003634579246863723,
      0.03843986988067627,
      0.002919025719165802,
      0.006035961210727692
    ]
  ],
  "confidence_scores": [
    0.4245196282863617,
    0.804560661315918,
    0.9581937789916992,
    0.81353759765625,
    0.8545665740966797,
    0.8895838260650635,
    0.9152511358261108,
    0.9560319781303406,
    0.9180918335914612,
    0.7686604261398315,
    0.9651363492012024,
    0.9669937491416931,
    0.8122915029525757,
    0.9233989715576172,
    0.9641128778457642,
    0.6548049449920654,
    0.9723631143569946,
    0.9109551310539246,
    0.9722239971160889,
    0.8541898131370544
  ],
  "correct_predictions": [
    true,
    false,
    true,
    true,
    true,
    true,
    true,
    true,
    true,
    true,
    true,
    true,
    false,
    true,
    true,
    true,
    true,
    true,
    true,
    true
  ]
}