{
  "predictions": [
    0,
    8,
    2,
    7,
    3,
    9,
    1,
    6,
    7,
    0,
    6,
    4,
    8,
    3,
    4,
    1,
    5,
    9,
    5,
    2
  ],
  "true_labels": [
    0,
    8,
    2,
    1,
    3,
    9,
    1,
    6,
    7,
    0,
    6,
    4,
    8,
    3,
    4,
    7,
    5,
    9,
    5,
    2
  ],
  "probabilities": [
    [
      0.8265416026115417,
      0.01049256045371294,
      0.0003484698536340147,
      4.730454384116456e-05,
      4.8224723769862976e-08,
      4.6798409591986e-10,
      0.16252528131008148,
      2.9857286790502258e-05,
      2.594314310044865e-06,
      1.238635741174221e-05
    ],
    [
      1.4373242152032617e-08,
      1.833374896342832e-09,
      0.0001512040034867823,
      1.857500819824054e-08,
      5.542275175685063e-06,
      1.0965870387735777e-05,
      2.082440460071666e-06,
      1.1600975291514715e-08,
      0.6419438719749451,
      0.3578862249851227
    ],
    [
      1.7678668882581405e-05,
      4.7560737925778085e-07,
      0.9985664486885071,
      8.949695256887935e-06,
      8.686845944794186e-07,
      9.726291771983142e-09,
      5.842538257638807e-07,
      1.7328880858258344e-05,
      0.0010929142590612173,
      0.0002946709282696247
    ],
    [
      2.5506515157758258e-05,
      0.36930009722709656,
      0.0017068845918402076,
      0.002686023712158203,
      1.0394248306511145e-07,
      9.621207652799058e-08,
      7.060432380967541e-06,
      0.6259449124336243,
      0.00027688342379406095,
      5.246309956419282e-05
    ],
    [
      4.0637383790453896e-05,
      2.993793373207154e-07,
      0.02207171358168125,
      0.9756736159324646,
      0.0017353248549625278,
      7.235430530272424e-06,
      4.85479495182517e-06,
      4.440582051756792e-05,
      0.0002744495286606252,
      0.00014750014815945178
    ],
    [
      1.880588229141722e-06,
      8.008071290532826e-07,
      0.0029141667764633894,
      2.3874649741628673e-06,
      0.00018518757133278996,
      0.001234307186678052,
      2.150544969481416e-05,
      2.8194274364068406e-06,
      0.14781714975833893,
      0.8478198647499084
    ],
    [
      0.0006338045350275934,
      0.9575618505477905,
      0.004560208413749933,
      3.982312045991421e-05,
      1.0660374272219997e-07,
      2.2635207486132458e-08,
      6.72267415211536e-05,
      0.03125828877091408,
      0.005356495268642902,
      0.0005221564788371325
    ],
    [
      0.017910398542881012,
      5.320445779943839e-06,
      3.2776410989754368e-06,
      1.475857942523362e-07,
      7.525030554234036e-08,
      4.518608420767123e-08,
      0.9820254445075989,
      4.931852259915104e-09,
      2.128670530510135e-06,
      5.3185107390163466e-05
    ],
    [
      2.2198080387170194e-06,
      0.12409975379705429,
      5.793747914140113e-05,
      0.0004344314511399716,
      1.1187257342726298e-08,
      1.3149718647298414e-08,
      1.135453885581228e-06,
      0.8753774166107178,
      2.087213761114981e-05,
      6.2934063862485345e-06
    ],
    [
      0.8647863268852234,
      0.008430915884673595,
      0.00029471793095581234,
      7.090685539878905e-05,
      8.109114268961548e-09,
      3.82758321565424e-12,
      0.1263715773820877,
      4.3656335037667304e-05,
      2.7486083808980766e-07,
      1.547275928714953e-06
    ],
    [
      0.01948649063706398,
      2.5751348857738776e-06,
      7.414648166559346e-07,
      1.0863508492775509e-07,
      1.4776913914715806e-08,
      4.6019850152845265e-09,
      0.9805041551589966,
      2.0917825249711086e-09,
      2.3919068325994886e-07,
      5.761747615906643e-06
    ],
    [
      2.4388940644826107e-08,
      7.783479806858229e-13,
      6.941739343346853e-07,
      0.0011366648832336068,
      0.998738706111908,
      0.00011568722402444109,
      1.5873803660415575e-10,
      1.81813633592931e-10,
      4.466064069674758e-07,
      7.781837666698266e-06
    ],
    [
      3.8143332936613206e-09,
      3.472074572297146e-10,
      6.894869147799909e-05,
      7.516145039687672e-09,
      3.1925544590194477e-06,
      8.671701834828127e-06,
      9.896224355543382e-07,
      4.095071393095395e-09,
      0.6671574115753174,
      0.33276069164276123
    ],
    [
      4.1535449781804346e-06,
      2.377124275199094e-09,
      0.00024138095614034683,
      0.8140880465507507,
      0.18542194366455078,
      0.00010356093844166026,
      1.4040880103038944e-07,
      6.481807872660283e-07,
      5.784966560895555e-05,
      8.230450475821272e-05
    ],
    [
      5.13026492399149e-08,
      1.5768176694908043e-12,
      1.9211745438951766e-06,
      0.00452107097953558,
      0.9953768253326416,
      8.985200838651508e-05,
      2.9387142719272674e-10,
      4.921946183955583e-10,
      8.245251592597924e-07,
      9.460502042202279e-06
    ],
    [
      0.00014953406935092062,
      0.7096412777900696,
      0.0008720345213077962,
      0.000297846389003098,
      2.2420690015678701e-07,
      2.26805639158556e-07,
      3.68453111150302e-05,
      0.2857876121997833,
      0.0029175991658121347,
      0.00029686858761124313
    ],
    [
      3.066703141429983e-11,
      2.258715089964447e-11,
      5.164893845943652e-09,
      4.4029183077221035e-10,
      1.4856855159450788e-06,
      0.9988595843315125,
      3.845136709035302e-11,
      1.9767658621105966e-09,
      5.144377723809157e-08,
      0.001138922874815762
    ],
    [
      1.7724941869801114e-07,
      3.5091616723548213e-08,
      0.00065946439281106,
      1.4636646028520772e-07,
      3.297758667031303e-05,
      9.075841080630198e-05,
      1.0658069186320063e-05,
      1.0976370390380907e-07,
      0.30285727977752686,
      0.696348249912262
    ],
    [
      1.7671707153166238e-10,
      1.3897136219576112e-10,
      1.5822200438719847e-08,
      1.996750764732269e-09,
      3.6287042348703835e-06,
      0.9986974596977234,
      1.7865492418778217e-10,
      7.411318669880984e-09,
      1.1968292312758422e-07,
      0.0012988511007279158
    ],
    [
      0.00039065993041731417,
      0.001655030995607376,
      0.9949486255645752,
      3.618054688558914e-05,
      1.7647407446474972e-07,
      2.881976879365311e-09,
      1.0326856681786012e-05,
      0.001320818206295371,
      0.001337702269665897,
      0.0003005249600391835
    ]
  ],
  "confidence_scores": [
    0.8265416026115417,
    0.6419438719749451,
    0.9985664486885071,
    0.6259449124336243,
    0.9756736159324646,
    0.8478198647499084,
    0.9575618505477905,
    0.9820254445075989,
    0.8753774166107178,
    0.8647863268852234,
    0.9805041551589966,
    0.998738706111908,
    0.6671574115753174,
    0.8140880465507507,
    0.9953768253326416,
    0.7096412777900696,
    0.9988595843315125,
    0.696348249912262,
    0.9986974596977234,
    0.9949486255645752
  ],
  "correct_predictions": [
    true,
    true,
    true,
    false,
    true,
    true,
    true,
    true,
    true,
    true,
    true,
    true,
    true,
    true,
    true,
    false,
    true,
    true,
    true,
    true
  ]
}