{
  "predictions": [
    0,
    8,
    2,
    1,
    3,
    9,
    1,
    6,
    7,
    0,
    6,
    4,
    8,
    3,
    4,
    7,
    5,
    9,
    5,
    2
  ],
  "true_labels": [
    0,
    8,
    2,
    1,
    3,
    9,
    1,
    6,
    7,
    0,
    6,
    4,
    8,
    3,
    4,
    7,
    5,
    9,
    5,
    2
  ],
  "probabilities": [
    [
      0.5736866593360901,
      0.007552638649940491,
      0.000903972948435694,
      0.00066266959765926,
      0.0003129635297227651,
      0.0008748623076826334,
      0.41471654176712036,
      0.00043251001625321805,
      0.0003808272012975067,
      0.0004763271426782012
    ],
    [
      4.844610430154717e-06,
      0.0007105398690328002,
      0.00025104451924562454,
      0.00019308997434563935,
      7.662130519747734e-05,
      0.0001673103542998433,
      0.00023871709709055722,
      0.00012177926691947505,
      0.9932986497879028,
      0.0049373432993888855
    ],
    [
      0.000130320739117451,
      0.014353744685649872,
      0.9820694923400879,
      0.00013525378017220646,
      2.9284567062859423e-05,
      0.00015547791554126889,
      0.00010082716471515596,
      0.0005608073552139103,
      0.0006833979859948158,
      0.0017813582671806216
    ],
    [
      0.010862740688025951,
      0.9066081643104553,
      0.023669132962822914,
      0.023363731801509857,
      0.000882871332578361,
      0.002632119692862034,
      0.0003252322203479707,
      0.028624100610613823,
      0.0013644309947267175,
      0.001667512347921729
    ],
    [
      0.00013861284242011607,
      1.7450902305427007e-05,
      0.0005765181267634034,
      0.9963316321372986,
      0.002369911875575781,
      2.0910270905005746e-05,
      4.1113613406196237e-05,
      4.073903983226046e-05,
      0.00026258654543198645,
      0.0002006286522373557
    ],
    [
      2.069312358798925e-06,
      7.985560660017654e-05,
      0.00012862322910223156,
      3.16723198920954e-05,
      8.471596811432391e-05,
      0.0008085230365395546,
      0.00038032399606890976,
      5.7787525292951614e-05,
      0.00026256838464178145,
      0.9981638193130493
    ],
    [
      8.624120710010175e-06,
      0.9981404542922974,
      6.50603324174881e-05,
      9.850952665146906e-06,
      3.283546220700373e-06,
      0.00014820271462667733,
      6.65637562633492e-05,
      0.0012501260498538613,
      0.00026200219872407615,
      4.5873770432081074e-05
    ],
    [
      0.0012622313806787133,
      0.00017412514716852456,
      4.426236773724668e-05,
      7.968445970618632e-06,
      4.6213124733185396e-05,
      0.00012172703281976283,
      0.9980940818786621,
      3.6041925341123715e-05,
      6.660378130618483e-05,
      0.00014676907449029386
    ],
    [
      0.00028923721401952207,
      0.0011611912632361054,
      0.00021238542103674263,
      0.0001490176800871268,
      3.558460230124183e-05,
      9.380616393173113e-05,
      3.160526466672309e-05,
      0.9978313446044922,
      0.0001069243298843503,
      8.903531852411106e-05
    ],
    [
      0.9991195797920227,
      3.871349326800555e-05,
      2.2408750737668015e-05,
      7.821594044798985e-05,
      2.542596575949574e-06,
      4.434176844370086e-06,
      0.000718256167601794,
      1.2874768799520098e-05,
      1.228842961609189e-06,
      1.890349722089013e-06
    ],
    [
      0.0015411253552883863,
      0.0001232215581694618,
      3.8627487811027095e-05,
      7.028244453977095e-06,
      4.3091091356473044e-05,
      7.082681986503303e-05,
      0.9979729056358337,
      3.6487919715000317e-05,
      5.8640664065023884e-05,
      0.00010803756595123559
    ],
    [
      6.684619438601658e-05,
      8.92619254955207e-07,
      9.627136705603334e-07,
      0.00010383331391494721,
      0.9996281862258911,
      0.00012422043073456734,
      1.7365648091072217e-05,
      1.3120222320139874e-05,
      3.3310083381365985e-05,
      1.121834065997973e-05
    ],
    [
      4.926344558953133e-07,
      5.471172335091978e-05,
      4.352756877779029e-05,
      4.84805932501331e-05,
      1.2421563042153139e-05,
      1.547136162116658e-05,
      1.94050826394232e-05,
      2.0178496924927458e-05,
      0.9995519518852234,
      0.00023336354934144765
    ],
    [
      8.249479287769645e-05,
      1.4157046280161012e-05,
      0.00036708172410726547,
      0.9947233200073242,
      0.003030860098078847,
      2.875584686989896e-05,
      5.50363001821097e-05,
      0.0001342636242043227,
      0.0012551106046885252,
      0.0003090165264438838
    ],
    [
      9.45492647588253e-05,
      1.5533879604845424e-06,
      1.7538333167976816e-06,
      0.0002790757280308753,
      0.9993424415588379,
      0.00016855484864208847,
      2.1874373487662524e-05,
      1.6089101336547174e-05,
      5.6501521612517536e-05,
      1.7555761587573215e-05
    ],
    [
      0.00034460279857739806,
      0.0674828290939331,
      0.0011270006652921438,
      0.0002461639232933521,
      0.00019950747082475573,
      0.0016402548644691706,
      0.0005347005208022892,
      0.9223201870918274,
      0.004988686181604862,
      0.001116128289140761
    ],
    [
      4.901937427348457e-05,
      7.705830648774281e-05,
      3.504880442051217e-05,
      5.045182660978753e-06,
      0.0002451387117616832,
      0.9988600611686707,
      0.0003226063563488424,
      1.4990180716267787e-05,
      0.00011163052840856835,
      0.0002794527681544423
    ],
    [
      7.29491915762992e-08,
      6.015735380060505e-06,
      7.516880032198969e-06,
      2.837277634171187e-06,
      8.523265933035873e-06,
      5.5254186008824036e-05,
      5.192145545152016e-05,
      3.729680429387372e-06,
      3.431317600188777e-05,
      0.9998297691345215
    ],
    [
      6.66526539134793e-05,
      8.956828969530761e-05,
      3.3636355510680005e-05,
      4.7383018682012334e-06,
      0.0002326530375285074,
      0.9990474581718445,
      0.0003052612883038819,
      1.3303555533639155e-05,
      6.950405077077448e-05,
      0.00013729397323913872
    ],
    [
      0.0013038115575909615,
      0.3429671823978424,
      0.5874377489089966,
      0.0016480889171361923,
      0.0005256357253529131,
      0.003481462365016341,
      0.0015378814423456788,
      0.022325830534100533,
      0.007328818552196026,
      0.03144354745745659
    ]
  ],
  "confidence_scores": [
    0.5736866593360901,
    0.9932986497879028,
    0.9820694923400879,
    0.9066081643104553,
    0.9963316321372986,
    0.9981638193130493,
    0.9981404542922974,
    0.9980940818786621,
    0.9978313446044922,
    0.9991195797920227,
    0.9979729056358337,
    0.9996281862258911,
    0.9995519518852234,
    0.9947233200073242,
    0.9993424415588379,
    0.9223201870918274,
    0.9988600611686707,
    0.9998297691345215,
    0.9990474581718445,
    0.5874377489089966
  ],
  "correct_predictions": [
    true,
    true,
    true,
    true,
    true,
    true,
    true,
    true,
    true,
    true,
    true,
    true,
    true,
    true,
    true,
    true,
    true,
    true,
    true,
    true
  ]
}