{
  "predictions": [
    0,
    8,
    2,
    1,
    3,
    9,
    1,
    6,
    7,
    0,
    6,
    4,
    8,
    3,
    4,
    7,
    5,
    9,
    5,
    7
  ],
  "true_labels": [
    0,
    8,
    2,
    1,
    3,
    9,
    1,
    6,
    7,
    0,
    6,
    4,
    8,
    3,
    4,
    7,
    5,
    9,
    5,
    2
  ],
  "probabilities": [
    [
      0.8773083090782166,
      0.0011340135242789984,
      3.319518921893194e-12,
      4.9484701546923665e-14,
      9.416359835964783e-13,
      1.8381076216655856e-08,
      0.12155763059854507,
      2.6785659912320625e-08,
      2.172121510435332e-11,
      7.92126986226549e-09
    ],
    [
      8.713638839608854e-15,
      5.564115140854753e-12,
      9.649660411004124e-12,
      9.040682416299137e-17,
      1.6073784050850834e-23,
      1.1379991407897564e-15,
      4.41976667327963e-15,
      1.8492140110848432e-11,
      0.8101608157157898,
      0.189839169383049
    ],
    [
      4.7301499456954785e-17,
      3.933898984342932e-09,
      0.9999914169311523,
      2.6883215653583648e-08,
      1.729990762102085e-18,
      2.5526931028292815e-21,
      2.1760822733830237e-22,
      8.564336894778535e-06,
      1.1560124610834215e-15,
      1.7622463547011663e-13
    ],
    [
      1.5912812401097653e-08,
      0.9963628649711609,
      1.3018026934208393e-10,
      2.110562169477248e-09,
      5.298518785182282e-13,
      1.6272692998046002e-15,
      6.472556323376677e-13,
      0.0036370905581861734,
      3.0975960999771873e-14,
      3.5892607787822717e-14
    ],
    [
      1.2720397521910873e-17,
      1.5955302012367234e-19,
      7.195535545179155e-07,
      0.9999992847442627,
      3.410366988809699e-10,
      3.967960252126252e-17,
      9.489951237862084e-27,
      1.4771726593656997e-12,
      7.581336636270054e-26,
      1.2101715369549017e-20
    ],
    [
      7.708993859933955e-11,
      9.297335679114838e-10,
      4.990837965124229e-07,
      8.894812512406924e-13,
      3.2940555453348105e-16,
      7.425620014711587e-12,
      6.268556095208322e-13,
      4.1668304917585886e-10,
      2.8586937332875095e-06,
      0.9999966621398926
    ],
    [
      1.4322869557048534e-09,
      0.9172449111938477,
      2.1790296234058815e-09,
      3.14262678380306e-11,
      8.248927765624938e-16,
      3.402053304900918e-16,
      1.260643811562545e-10,
      0.08275493234395981,
      2.586482423794223e-07,
      1.1863459103977902e-09
    ],
    [
      0.013379924930632114,
      1.6163105101441033e-05,
      2.3284757368763342e-12,
      1.703609075912136e-14,
      3.752332239414027e-15,
      1.3916354291154676e-08,
      0.9848695397377014,
      6.7517000879036004e-09,
      1.789871589608083e-06,
      0.0017325604567304254
    ],
    [
      1.0021200580467848e-07,
      0.006196218077093363,
      3.426568584430356e-09,
      1.3981686919350977e-08,
      5.716638642495886e-13,
      1.0079464389869952e-13,
      3.576697549245722e-10,
      0.9938036203384399,
      4.1420777918688145e-09,
      2.4652724306406526e-11
    ],
    [
      0.9901865720748901,
      0.00010923373338300735,
      3.288317087699576e-14,
      3.7301721634479604e-16,
      1.7492555120330808e-14,
      1.946797389962285e-09,
      0.00970430951565504,
      1.7235730620512868e-09,
      1.2109785254372975e-14,
      1.1893321614012131e-12
    ],
    [
      0.004462745971977711,
      2.1731191736762412e-05,
      1.587656547029359e-12,
      1.2985029480968528e-14,
      3.001275113105454e-15,
      3.658857217203604e-09,
      0.9953759908676147,
      5.128653945973838e-09,
      1.8899202132161008e-06,
      0.00013767728523816913
    ],
    [
      1.3949471744987397e-19,
      1.7898905346144824e-27,
      7.465421867552598e-19,
      8.98929151602057e-13,
      0.9999918937683105,
      8.164929568010848e-06,
      2.5100313945989653e-30,
      4.971718941217168e-25,
      2.577392185252498e-35,
      3.4842057418698826e-24
    ],
    [
      2.335863817434368e-16,
      2.0863980031496365e-14,
      3.153545946512487e-13,
      1.3283874402748067e-18,
      4.681937851846908e-26,
      2.9629069558145577e-16,
      9.447684394432788e-17,
      1.3479362482964052e-13,
      0.8625088930130005,
      0.13749106228351593
    ],
    [
      8.524406224300063e-13,
      1.3172225699568722e-19,
      2.1107691594579592e-08,
      0.9254376888275146,
      0.07456150650978088,
      8.255349825958547e-07,
      6.1320069099486055e-22,
      1.089627086475753e-12,
      4.0373618401462953e-22,
      3.2617542085890637e-16
    ],
    [
      6.883797574654179e-19,
      4.474896685039787e-27,
      6.9238842981021474e-18,
      3.5939886483538075e-11,
      0.9999961853027344,
      3.7612869618897093e-06,
      3.97918417064085e-30,
      7.568000203110194e-24,
      1.2820502734538133e-34,
      1.0171084207019394e-23
    ],
    [
      3.1444766790400536e-08,
      0.003644612617790699,
      1.3302721590946476e-08,
      5.512623246772819e-09,
      9.657986216327075e-14,
      1.6720415471020017e-13,
      1.3854154490289261e-09,
      0.9963470697402954,
      8.139018063957337e-06,
      4.506469419851555e-09
    ],
    [
      6.510650959329345e-12,
      2.0075757477192944e-19,
      8.081859516504092e-16,
      5.0713981297705833e-20,
      5.974647690378931e-15,
      1.0,
      4.485733770438182e-19,
      4.278547289784354e-22,
      1.6016025864181086e-22,
      1.4513599740431649e-12
    ],
    [
      7.64658569617346e-15,
      8.845329254204143e-14,
      2.0108488485437448e-10,
      3.170083273779079e-16,
      3.001492909256676e-21,
      4.495982062598862e-16,
      1.6869495472022437e-15,
      8.234145516036045e-14,
      6.461272619162628e-07,
      0.9999994039535522
    ],
    [
      1.9124857253416394e-10,
      8.87830632438758e-19,
      5.527851164706096e-18,
      6.2277850841380396e-24,
      1.7546628197387627e-19,
      1.0,
      3.994950245615184e-18,
      4.131528986817869e-23,
      3.0471304942423056e-23,
      3.635665119655629e-12
    ],
    [
      3.3636828131872187e-12,
      0.3197973370552063,
      0.1391085684299469,
      5.201114277042507e-07,
      1.3827859450738552e-14,
      6.137561754918294e-19,
      1.2554330591465135e-16,
      0.5410935282707214,
      1.5639853507328633e-13,
      8.085231269217008e-12
    ]
  ],
  "confidence_scores": [
    0.8773083090782166,
    0.8101608157157898,
    0.9999914169311523,
    0.9963628649711609,
    0.9999992847442627,
    0.9999966621398926,
    0.9172449111938477,
    0.9848695397377014,
    0.9938036203384399,
    0.9901865720748901,
    0.9953759908676147,
    0.9999918937683105,
    0.8625088930130005,
    0.9254376888275146,
    0.9999961853027344,
    0.9963470697402954,
    1.0,
    0.9999994039535522,
    1.0,
    0.5410935282707214
  ],
  "correct_predictions": [
    true,
    true,
    true,
    true,
    true,
    true,
    true,
    true,
    true,
    true,
    true,
    true,
    true,
    true,
    true,
    true,
    true,
    true,
    true,
    false
  ]
}