{
  "predictions": [
    0,
    8,
    2,
    1,
    3,
    9,
    1,
    6,
    7,
    0,
    6,
    4,
    8,
    3,
    4,
    7,
    5,
    9,
    5,
    1
  ],
  "true_labels": [
    0,
    8,
    2,
    1,
    3,
    9,
    1,
    6,
    7,
    0,
    6,
    4,
    8,
    3,
    4,
    7,
    5,
    9,
    5,
    2
  ],
  "probabilities": [
    [
      0.7321583032608032,
      0.0858437716960907,
      0.0044077797792851925,
      0.009678610600531101,
      0.005568665452301502,
      0.006446707993745804,
      0.10908237099647522,
      0.010948935523629189,
      0.013931239023804665,
      0.02193361148238182
    ],
    [
      0.017322776839137077,
      0.037864044308662415,
      0.014695576392114162,
      0.03452154994010925,
      0.06369435042142868,
      0.03218822181224823,
      0.005027503240853548,
      0.03714180737733841,
      0.673816978931427,
      0.08372710645198822
    ],
    [
      0.012497740797698498,
      0.15637674927711487,
      0.7195497155189514,
      0.022469203919172287,
      0.02505309320986271,
      0.007883038371801376,
      0.0032235817052423954,
      0.03885423764586449,
      0.011807226575911045,
      0.0022854094859212637
    ],
    [
      0.009087949059903622,
      0.8404726386070251,
      0.02490811049938202,
      0.03848041221499443,
      0.005219016224145889,
      0.0028571460861712694,
      0.0032518915832042694,
      0.0706067904829979,
      0.0038710383232682943,
      0.0012450217036530375
    ],
    [
      0.007767530623823404,
      0.0021828447934240103,
      0.026142196729779243,
      0.7800531983375549,
      0.14273260533809662,
      0.0077867996878921986,
      0.0011986478930339217,
      0.005378197878599167,
      0.0030174925923347473,
      0.023740341886878014
    ],
    [
      0.035090748220682144,
      0.010641188360750675,
      0.024632347747683525,
      0.2358064502477646,
      0.15481361746788025,
      0.08707872033119202,
      0.0069814114831388,
      0.021753547713160515,
      0.036513738334178925,
      0.3866881728172302
    ],
    [
      0.003805827582255006,
      0.951922595500946,
      0.0014352465514093637,
      0.002222126815468073,
      0.0006734969792887568,
      0.0009735790081322193,
      0.0006147418753243983,
      0.03572916239500046,
      0.002323674038052559,
      0.0002997084229718894
    ],
    [
      0.18432381749153137,
      0.060500334948301315,
      0.006813925690948963,
      0.008844665251672268,
      0.003920531831681728,
      0.018123986199498177,
      0.6470062732696533,
      0.021317027509212494,
      0.03283809497952461,
      0.01631130464375019
    ],
    [
      0.007219540420919657,
      0.21247713267803192,
      0.005794022232294083,
      0.01728423312306404,
      0.003292578039690852,
      0.001317751593887806,
      0.0048226225189864635,
      0.7419288158416748,
      0.004163891542702913,
      0.0016993513563647866
    ],
    [
      0.8726421594619751,
      0.022129902616143227,
      0.003084988798946142,
      0.006043520290404558,
      0.0032136007212102413,
      0.0019669155590236187,
      0.06387743353843689,
      0.007911999709904194,
      0.005094267427921295,
      0.014035112224519253
    ],
    [
      0.11019100248813629,
      0.020822390913963318,
      0.0027761757373809814,
      0.0032774563878774643,
      0.0012946473434567451,
      0.006052196957170963,
      0.8179006576538086,
      0.013414572924375534,
      0.016373557969927788,
      0.007897400297224522
    ],
    [
      0.0014889230951666832,
      6.625294190598652e-05,
      0.002750525949522853,
      0.0038340971805155277,
      0.9860745668411255,
      0.0032049717847257853,
      0.0001647481694817543,
      0.00041785306530073285,
      0.0006096865981817245,
      0.001388459699228406
    ],
    [
      0.007854685187339783,
      0.009208841249346733,
      0.005773395299911499,
      0.021716266870498657,
      0.04419738054275513,
      0.01451241783797741,
      0.00331747904419899,
      0.014959054999053478,
      0.791105329990387,
      0.08735518157482147
    ],
    [
      0.004651803057640791,
      0.0013817831641063094,
      0.01193827111274004,
      0.6712924838066101,
      0.25876787304878235,
      0.008144191466271877,
      0.0010098371421918273,
      0.0036642567720264196,
      0.006646603811532259,
      0.03250286728143692
    ],
    [
      0.0016883972566574812,
      8.634454570710659e-05,
      0.0032584145665168762,
      0.005353672429919243,
      0.983102560043335,
      0.003486681031063199,
      0.00019865408830810338,
      0.0005020733806304634,
      0.0007216999074444175,
      0.0016014116117730737
    ],
    [
      0.007044683676213026,
      0.29816433787345886,
      0.004111983347684145,
      0.00987967848777771,
      0.0032015531323850155,
      0.002535969950258732,
      0.004586111754179001,
      0.657463550567627,
      0.011209949851036072,
      0.0018022558651864529
    ],
    [
      0.016815809532999992,
      0.0025508427061140537,
      0.0014546432066708803,
      0.004326444119215012,
      0.03365468978881836,
      0.9302993416786194,
      0.0005508033791556954,
      0.0015002302825450897,
      0.002907476620748639,
      0.005939739756286144
    ],
    [
      0.01040659099817276,
      0.001579834264703095,
      0.00552973011508584,
      0.09840729087591171,
      0.06584253162145615,
      0.02251201495528221,
      0.003503588493913412,
      0.004115731455385685,
      0.030463047325611115,
      0.7576395273208618
    ],
    [
      0.02159614861011505,
      0.004088078625500202,
      0.0014261157484725118,
      0.004325791262090206,
      0.025979507714509964,
      0.933203935623169,
      0.0004909838899038732,
      0.001790377194993198,
      0.003002193057909608,
      0.004096938297152519
    ],
    [
      0.025159114971756935,
      0.4468391239643097,
      0.37843531370162964,
      0.023143436759710312,
      0.02364327199757099,
      0.00555042177438736,
      0.0038424066733568907,
      0.08156635612249374,
      0.00924599263817072,
      0.0025745935272425413
    ]
  ],
  "confidence_scores": [
    0.7321583032608032,
    0.673816978931427,
    0.7195497155189514,
    0.8404726386070251,
    0.7800531983375549,
    0.3866881728172302,
    0.951922595500946,
    0.6470062732696533,
    0.7419288158416748,
    0.8726421594619751,
    0.8179006576538086,
    0.9860745668411255,
    0.791105329990387,
    0.6712924838066101,
    0.983102560043335,
    0.657463550567627,
    0.9302993416786194,
    0.7576395273208618,
    0.933203935623169,
    0.4468391239643097
  ],
  "correct_predictions": [
    true,
    true,
    true,
    true,
    true,
    true,
    true,
    true,
    true,
    true,
    true,
    true,
    true,
    true,
    true,
    true,
    true,
    true,
    true,
    false
  ]
}