{
  "timestamp": "1D_CNN_20250711_185759",
  "test_loss": 0.60711270570755,
  "test_accuracy": 0.8030303120613098,
  "class_distribution": {
    "true": {
      "3": 6,
      "4": 6,
      "0": 6,
      "10": 6,
      "5": 6,
      "8": 6,
      "9": 6,
      "1": 6,
      "7": 6,
      "6": 6,
      "2": 6
    },
    "predicted": {
      "3": 7,
      "4": 8,
      "0": 9,
      "10": 4,
      "5": 4,
      "8": 3,
      "9": 7,
      "1": 5,
      "7": 7,
      "6": 6,
      "2": 6
    }
  },
  "per_class_accuracy": {
    "Zero": 1.0,
    "One": 0.6666666666666666,
    "Two": 0.8333333333333334,
    "Three": 1.0,
    "Four": 1.0,
    "Five": 0.6666666666666666,
    "Six": 1.0,
    "Seven": 0.8333333333333334,
    "Eight": 0.3333333333333333,
    "Nine": 0.8333333333333334,
    "Static": 0.6666666666666666
  },
  "confusion_matrix": [
    [
      6,
      0,
      0,
      0,
      0,
      0,
      0,
      0,
      0,
      0,
      0
    ],
    [
      2,
      4,
      0,
      0,
      0,
      0,
      0,
      0,
      0,
      0,
      0
    ],
    [
      0,
      0,
      5,
      1,
      0,
      0,
      0,
      0,
      0,
      0,
      0
    ],
    [
      0,
      0,
      0,
      6,
      0,
      0,
      0,
      0,
      0,
      0,
      0
    ],
    [
      0,
      0,
      0,
      0,
      6,
      0,
      0,
      0,
      0,
      0,
      0
    ],
    [
      1,
      0,
      0,
      0,
      0,
      4,
      0,
      0,
      0,
      1,
      0
    ],
    [
      0,
      0,
      0,
      0,
      0,
      0,
      6,
      0,
      0,
      0,
      0
    ],
    [
      0,
      1,
      0,
      0,
      0,
      0,
      0,
      5,
      0,
      0,
      0
    ],
    [
      0,
      0,
      1,
      0,
      0,
      0,
      0,
      2,
      2,
      1,
      0
    ],
    [
      0,
      0,
      0,
      0,
      0,
      0,
      0,
      0,
      1,
      5,
      0
    ],
    [
      0,
      0,
      0,
      0,
      2,
      0,
      0,
      0,
      0,
      0,
      4
    ]
  ],
  "classification_report": {
    "Zero": {
      "precision": 0.6666666666666666,
      "recall": 1.0,
      "f1-score": 0.8,
      "support": 6.0
    },
    "One": {
      "precision": 0.8,
      "recall": 0.6666666666666666,
      "f1-score": 0.7272727272727273,
      "support": 6.0
    },
    "Two": {
      "precision": 0.8333333333333334,
      "recall": 0.8333333333333334,
      "f1-score": 0.8333333333333334,
      "support": 6.0
    },
    "Three": {
      "precision": 0.8571428571428571,
      "recall": 1.0,
      "f1-score": 0.9230769230769231,
      "support": 6.0
    },
    "Four": {
      "precision": 0.75,
      "recall": 1.0,
      "f1-score": 0.8571428571428571,
      "support": 6.0
    },
    "Five": {
      "precision": 1.0,
      "recall": 0.6666666666666666,
      "f1-score": 0.8,
      "support": 6.0
    },
    "Six": {
      "precision": 1.0,
      "recall": 1.0,
      "f1-score": 1.0,
      "support": 6.0
    },
    "Seven": {
      "precision": 0.7142857142857143,
      "recall": 0.8333333333333334,
      "f1-score": 0.7692307692307693,
      "support": 6.0
    },
    "Eight": {
      "precision": 0.6666666666666666,
      "recall": 0.3333333333333333,
      "f1-score": 0.4444444444444444,
      "support": 6.0
    },
    "Nine": {
      "precision": 0.7142857142857143,
      "recall": 0.8333333333333334,
      "f1-score": 0.7692307692307693,
      "support": 6.0
    },
    "Static": {
      "precision": 1.0,
      "recall": 0.6666666666666666,
      "f1-score": 0.8,
      "support": 6.0
    },
    "accuracy": 0.803030303030303,
    "macro avg": {
      "precision": 0.8183982683982685,
      "recall": 0.8030303030303029,
      "f1-score": 0.7930665294301658,
      "support": 66.0
    },
    "weighted avg": {
      "precision": 0.8183982683982683,
      "recall": 0.803030303030303,
      "f1-score": 0.7930665294301659,
      "support": 66.0
    }
  },
  "confidence_stats": {
    "mean": 0.9254695177078247,
    "min": 0.4991110563278198,
    "max": 0.9980835318565369,
    "std": 0.1228954941034317
  },
  "error_analysis": {
    "total_errors": 13,
    "error_rate": 0.19696969696969696,
    "low_confidence_predictions": 1
  },
  "training_history": {
    "epochs_trained": 50,
    "final_train_accuracy": 1.0,
    "final_val_accuracy": 0.9622641801834106,
    "final_train_loss": 0.005224813707172871,
    "final_val_loss": 0.10818339139223099,
    "best_val_accuracy": 0.9811320900917053,
    "best_val_accuracy_epoch": 12,
    "train_accuracy_history": [
      0.5118483304977417,
      0.8246445655822754,
      0.8909952640533447,
      0.9099525809288025,
      0.928909957408905,
      0.9383886456489563,
      0.9431279897689819,
      0.9526066184043884,
      0.9573459625244141,
      0.9810426831245422,
      0.9478672742843628,
      0.9668246507644653,
      0.9668246507644653,
      0.9526066184043884,
      0.9336493015289307,
      0.9383886456489563,
      0.9668246507644653,
      0.9526066184043884,
      0.9194312691688538,
      0.9478672742843628,
      0.9810426831245422,
      0.9857819676399231,
      0.9763033390045166,
      0.9857819676399231,
      0.9668246507644653,
      0.9857819676399231,
      0.9810426831245422,
      0.9763033390045166,
      0.9905213117599487,
      0.9905213117599487,
      0.9763033390045166,
      0.971563994884491,
      0.9857819676399231,
      0.9952606558799744,
      1.0,
      1.0,
      0.9952606558799744,
      0.9952606558799744,
      1.0,
      1.0,
      1.0,
      1.0,
      1.0,
      1.0,
      1.0,
      1.0,
      1.0,
      1.0,
      1.0,
      1.0
    ],
    "val_accuracy_history": [
      0.6792452931404114,
      0.8867924809455872,
      0.9245283007621765,
      0.9433962106704712,
      0.9056603908538818,
      0.9245283007621765,
      0.9433962106704712,
      0.9622641801834106,
      0.9622641801834106,
      0.9622641801834106,
      0.9433962106704712,
      0.9811320900917053,
      0.9811320900917053,
      0.9622641801834106,
      0.9245283007621765,
      0.9433962106704712,
      0.9622641801834106,
      0.9433962106704712,
      0.9622641801834106,
      0.9245283007621765,
      0.9811320900917053,
      0.9811320900917053,
      0.9811320900917053,
      0.9056603908538818,
      0.9245283007621765,
      0.9811320900917053,
      0.8867924809455872,
      0.9811320900917053,
      0.9245283007621765,
      0.9811320900917053,
      0.9245283007621765,
      0.9622641801834106,
      0.9811320900917053,
      0.9622641801834106,
      0.9811320900917053,
      0.9811320900917053,
      0.9811320900917053,
      0.9622641801834106,
      0.9433962106704712,
      0.9622641801834106,
      0.9622641801834106,
      0.9622641801834106,
      0.9622641801834106,
      0.9622641801834106,
      0.9622641801834106,
      0.9622641801834106,
      0.9622641801834106,
      0.9622641801834106,
      0.9622641801834106,
      0.9622641801834106
    ],