{
  "timestamp": "1D_CNN_20250713_173349",
  "test_loss": 0.46535709500312805,
  "test_accuracy": 0.9242424368858337,
  "class_distribution": {
    "true": {
      "3": 6,
      "4": 6,
      "0": 6,
      "10": 6,
      "5": 6,
      "8": 6,
      "9": 6,
      "1": 6,
      "7": 6,
      "6": 6,
      "2": 6
    },
    "predicted": {
      "3": 7,
      "4": 6,
      "0": 6,
      "10": 6,
      "5": 6,
      "8": 5,
      "9": 6,
      "1": 7,
      "7": 5,
      "6": 6,
      "2": 6
    }
  },
  "per_class_accuracy": {
    "Zero": 1.0,
    "One": 1.0,
    "Two": 0.8333333333333334,
    "Three": 1.0,
    "Four": 1.0,
    "Five": 1.0,
    "Six": 1.0,
    "Seven": 0.8333333333333334,
    "Eight": 0.6666666666666666,
    "Nine": 0.8333333333333334,
    "Static": 1.0
  },
  "confusion_matrix": [
    [
      6,
      0,
      0,
      0,
      0,
      0,
      0,
      0,
      0,
      0,
      0
    ],
    [
      0,
      6,
      0,
      0,
      0,
      0,
      0,
      0,
      0,
      0,
      0
    ],
    [
      0,
      0,
      5,
      1,
      0,
      0,
      0,
      0,
      0,
      0,
      0
    ],
    [
      0,
      0,
      0,
      6,
      0,
      0,
      0,
      0,
      0,
      0,
      0
    ],
    [
      0,
      0,
      0,
      0,
      6,
      0,
      0,
      0,
      0,
      0,
      0
    ],
    [
      0,
      0,
      0,
      0,
      0,
      6,
      0,
      0,
      0,
      0,
      0
    ],
    [
      0,
      0,
      0,
      0,
      0,
      0,
      6,
      0,
      0,
      0,
      0
    ],
    [
      0,
      1,
      0,
      0,
      0,
      0,
      0,
      5,
      0,
      0,
      0
    ],
    [
      0,
      0,
      1,
      0,
      0,
      0,
      0,
      0,
      4,
      1,
      0
    ],
    [
      0,
      0,
      0,
      0,
      0,
      0,
      0,
      0,
      1,
      5,
      0
    ],
    [
      0,
      0,
      0,
      0,
      0,
      0,
      0,
      0,
      0,
      0,
      6
    ]
  ],
  "classification_report": {
    "Zero": {
      "precision": 1.0,
      "recall": 1.0,
      "f1-score": 1.0,
      "support": 6.0
    },
    "One": {
      "precision": 0.8571428571428571,
      "recall": 1.0,
      "f1-score": 0.9230769230769231,
      "support": 6.0
    },
    "Two": {
      "precision": 0.8333333333333334,
      "recall": 0.8333333333333334,
      "f1-score": 0.8333333333333334,
      "support": 6.0
    },
    "Three": {
      "precision": 0.8571428571428571,
      "recall": 1.0,
      "f1-score": 0.9230769230769231,
      "support": 6.0
    },
    "Four": {
      "precision": 1.0,
      "recall": 1.0,
      "f1-score": 1.0,
      "support": 6.0
    },
    "Five": {
      "precision": 1.0,
      "recall": 1.0,
      "f1-score": 1.0,
      "support": 6.0
    },
    "Six": {
      "precision": 1.0,
      "recall": 1.0,
      "f1-score": 1.0,
      "support": 6.0
    },
    "Seven": {
      "precision": 1.0,
      "recall": 0.8333333333333334,
      "f1-score": 0.9090909090909091,
      "support": 6.0
    },
    "Eight": {
      "precision": 0.8,
      "recall": 0.6666666666666666,
      "f1-score": 0.7272727272727273,
      "support": 6.0
    },
    "Nine": {
      "precision": 0.8333333333333334,
      "recall": 0.8333333333333334,
      "f1-score": 0.8333333333333334,
      "support": 6.0
    },
    "Static": {
      "precision": 1.0,
      "recall": 1.0,
      "f1-score": 1.0,
      "support": 6.0
    },
    "accuracy": 0.9242424242424242,
    "macro avg": {
      "precision": 0.9255411255411257,
      "recall": 0.9242424242424243,
      "f1-score": 0.9226531044712863,
      "support": 66.0
    },
    "weighted avg": {
      "precision": 0.9255411255411256,
      "recall": 0.9242424242424242,
      "f1-score": 0.9226531044712862,
      "support": 66.0
    }
  },
  "confidence_stats": {
    "mean": 0.9414706230163574,
    "min": 0.3553347885608673,
    "max": 0.9998577237129211,
    "std": 0.13927851617336273
  },
  "error_analysis": {
    "total_errors": 5,
    "error_rate": 0.07575757575757576,
    "low_confidence_predictions": 1
  },
  "training_history": {
    "epochs_trained": 59,
    "final_train_accuracy": 0.9810426831245422,
    "final_val_accuracy": 0.9622641801834106,
    "final_train_loss": 0.03208097070455551,
    "final_val_loss": 0.1467680186033249,
    "best_val_accuracy": 0.9811320900917053,
    "best_val_accuracy_epoch": 9,
    "train_accuracy_history": [
      0.34597155451774597,
      0.6398104429244995,
      0.7156398296356201,
      0.8056871891021729,
      0.829383909702301,
      0.8246445655822754,
      0.8767772316932678,
      0.8767772316932678,
      0.9052132964134216,
      0.9241706132888794,
      0.9194312691688538,
      0.9241706132888794,
      0.9241706132888794,
      0.9526066184043884,
      0.928909957408905,
      0.9573459625244141,
      0.9573459625244141,
      0.9810426831245422,
      0.9763033390045166,
      0.9857819676399231,
      0.9857819676399231,
      0.9905213117599487,
      0.9857819676399231,
      0.9952606558799744,
      0.9857819676399231,
      0.9905213117599487,
      0.971563994884491,
      0.9763033390045166,
      0.9905213117599487,
      0.9857819676399231,
      0.9857819676399231,
      0.9573459625244141,
      0.9857819676399231,
      0.9763033390045166,
      0.9763033390045166,
      0.9763033390045166,
      0.9810426831245422,
      0.9905213117599487,
      0.9857819676399231,
      0.9952606558799744,
      0.9952606558799744,
      1.0,
      0.9952606558799744,
      0.9952606558799744,
      1.0,
      0.9905213117599487,
      0.9905213117599487,
      0.9905213117599487,
      0.9952606558799744,
      0.9952606558799744,
      1.0,
      1.0,
      0.9905213117599487,
      0.9905213117599487,
      0.9905213117599487,
      0.9952606558799744,
      0.9952606558799744,
      1.0,
      0.9810426831245422
    ],
    "val_accuracy_history": [
      0.6603773832321167,
      0.7735849022865295,
      0.849056601524353,
      0.9056603908538818,
      0.849056601524353,
      0.8867924809455872,
      0.9433962106704712,
      0.9056603908538818,
      0.9811320900917053,
      0.9245283007621765,
      0.8867924809455872,
      0.9433962106704712,
      0.9245283007621765,
      0.9622641801834106,
      0.9622641801834106,
      0.9622641801834106,
      0.9622641801834106,
      0.9622641801834106,
      0.9622641801834106,
      0.9622641801834106,
      0.9811320900917053,
      0.9811320900917053,
      0.9811320900917053,
      0.9433962106704712,
      0.9622641801834106,
      0.9622641801834106,
      0.9622641801834106,
      0.9811320900917053,
      0.9811320900917053,
      0.9433962106704712,
      0.9811320900917053,
      0.9622641801834106,
      0.9811320900917053,
      0.9622641801834106,
      0.9622641801834106,
      0.9811320900917053,
      0.9433962106704712,
      0.9622641801834106,
      0.9811320900917053,
      0.9811320900917053,
      0.9811320900917053,
      0.9811320900917053,
      0.9811320900917053,
      0.9811320900917053,
      0.9811320900917053,
      0.9811320900917053,
      0.9811320900917053,
      0.9811320900917053,
      0.9811320900917053,
      0.9811320900917053,
      0.9811320900917053,
      0.9811320900917053,
      0.9622641801834106,
      0.9433962106704712,
      0.9811320900917053,
      0.9811320900917053,
      0.9811320900917053,
      0.9811320900917053,
      0.9622641801834106
    ],