{
  "timestamp": "1D_CNN_20250707_211958",
  "test_loss": 0.20775404572486877,
  "test_accuracy": 0.9090909361839294,
  "class_distribution": {
    "true": {
      "10": 2,
      "2": 2,
      "1": 2,
      "5": 2,
      "7": 2,
      "9": 2,
      "6": 2,
      "4": 2,
      "3": 2,
      "8": 2,
      "0": 2
    },
    "predicted": {
      "10": 2,
      "2": 2,
      "7": 3,
      "5": 2,
      "9": 3,
      "6": 2,
      "4": 2,
      "3": 2,
      "8": 1,
      "0": 2,
      "1": 1
    }
  },
  "per_class_accuracy": {
    "Zero": 1.0,
    "One": 0.5,
    "Two": 1.0,
    "Three": 1.0,
    "Four": 1.0,
    "Five": 1.0,
    "Six": 1.0,
    "Seven": 1.0,
    "Eight": 0.5,
    "Nine": 1.0,
    "Static": 1.0
  },
  "confusion_matrix": [
    [
      2,
      0,
      0,
      0,
      0,
      0,
      0,
      0,
      0,
      0,
      0
    ],
    [
      0,
      1,
      0,
      0,
      0,
      0,
      0,
      1,
      0,
      0,
      0
    ],
    [
      0,
      0,
      2,
      0,
      0,
      0,
      0,
      0,
      0,
      0,
      0
    ],
    [
      0,
      0,
      0,
      2,
      0,
      0,
      0,
      0,
      0,
      0,
      0
    ],
    [
      0,
      0,
      0,
      0,
      2,
      0,
      0,
      0,
      0,
      0,
      0
    ],
    [
      0,
      0,
      0,
      0,
      0,
      2,
      0,
      0,
      0,
      0,
      0
    ],
    [
      0,
      0,
      0,
      0,
      0,
      0,
      2,
      0,
      0,
      0,
      0
    ],
    [
      0,
      0,
      0,
      0,
      0,
      0,
      0,
      2,
      0,
      0,
      0
    ],
    [
      0,
      0,
      0,
      0,
      0,
      0,
      0,
      0,
      1,
      1,
      0
    ],
    [
      0,
      0,
      0,
      0,
      0,
      0,
      0,
      0,
      0,
      2,
      0
    ],
    [
      0,
      0,
      0,
      0,
      0,
      0,
      0,
      0,
      0,
      0,
      2
    ]
  ],
  "classification_report": {
    "Zero": {
      "precision": 1.0,
      "recall": 1.0,
      "f1-score": 1.0,
      "support": 2.0
    },
    "One": {
      "precision": 1.0,
      "recall": 0.5,
      "f1-score": 0.6666666666666666,
      "support": 2.0
    },
    "Two": {
      "precision": 1.0,
      "recall": 1.0,
      "f1-score": 1.0,
      "support": 2.0
    },
    "Three": {
      "precision": 1.0,
      "recall": 1.0,
      "f1-score": 1.0,
      "support": 2.0
    },
    "Four": {
      "precision": 1.0,
      "recall": 1.0,
      "f1-score": 1.0,
      "support": 2.0
    },
    "Five": {
      "precision": 1.0,
      "recall": 1.0,
      "f1-score": 1.0,
      "support": 2.0
    },
    "Six": {
      "precision": 1.0,
      "recall": 1.0,
      "f1-score": 1.0,
      "support": 2.0
    },
    "Seven": {
      "precision": 0.6666666666666666,
      "recall": 1.0,
      "f1-score": 0.8,
      "support": 2.0
    },
    "Eight": {
      "precision": 1.0,
      "recall": 0.5,
      "f1-score": 0.6666666666666666,
      "support": 2.0
    },
    "Nine": {
      "precision": 0.6666666666666666,
      "recall": 1.0,
      "f1-score": 0.8,
      "support": 2.0
    },
    "Static": {
      "precision": 1.0,
      "recall": 1.0,
      "f1-score": 1.0,
      "support": 2.0
    },
    "accuracy": 0.9090909090909091,
    "macro avg": {
      "precision": 0.9393939393939393,
      "recall": 0.9090909090909091,
      "f1-score": 0.9030303030303031,
      "support": 22.0
    },
    "weighted avg": {
      "precision": 0.9393939393939393,
      "recall": 0.9090909090909091,
      "f1-score": 0.9030303030303031,
      "support": 22.0
    }
  },
  "confidence_stats": {
    "mean": 0.9737561941146851,
    "min": 0.8491858243942261,
    "max": 0.9999537467956543,
    "std": 0.048013173043727875
  },
  "error_analysis": {
    "total_errors": 2,
    "error_rate": 0.09090909090909091,
    "low_confidence_predictions": 0
  },
  "training_history": {
    "epochs_trained": 50,
    "final_train_accuracy": 1.0,
    "final_val_accuracy": 1.0,
    "final_train_loss": 0.0014636298874393106,
    "final_val_loss": 0.019146639853715897,
    "best_val_accuracy": 1.0,
    "best_val_accuracy_epoch": 2,
    "train_accuracy_history": [
      0.4285714328289032,
      0.6857143044471741,
      0.9142857193946838,
      0.9285714030265808,
      0.9428571462631226,
      0.9571428298950195,
      0.9714285731315613,
      0.9714285731315613,
      0.9571428298950195,
      0.9714285731315613,
      0.9714285731315613,
      0.9714285731315613,
      1.0,
      1.0,
      1.0,
      1.0,
      1.0,
      1.0,
      1.0,
      1.0,
      1.0,
      0.9857142567634583,
      1.0,
      1.0,
      1.0,
      1.0,
      1.0,
      1.0,
      1.0,
      1.0,
      1.0,
      1.0,
      1.0,
      1.0,
      1.0,
      1.0,
      1.0,
      1.0,
      1.0,
      1.0,
      1.0,
      1.0,
      1.0,
      1.0,
      1.0,
      1.0,
      1.0,
      1.0,
      1.0,
      1.0
    ],
    "val_accuracy_history": [
      0.5555555820465088,
      1.0,
      1.0,
      0.8333333134651184,
      1.0,
      0.9444444179534912,
      0.8888888955116272,
      1.0,
      0.8888888955116272,
      0.8333333134651184,
      0.9444444179534912,
      0.9444444179534912,
      0.9444444179534912,
      1.0,
      1.0,
      1.0,
      0.9444444179534912,
      0.9444444179534912,
      0.8888888955116272,
      0.9444444179534912,
      0.9444444179534912,
      0.8888888955116272,
      0.8888888955116272,
      1.0,
      1.0,
      1.0,
      1.0,
      1.0,
      0.9444444179534912,
      0.9444444179534912,
      1.0,
      1.0,
      1.0,
      1.0,
      1.0,
      1.0,
      1.0,
      1.0,
      1.0,
      1.0,
      1.0,
      1.0,
      1.0,
      1.0,
      1.0,
      1.0,
      1.0,
      1.0,
      1.0,
      1.0
    ],
    "train_loss_history": [
      1.696579098701477,
      0.7434727549552917,
      0.3667750656604767,
      0.2355692982673645,
      0.17899934947490692,
      0.14688129723072052,
      0.11982029676437378,
      0.08757688850164413,
      0.12726961076259613,
      0.07613541930913925,
      0.07421497255563736,
      0.061094678938388824,
      0.048340316861867905,
      0.038128141313791275,
      0.01900368370115757,
      0.03280512988567352,
      0.023508548736572266,
      0.018406277522444725,
      0.02410397119820118,
      0.02357465773820877,
      0.016072584316134453,
      0.026066197082400322,
      0.022941863164305687,
      0.018739014863967896,
      0.012041867710649967,
      0.009378597140312195,
      0.015218150801956654,
      0.007122282404452562,
      0.011625048704445362,
      0.008766439743340015,
      0.005003597121685743,
      0.003586544655263424,
      0.0035147066228091717,
      0.0025477458257228136,
      0.0033602083567529917,
      0.0022367630153894424,
      0.0018262426601722836,
      0.002244086004793644,
      0.0027640829794108868,
      0.0027134804986417294,
      0.0020788428373634815,
      0.0015369970351457596,
      0.001835390692576766,
      0.0014195108087733388,
      0.0016556906048208475,
      0.0014198553981259465,
      0.0017474510241299868,
      0.0013621078105643392,
      0.0014035782078281045,
      0.0014636298874393106
    ],