{
  "timestamp": "1D_CNN_20250717_223538",
  "test_loss": 0.6176080703735352,
  "test_accuracy": 0.8333333134651184,
  "class_distribution": {
    "true": {
      "3": 6,
      "4": 6,
      "0": 6,
      "10": 6,
      "5": 6,
      "8": 6,
      "9": 6,
      "1": 6,
      "7": 6,
      "6": 6,
      "2": 6
    },
    "predicted": {
      "3": 7,
      "4": 6,
      "0": 5,
      "10": 5,
      "5": 5,
      "8": 2,
      "9": 9,
      "7": 8,
      "1": 6,
      "6": 6,
      "2": 7
    }
  },
  "per_class_accuracy": {
    "Zero": 0.8333333333333334,
    "One": 0.6666666666666666,
    "Two": 0.8333333333333334,
    "Three": 1.0,
    "Four": 1.0,
    "Five": 0.8333333333333334,
    "Six": 1.0,
    "Seven": 0.8333333333333334,
    "Eight": 0.3333333333333333,
    "Nine": 1.0,
    "Static": 0.8333333333333334
  },
  "confusion_matrix": [
    [
      5,
      1,
      0,
      0,
      0,
      0,
      0,
      0,
      0,
      0,
      0
    ],
    [
      0,
      4,
      1,
      0,
      0,
      0,
      0,
      1,
      0,
      0,
      0
    ],
    [
      0,
      0,
      5,
      1,
      0,
      0,
      0,
      0,
      0,
      0,
      0
    ],
    [
      0,
      0,
      0,
      6,
      0,
      0,
      0,
      0,
      0,
      0,
      0
    ],
    [
      0,
      0,
      0,
      0,
      6,
      0,
      0,
      0,
      0,
      0,
      0
    ],
    [
      0,
      0,
      0,
      0,
      0,
      5,
      0,
      0,
      0,
      1,
      0
    ],
    [
      0,
      0,
      0,
      0,
      0,
      0,
      6,
      0,
      0,
      0,
      0
    ],
    [
      0,
      1,
      0,
      0,
      0,
      0,
      0,
      5,
      0,
      0,
      0
    ],
    [
      0,
      0,
      1,
      0,
      0,
      0,
      0,
      2,
      2,
      1,
      0
    ],
    [
      0,
      0,
      0,
      0,
      0,
      0,
      0,
      0,
      0,
      6,
      0
    ],
    [
      0,
      0,
      0,
      0,
      0,
      0,
      0,
      0,
      0,
      1,
      5
    ]
  ],
  "classification_report": {
    "Zero": {
      "precision": 1.0,
      "recall": 0.8333333333333334,
      "f1-score": 0.9090909090909091,
      "support": 6.0
    },
    "One": {
      "precision": 0.6666666666666666,
      "recall": 0.6666666666666666,
      "f1-score": 0.6666666666666666,
      "support": 6.0
    },
    "Two": {
      "precision": 0.7142857142857143,
      "recall": 0.8333333333333334,
      "f1-score": 0.7692307692307692,
      "support": 6.0
    },
    "Three": {
      "precision": 0.8571428571428571,
      "recall": 1.0,
      "f1-score": 0.923076923076923,
      "support": 6.0
    },
    "Four": {
      "precision": 1.0,
      "recall": 1.0,
      "f1-score": 1.0,
      "support": 6.0
    },
    "Five": {
      "precision": 1.0,
      "recall": 0.8333333333333334,
      "f1-score": 0.9090909090909091,
      "support": 6.0
    },
    "Six": {
      "precision": 1.0,
      "recall": 1.0,
      "f1-score": 1.0,
      "support": 6.0
    },
    "Seven": {
      "precision": 0.625,
      "recall": 0.8333333333333334,
      "f1-score": 0.7142857142857143,
      "support": 6.0
    },
    "Eight": {
      "precision": 1.0,
      "recall": 0.3333333333333333,
      "f1-score": 0.5,
      "support": 6.0
    },
    "Nine": {
      "precision": 0.6666666666666666,
      "recall": 1.0,
      "f1-score": 0.8,
      "support": 6.0
    },
    "Static": {
      "precision": 1.0,
      "recall": 0.8333333333333334,
      "f1-score": 0.9090909090909091,
      "support": 6.0
    },
    "accuracy": 0.8333333333333334,
    "macro avg": {
      "precision": 0.8663419913419914,
      "recall": 0.8333333333333333,
      "f1-score": 0.8273211636848,
      "support": 66.0
    },
    "weighted avg": {
      "precision": 0.8663419913419914,
      "recall": 0.8333333333333334,
      "f1-score": 0.8273211636847999,
      "support": 66.0
    }
  },
  "confidence_stats": {
    "mean": 0.8610372543334961,
    "min": 0.35330885648727417,
    "max": 0.9999637007713318,
    "std": 0.16610580682754517
  },
  "error_analysis": {
    "total_errors": 11,
    "error_rate": 0.16666666666666666,
    "low_confidence_predictions": 2
  },
  "training_history": {
    "epochs_trained": 55,
    "final_train_accuracy": 0.9905213117599487,
    "final_val_accuracy": 0.9622641801834106,
    "final_train_loss": 0.055359095335006714,
    "final_val_loss": 0.19887740910053253,
    "best_val_accuracy": 0.9622641801834106,
    "best_val_accuracy_epoch": 29,
    "train_accuracy_history": [
      0.12322274595499039,
      0.2985782027244568,
      0.40758293867111206,
      0.4644549787044525,
      0.4976303279399872,
      0.5355450510978699,
      0.5592417120933533,
      0.5876777172088623,
      0.6161137223243713,
      0.649289071559906,
      0.6872037649154663,
      0.7156398296356201,
      0.7440758347511292,
      0.8104265332221985,
      0.8672986030578613,
      0.900473952293396,
      0.9194312691688538,
      0.928909957408905,
      0.9526066184043884,
      0.9478672742843628,
      0.9478672742843628,
      0.9478672742843628,
      0.9478672742843628,
      0.9526066184043884,
      0.9573459625244141,
      0.9573459625244141,
      0.9573459625244141,
      0.9573459625244141,
      0.9620853066444397,
      0.9620853066444397,
      0.9668246507644653,
      0.971563994884491,
      0.9763033390045166,
      0.971563994884491,
      0.9763033390045166,
      0.9763033390045166,
      0.9763033390045166,
      0.9810426831245422,
      0.9810426831245422,
      0.9810426831245422,
      0.9810426831245422,
      0.9810426831245422,
      0.9857819676399231,
      0.9857819676399231,
      0.9857819676399231,
      0.9857819676399231,
      0.9857819676399231,
      0.9857819676399231,
      0.9857819676399231,
      0.9857819676399231,
      0.9857819676399231,
      0.9905213117599487,
      0.9905213117599487,
      0.9905213117599487,
      0.9905213117599487
    ],
    "val_accuracy_history": [
      0.24528302252292633,
      0.35849055647850037,
      0.4528301954269409,
      0.5283018946647644,
      0.5471698045730591,
      0.5660377144813538,
      0.5660377144813538,
      0.5471698045730591,
      0.6415094137191772,
      0.6792452931404114,
      0.698113203048706,
      0.698113203048706,
      0.7924528121948242,
      0.8301886916160583,
      0.8679245114326477,
      0.8867924809455872,
      0.9056603908538818,
      0.9056603908538818,
      0.9245283007621765,
      0.9433962106704712,
      0.9433962106704712,
      0.9433962106704712,
      0.9433962106704712,
      0.9433962106704712,
      0.9433962106704712,
      0.9433962106704712,
      0.9433962106704712,
      0.9433962106704712,
      0.9622641801834106,
      0.9622641801834106,
      0.9622641801834106,
      0.9622641801834106,
      0.9622641801834106,
      0.9622641801834106,
      0.9622641801834106,
      0.9622641801834106,
      0.9622641801834106,
      0.9622641801834106,
      0.9622641801834106,
      0.9622641801834106,
      0.9622641801834106,
      0.9622641801834106,
      0.9622641801834106,
      0.9622641801834106,
      0.9622641801834106,
      0.9622641801834106,
      0.9622641801834106,
      0.9622641801834106,
      0.9622641801834106,
      0.9622641801834106,
      0.9622641801834106,
      0.9622641801834106,
      0.9622641801834106,
      0.9622641801834106,
      0.9622641801834106
    ],