{
  "timestamp": "1D_CNN_20250723_021359",
  "test_loss": 0.3269347548484802,
  "test_accuracy": 0.9363636374473572,
  "class_distribution": {
    "true": {
      "10": 10,
      "5": 10,
      "2": 10,
      "9": 10,
      "3": 10,
      "8": 10,
      "1": 10,
      "4": 10,
      "6": 10,
      "7": 10,
      "0": 10
    },
    "predicted": {
      "10": 10,
      "5": 10,
      "2": 8,
      "9": 13,
      "3": 12,
      "8": 7,
      "1": 11,
      "4": 10,
      "6": 9,
      "7": 9,
      "0": 11
    }
  },
  "per_class_accuracy": {
    "Zero": 1.0,
    "One": 1.0,
    "Two": 0.8,
    "Three": 1.0,
    "Four": 1.0,
    "Five": 1.0,
    "Six": 0.9,
    "Seven": 0.9,
    "Eight": 0.7,
    "Nine": 1.0,
    "Static": 1.0
  },
  "confusion_matrix": [
    [
      10,
      0,
      0,
      0,
      0,
      0,
      0,
      0,
      0,
      0,
      0
    ],
    [
      0,
      10,
      0,
      0,
      0,
      0,
      0,
      0,
      0,
      0,
      0
    ],
    [
      0,
      0,
      8,
      2,
      0,
      0,
      0,
      0,
      0,
      0,
      0
    ],
    [
      0,
      0,
      0,
      10,
      0,
      0,
      0,
      0,
      0,
      0,
      0
    ],
    [
      0,
      0,
      0,
      0,
      10,
      0,
      0,
      0,
      0,
      0,
      0
    ],
    [
      0,
      0,
      0,
      0,
      0,
      10,
      0,
      0,
      0,
      0,
      0
    ],
    [
      1,
      0,
      0,
      0,
      0,
      0,
      9,
      0,
      0,
      0,
      0
    ],
    [
      0,
      1,
      0,
      0,
      0,
      0,
      0,
      9,
      0,
      0,
      0
    ],
    [
      0,
      0,
      0,
      0,
      0,
      0,
      0,
      0,
      7,
      3,
      0
    ],
    [
      0,
      0,
      0,
      0,
      0,
      0,
      0,
      0,
      0,
      10,
      0
    ],
    [
      0,
      0,
      0,
      0,
      0,
      0,
      0,
      0,
      0,
      0,
      10
    ]
  ],
  "classification_report": {
    "Zero": {
      "precision": 0.9090909090909091,
      "recall": 1.0,
      "f1-score": 0.9523809523809523,
      "support": 10.0
    },
    "One": {
      "precision": 0.9090909090909091,
      "recall": 1.0,
      "f1-score": 0.9523809523809523,
      "support": 10.0
    },
    "Two": {
      "precision": 1.0,
      "recall": 0.8,
      "f1-score": 0.888888888888889,
      "support": 10.0
    },
    "Three": {
      "precision": 0.8333333333333334,
      "recall": 1.0,
      "f1-score": 0.9090909090909091,
      "support": 10.0
    },
    "Four": {
      "precision": 1.0,
      "recall": 1.0,
      "f1-score": 1.0,
      "support": 10.0
    },
    "Five": {
      "precision": 1.0,
      "recall": 1.0,
      "f1-score": 1.0,
      "support": 10.0
    },
    "Six": {
      "precision": 1.0,
      "recall": 0.9,
      "f1-score": 0.9473684210526316,
      "support": 10.0
    },
    "Seven": {
      "precision": 1.0,
      "recall": 0.9,
      "f1-score": 0.9473684210526316,
      "support": 10.0
    },
    "Eight": {
      "precision": 1.0,
      "recall": 0.7,
      "f1-score": 0.8235294117647058,
      "support": 10.0
    },
    "Nine": {
      "precision": 0.7692307692307693,
      "recall": 1.0,
      "f1-score": 0.8695652173913044,
      "support": 10.0
    },
    "Static": {
      "precision": 1.0,
      "recall": 1.0,
      "f1-score": 1.0,
      "support": 10.0
    },
    "accuracy": 0.9363636363636364,
    "macro avg": {
      "precision": 0.9473405382496293,
      "recall": 0.9363636363636363,
      "f1-score": 0.9355066521820888,
      "support": 110.0
    },
    "weighted avg": {
      "precision": 0.9473405382496292,
      "recall": 0.9363636363636364,
      "f1-score": 0.9355066521820887,
      "support": 110.0
    }
  },
  "confidence_stats": {
    "mean": 0.9387528300285339,
    "min": 0.47642678022384644,
    "max": 0.9996318817138672,
    "std": 0.12093555927276611
  },
  "error_analysis": {
    "total_errors": 7,
    "error_rate": 0.06363636363636363,
    "low_confidence_predictions": 1
  },
  "training_history": {
    "epochs_trained": 34,
    "final_train_accuracy": 0.9659090638160706,
    "final_val_accuracy": 0.875,
    "final_train_loss": 0.07681317627429962,
    "final_val_loss": 0.4301212430000305,
    "best_val_accuracy": 0.9545454382896423,
    "best_val_accuracy_epoch": 19,
    "train_accuracy_history": [
      0.5511363744735718,
      0.7471590638160706,
      0.84375,
      0.8948863744735718,
      0.9232954382896423,
      0.9517045617103577,
      0.9545454382896423,
      0.9659090638160706,
      0.9715909361839294,
      0.96875,
      0.9744318127632141,
      0.9772727489471436,
      0.9772727489471436,
      0.9801136255264282,
      0.9829545617103577,
      0.9829545617103577,
      0.9857954382896423,
      0.9886363744735718,
      0.9801136255264282,
      0.9886363744735718,
      0.9914772510528564,
      0.9801136255264282,
      0.9772727489471436,
      0.9659090638160706,
      0.9602272510528564,
      0.9744318127632141,
      0.96875,
      0.9715909361839294,
      0.9744318127632141,
      0.9857954382896423,
      0.9801136255264282,
      0.9801136255264282,
      0.9659090638160706,
      0.9659090638160706
    ],
    "val_accuracy_history": [
      0.7045454382896423,
      0.8409090638160706,
      0.8522727489471436,
      0.9318181872367859,
      0.8863636255264282,
      0.9318181872367859,
      0.9204545617103577,
      0.9318181872367859,
      0.9204545617103577,
      0.9431818127632141,
      0.9204545617103577,
      0.9431818127632141,
      0.9204545617103577,
      0.9318181872367859,
      0.9318181872367859,
      0.9431818127632141,
      0.9318181872367859,
      0.9431818127632141,
      0.9545454382896423,
      0.9545454382896423,
      0.9318181872367859,
      0.9431818127632141,
      0.9204545617103577,
      0.9318181872367859,
      0.9204545617103577,
      0.9090909361839294,
      0.9204545617103577,
      0.9545454382896423,
      0.9545454382896423,
      0.9431818127632141,
      0.9204545617103577,
      0.8636363744735718,
      0.9204545617103577,
      0.875
    ],
    "train_loss_history": [
      1.2766951322555542,
      0.7314761877059937,
      0.48961392045021057,
      0.35688167810440063,
      0.2829609215259552,
      0.20923513174057007,
      0.17709529399871826,
      0.15674524009227753,
      0.13518661260604858,
      0.12046537548303604,
      0.1045011579990387,
      0.09022626280784607,
      0.0853004902601242,
      0.07505010813474655,
      0.06592348963022232,
      0.05592904984951019,
      0.0550508052110672,
      0.045080170035362244,
      0.05238533392548561,
      0.041291043162345886,
      0.04566092789173126,
      0.07098860293626785,
      0.06763675808906555,
      0.09442710131406784,
      0.11442632973194122,
      0.09643620997667313,
      0.08722645789384842,
      0.13004650175571442,
      0.1005619466304779,
      0.0460277795791626,
      0.06551477313041687,
      0.05676128715276718,
      0.11521755903959274,
      0.07681317627429962
    ],