{
  "timestamp": "1D_CNN_20250708_205605",
  "test_loss": 0.45523127913475037,
  "test_accuracy": 0.9090909361839294,
  "class_distribution": {
    "true": {
      "10": 2,
      "2": 2,
      "1": 2,
      "5": 2,
      "7": 2,
      "9": 2,
      "6": 2,
      "4": 2,
      "3": 2,
      "8": 2,
      "0": 2
    },
    "predicted": {
      "10": 2,
      "1": 3,
      "5": 2,
      "7": 2,
      "9": 2,
      "6": 2,
      "4": 3,
      "3": 1,
      "8": 2,
      "2": 1,
      "0": 2
    }
  },
  "per_class_accuracy": {
    "Zero": 1.0,
    "One": 1.0,
    "Two": 0.5,
    "Three": 0.5,
    "Four": 1.0,
    "Five": 1.0,
    "Six": 1.0,
    "Seven": 1.0,
    "Eight": 1.0,
    "Nine": 1.0,
    "Static": 1.0
  },
  "confusion_matrix": [
    [
      2,
      0,
      0,
      0,
      0,
      0,
      0,
      0,
      0,
      0,
      0
    ],
    [
      0,
      2,
      0,
      0,
      0,
      0,
      0,
      0,
      0,
      0,
      0
    ],
    [
      0,
      1,
      1,
      0,
      0,
      0,
      0,
      0,
      0,
      0,
      0
    ],
    [
      0,
      0,
      0,
      1,
      1,
      0,
      0,
      0,
      0,
      0,
      0
    ],
    [
      0,
      0,
      0,
      0,
      2,
      0,
      0,
      0,
      0,
      0,
      0
    ],
    [
      0,
      0,
      0,
      0,
      0,
      2,
      0,
      0,
      0,
      0,
      0
    ],
    [
      0,
      0,
      0,
      0,
      0,
      0,
      2,
      0,
      0,
      0,
      0
    ],
    [
      0,
      0,
      0,
      0,
      0,
      0,
      0,
      2,
      0,
      0,
      0
    ],
    [
      0,
      0,
      0,
      0,
      0,
      0,
      0,
      0,
      2,
      0,
      0
    ],
    [
      0,
      0,
      0,
      0,
      0,
      0,
      0,
      0,
      0,
      2,
      0
    ],
    [
      0,
      0,
      0,
      0,
      0,
      0,
      0,
      0,
      0,
      0,
      2
    ]
  ],
  "classification_report": {
    "Zero": {
      "precision": 1.0,
      "recall": 1.0,
      "f1-score": 1.0,
      "support": 2.0
    },
    "One": {
      "precision": 0.6666666666666666,
      "recall": 1.0,
      "f1-score": 0.8,
      "support": 2.0
    },
    "Two": {
      "precision": 1.0,
      "recall": 0.5,
      "f1-score": 0.6666666666666666,
      "support": 2.0
    },
    "Three": {
      "precision": 1.0,
      "recall": 0.5,
      "f1-score": 0.6666666666666666,
      "support": 2.0
    },
    "Four": {
      "precision": 0.6666666666666666,
      "recall": 1.0,
      "f1-score": 0.8,
      "support": 2.0
    },
    "Five": {
      "precision": 1.0,
      "recall": 1.0,
      "f1-score": 1.0,
      "support": 2.0
    },
    "Six": {
      "precision": 1.0,
      "recall": 1.0,
      "f1-score": 1.0,
      "support": 2.0
    },
    "Seven": {
      "precision": 1.0,
      "recall": 1.0,
      "f1-score": 1.0,
      "support": 2.0
    },
    "Eight": {
      "precision": 1.0,
      "recall": 1.0,
      "f1-score": 1.0,
      "support": 2.0
    },
    "Nine": {
      "precision": 1.0,
      "recall": 1.0,
      "f1-score": 1.0,
      "support": 2.0
    },
    "Static": {
      "precision": 1.0,
      "recall": 1.0,
      "f1-score": 1.0,
      "support": 2.0
    },
    "accuracy": 0.9090909090909091,
    "macro avg": {
      "precision": 0.9393939393939393,
      "recall": 0.9090909090909091,
      "f1-score": 0.9030303030303031,
      "support": 22.0
    },
    "weighted avg": {
      "precision": 0.9393939393939393,
      "recall": 0.9090909090909091,
      "f1-score": 0.9030303030303031,
      "support": 22.0
    }
  },
  "confidence_stats": {
    "mean": 0.7817437648773193,
    "min": 0.44013530015945435,
    "max": 0.9990288019180298,
    "std": 0.17583933472633362
  },
  "error_analysis": {
    "total_errors": 2,
    "error_rate": 0.09090909090909091,
    "low_confidence_predictions": 3
  },
  "training_history": {
    "epochs_trained": 27,
    "final_train_accuracy": 1.0,
    "final_val_accuracy": 0.8888888955116272,
    "final_train_loss": 0.025461241602897644,
    "final_val_loss": 0.5808851718902588,
    "best_val_accuracy": 0.9444444179534912,
    "best_val_accuracy_epoch": 3,
    "train_accuracy_history": [
      0.2571428716182709,
      0.7571428418159485,
      0.7571428418159485,
      0.9142857193946838,
      0.8857142925262451,
      0.8999999761581421,
      0.9142857193946838,
      0.9571428298950195,
      0.9571428298950195,
      1.0,
      0.9857142567634583,
      0.9857142567634583,
      0.9857142567634583,
      0.9857142567634583,
      1.0,
      0.9857142567634583,
      1.0,
      1.0,
      0.9857142567634583,
      0.9857142567634583,
      1.0,
      0.9857142567634583,
      0.9857142567634583,
      1.0,
      0.9857142567634583,
      0.9571428298950195,
      1.0
    ],
    "val_accuracy_history": [
      0.8333333134651184,
      0.8888888955116272,
      0.9444444179534912,
      0.9444444179534912,
      0.9444444179534912,
      0.9444444179534912,
      0.9444444179534912,
      0.9444444179534912,
      0.9444444179534912,
      0.8888888955116272,
      0.8888888955116272,
      0.8888888955116272,
      0.8333333134651184,
      0.8333333134651184,
      0.8333333134651184,
      0.8333333134651184,
      0.8888888955116272,
      0.8333333134651184,
      0.8888888955116272,
      0.8888888955116272,
      0.8333333134651184,
      0.8333333134651184,
      0.8333333134651184,
      0.7777777910232544,
      0.8888888955116272,
      0.8333333134651184,
      0.8888888955116272
    ],
    "train_loss_history": [
      2.1444010734558105,
      0.9882899522781372,
      0.654879629611969,
      0.4765671193599701,
      0.3495665192604065,
      0.28133097290992737,
      0.2222527712583542,
      0.17339961230754852,
      0.15795482695102692,
      0.11122767627239227,
      0.0994783490896225,
      0.0925869569182396,
      0.07653144747018814,
      0.06666314601898193,
      0.04669670760631561,
      0.05167120322585106,
      0.03481919690966606,
      0.03793490678071976,
      0.050614453852176666,
      0.043540917336940765,
      0.037086986005306244,
      0.03279052674770355,
      0.04312087595462799,
      0.016041740775108337,
      0.051821958273649216,
      0.09072060137987137,
      0.025461241602897644
    ],
    "val_loss_history": [
      1.8903707265853882,
      1.4625955820083618,
      1.1140456199645996,
      0.8584074378013611,
      0.6823974847793579,
      0.5705592632293701,
      0.5018671751022339,
      0.46002769470214844,
      0.4415697455406189,
      0.4130234718322754,
      0.38692983984947205,
      0.36820662021636963,
      0.37569931149482727,
      0.37583714723587036,
      0.39173686504364014,
      0.39038416743278503,
      0.39924371242523193,
      0.4658888578414917,
      0.4402490556240082,
      0.4483994245529175,
      0.497309148311615,
      0.5040554404258728,
      0.5384495854377747,
      0.6283878087997437,
      0.5161462426185608,
      0.5429781675338745,
      0.5808851718902588
    ]
  }
}