{
  "timestamp": "1D_CNN_20250718_153503",
  "test_loss": 0.6030645370483398,
  "test_accuracy": 0.8787878751754761,
  "class_distribution": {
    "true": {
      "3": 6,
      "4": 6,
      "0": 6,
      "10": 6,
      "5": 6,
      "8": 6,
      "9": 6,
      "1": 6,
      "7": 6,
      "6": 6,
      "2": 6
    },
    "predicted": {
      "3": 7,
      "4": 8,
      "0": 6,
      "10": 4,
      "5": 5,
      "8": 4,
      "9": 8,
      "7": 6,
      "6": 6,
      "2": 6,
      "1": 6
    }
  },
  "per_class_accuracy": {
    "Zero": 1.0,
    "One": 0.8333333333333334,
    "Two": 0.8333333333333334,
    "Three": 1.0,
    "Four": 1.0,
    "Five": 0.8333333333333334,
    "Six": 1.0,
    "Seven": 0.8333333333333334,
    "Eight": 0.6666666666666666,
    "Nine": 1.0,
    "Static": 0.6666666666666666
  },
  "confusion_matrix": [
    [
      6,
      0,
      0,
      0,
      0,
      0,
      0,
      0,
      0,
      0,
      0
    ],
    [
      0,
      5,
      0,
      0,
      0,
      0,
      0,
      1,
      0,
      0,
      0
    ],
    [
      0,
      0,
      5,
      1,
      0,
      0,
      0,
      0,
      0,
      0,
      0
    ],
    [
      0,
      0,
      0,
      6,
      0,
      0,
      0,
      0,
      0,
      0,
      0
    ],
    [
      0,
      0,
      0,
      0,
      6,
      0,
      0,
      0,
      0,
      0,
      0
    ],
    [
      0,
      0,
      0,
      0,
      0,
      5,
      0,
      0,
      0,
      1,
      0
    ],
    [
      0,
      0,
      0,
      0,
      0,
      0,
      6,
      0,
      0,
      0,
      0
    ],
    [
      0,
      1,
      0,
      0,
      0,
      0,
      0,
      5,
      0,
      0,
      0
    ],
    [
      0,
      0,
      1,
      0,
      0,
      0,
      0,
      0,
      4,
      1,
      0
    ],
    [
      0,
      0,
      0,
      0,
      0,
      0,
      0,
      0,
      0,
      6,
      0
    ],
    [
      0,
      0,
      0,
      0,
      2,
      0,
      0,
      0,
      0,
      0,
      4
    ]
  ],
  "classification_report": {
    "Zero": {
      "precision": 1.0,
      "recall": 1.0,
      "f1-score": 1.0,
      "support": 6.0
    },
    "One": {
      "precision": 0.8333333333333334,
      "recall": 0.8333333333333334,
      "f1-score": 0.8333333333333334,
      "support": 6.0
    },
    "Two": {
      "precision": 0.8333333333333334,
      "recall": 0.8333333333333334,
      "f1-score": 0.8333333333333334,
      "support": 6.0
    },
    "Three": {
      "precision": 0.8571428571428571,
      "recall": 1.0,
      "f1-score": 0.923076923076923,
      "support": 6.0
    },
    "Four": {
      "precision": 0.75,
      "recall": 1.0,
      "f1-score": 0.8571428571428571,
      "support": 6.0
    },
    "Five": {
      "precision": 1.0,
      "recall": 0.8333333333333334,
      "f1-score": 0.9090909090909091,
      "support": 6.0
    },
    "Six": {
      "precision": 1.0,
      "recall": 1.0,
      "f1-score": 1.0,
      "support": 6.0
    },
    "Seven": {
      "precision": 0.8333333333333334,
      "recall": 0.8333333333333334,
      "f1-score": 0.8333333333333334,
      "support": 6.0
    },
    "Eight": {
      "precision": 1.0,
      "recall": 0.6666666666666666,
      "f1-score": 0.8,
      "support": 6.0
    },
    "Nine": {
      "precision": 0.75,
      "recall": 1.0,
      "f1-score": 0.8571428571428571,
      "support": 6.0
    },
    "Static": {
      "precision": 1.0,
      "recall": 0.6666666666666666,
      "f1-score": 0.8,
      "support": 6.0
    },
    "accuracy": 0.8787878787878788,
    "macro avg": {
      "precision": 0.8961038961038962,
      "recall": 0.8787878787878788,
      "f1-score": 0.8769503224048679,
      "support": 66.0
    },
    "weighted avg": {
      "precision": 0.8961038961038961,
      "recall": 0.8787878787878788,
      "f1-score": 0.8769503224048678,
      "support": 66.0
    }
  },
  "confidence_stats": {
    "mean": 0.9348018169403076,
    "min": 0.39262813329696655,
    "max": 0.9998191595077515,
    "std": 0.13474944233894348
  },
  "error_analysis": {
    "total_errors": 8,
    "error_rate": 0.12121212121212122,
    "low_confidence_predictions": 2
  },
  "training_history": {
    "epochs_trained": 100,
    "final_train_accuracy": 1.0,
    "final_val_accuracy": 0.9811320900917053,
    "final_train_loss": 0.011641710065305233,
    "final_val_loss": 0.04170442372560501,
    "best_val_accuracy": 1.0,
    "best_val_accuracy_epoch": 46,
    "train_accuracy_history": [
      0.450236976146698,
      0.7109004855155945,
      0.8483412265777588,
      0.8483412265777588,
      0.9099525809288025,
      0.8862559199333191,
      0.9194312691688538,
      0.9241706132888794,
      0.9478672742843628,
      0.9431279897689819,
      0.9573459625244141,
      0.9573459625244141,
      0.9478672742843628,
      0.9478672742843628,
      0.971563994884491,
      0.9573459625244141,
      0.971563994884491,
      0.971563994884491,
      0.9668246507644653,
      0.9763033390045166,
      0.9857819676399231,
      0.9668246507644653,
      0.9857819676399231,
      0.971563994884491,
      0.971563994884491,
      0.9905213117599487,
      0.9857819676399231,
      0.9810426831245422,
      0.9763033390045166,
      0.9905213117599487,
      0.9857819676399231,
      0.9952606558799744,
      0.9905213117599487,
      0.9905213117599487,
      0.9905213117599487,
      0.9905213117599487,
      0.9857819676399231,
      0.9952606558799744,
      0.9857819676399231,
      0.9857819676399231,
      0.9952606558799744,
      0.9952606558799744,
      0.9952606558799744,
      0.9905213117599487,
      0.9952606558799744,
      0.9952606558799744,
      0.9952606558799744,
      0.9857819676399231,
      0.9952606558799744,
      1.0,
      0.9952606558799744,
      0.9952606558799744,
      0.9952606558799744,
      1.0,
      0.9952606558799744,
      1.0,
      0.9952606558799744,
      0.9952606558799744,
      1.0,
      1.0,
      1.0,
      1.0,
      1.0,
      0.9952606558799744,
      0.9952606558799744,
      0.9952606558799744,
      0.9905213117599487,
      1.0,
      1.0,
      1.0,
      1.0,
      0.9952606558799744,
      0.9952606558799744,
      0.9952606558799744,
      0.9952606558799744,
      0.9952606558799744,
      1.0,
      1.0,
      1.0,
      1.0,
      1.0,
      0.9952606558799744,
      1.0,
      1.0,
      1.0,
      0.9952606558799744,
      0.9952606558799744,
      0.9952606558799744,
      1.0,
      1.0,
      1.0,
      1.0,
      1.0,
      1.0,
      1.0,
      1.0,
      1.0,
      1.0,
      1.0,
      1.0
    ],