{
  "timestamp": "1D_CNN_20250717_184802",
  "test_loss": 0.5119189620018005,
  "test_accuracy": 0.8333333134651184,
  "class_distribution": {
    "true": {
      "3": 6,
      "4": 6,
      "0": 6,
      "10": 6,
      "5": 6,
      "8": 6,
      "9": 6,
      "1": 6,
      "7": 6,
      "6": 6,
      "2": 6
    },
    "predicted": {
      "3": 7,
      "4": 6,
      "0": 8,
      "10": 6,
      "5": 6,
      "8": 5,
      "1": 8,
      "9": 5,
      "7": 6,
      "6": 3,
      "2": 6
    }
  },
  "per_class_accuracy": {
    "Zero": 0.8333333333333334,
    "One": 1.0,
    "Two": 0.8333333333333334,
    "Three": 1.0,
    "Four": 1.0,
    "Five": 1.0,
    "Six": 0.5,
    "Seven": 0.8333333333333334,
    "Eight": 0.5,
    "Nine": 0.6666666666666666,
    "Static": 1.0
  },
  "confusion_matrix": [
    [
      5,
      1,
      0,
      0,
      0,
      0,
      0,
      0,
      0,
      0,
      0
    ],
    [
      0,
      6,
      0,
      0,
      0,
      0,
      0,
      0,
      0,
      0,
      0
    ],
    [
      0,
      0,
      5,
      1,
      0,
      0,
      0,
      0,
      0,
      0,
      0
    ],
    [
      0,
      0,
      0,
      6,
      0,
      0,
      0,
      0,
      0,
      0,
      0
    ],
    [
      0,
      0,
      0,
      0,
      6,
      0,
      0,
      0,
      0,
      0,
      0
    ],
    [
      0,
      0,
      0,
      0,
      0,
      6,
      0,
      0,
      0,
      0,
      0
    ],
    [
      3,
      0,
      0,
      0,
      0,
      0,
      3,
      0,
      0,
      0,
      0
    ],
    [
      0,
      1,
      0,
      0,
      0,
      0,
      0,
      5,
      0,
      0,
      0
    ],
    [
      0,
      0,
      1,
      0,
      0,
      0,
      0,
      1,
      3,
      1,
      0
    ],
    [
      0,
      0,
      0,
      0,
      0,
      0,
      0,
      0,
      2,
      4,
      0
    ],
    [
      0,
      0,
      0,
      0,
      0,
      0,
      0,
      0,
      0,
      0,
      6
    ]
  ],
  "classification_report": {
    "Zero": {
      "precision": 0.625,
      "recall": 0.8333333333333334,
      "f1-score": 0.7142857142857143,
      "support": 6.0
    },
    "One": {
      "precision": 0.75,
      "recall": 1.0,
      "f1-score": 0.8571428571428571,
      "support": 6.0
    },
    "Two": {
      "precision": 0.8333333333333334,
      "recall": 0.8333333333333334,
      "f1-score": 0.8333333333333334,
      "support": 6.0
    },
    "Three": {
      "precision": 0.8571428571428571,
      "recall": 1.0,
      "f1-score": 0.923076923076923,
      "support": 6.0
    },
    "Four": {
      "precision": 1.0,
      "recall": 1.0,
      "f1-score": 1.0,
      "support": 6.0
    },
    "Five": {
      "precision": 1.0,
      "recall": 1.0,
      "f1-score": 1.0,
      "support": 6.0
    },
    "Six": {
      "precision": 1.0,
      "recall": 0.5,
      "f1-score": 0.6666666666666666,
      "support": 6.0
    },
    "Seven": {
      "precision": 0.8333333333333334,
      "recall": 0.8333333333333334,
      "f1-score": 0.8333333333333334,
      "support": 6.0
    },
    "Eight": {
      "precision": 0.6,
      "recall": 0.5,
      "f1-score": 0.5454545454545454,
      "support": 6.0
    },
    "Nine": {
      "precision": 0.8,
      "recall": 0.6666666666666666,
      "f1-score": 0.7272727272727272,
      "support": 6.0
    },
    "Static": {
      "precision": 1.0,
      "recall": 1.0,
      "f1-score": 1.0,
      "support": 6.0
    },
    "accuracy": 0.8333333333333334,
    "macro avg": {
      "precision": 0.8453463203463204,
      "recall": 0.8333333333333333,
      "f1-score": 0.8273241909605545,
      "support": 66.0
    },
    "weighted avg": {
      "precision": 0.8453463203463204,
      "recall": 0.8333333333333334,
      "f1-score": 0.8273241909605547,
      "support": 66.0
    }
  },
  "confidence_stats": {
    "mean": 0.8542985916137695,
    "min": 0.41103097796440125,
    "max": 0.9999970197677612,
    "std": 0.16719448566436768
  },
  "error_analysis": {
    "total_errors": 11,
    "error_rate": 0.16666666666666666,
    "low_confidence_predictions": 3
  },
  "training_history": {
    "epochs_trained": 10,
    "final_train_accuracy": 0.9099525809288025,
    "final_val_accuracy": 0.9245283007621765,
    "final_train_loss": 0.21309557557106018,
    "final_val_loss": 0.1894748955965042,
    "best_val_accuracy": 0.9433962106704712,
    "best_val_accuracy_epoch": 3,
    "train_accuracy_history": [
      0.3222748935222626,
      0.6398104429244995,
      0.7535545229911804,
      0.8199052214622498,
      0.829383909702301,
      0.8625592589378357,
      0.8909952640533447,
      0.8720378875732422,
      0.9099525809288025,
      0.9099525809288025
    ],
    "val_accuracy_history": [
      0.7169811129570007,
      0.9245283007621765,
      0.9433962106704712,
      0.8867924809455872,
      0.9245283007621765,
      0.8679245114326477,
      0.9056603908538818,
      0.9056603908538818,
      0.9245283007621765,
      0.9245283007621765
    ],
    "train_loss_history": [
      1.8856948614120483,
      0.9356571435928345,
      0.5633589029312134,
      0.4859786629676819,
      0.4881822168827057,
      0.3681436777114868,
      0.3317529857158661,
      0.35239145159721375,
      0.2459239661693573,
      0.21309557557106018
    ],
    "val_loss_history": [
      0.9582244753837585,
      0.35642126202583313,
      0.3294830024242401,
      0.3830273151397705,
      0.27576833963394165,
      0.3643699288368225,
      0.22666575014591217,
      0.20923645794391632,
      0.23007608950138092,
      0.1894748955965042
    ]
  }
}