{
  "timestamp": "1D_CNN_20250717_224139",
  "test_loss": 0.5643067955970764,
  "test_accuracy": 0.8939393758773804,
  "class_distribution": {
    "true": {
      "3": 6,
      "4": 6,
      "0": 6,
      "10": 6,
      "5": 6,
      "8": 6,
      "9": 6,
      "1": 6,
      "7": 6,
      "6": 6,
      "2": 6
    },
    "predicted": {
      "3": 7,
      "4": 7,
      "0": 7,
      "10": 5,
      "5": 6,
      "8": 4,
      "9": 7,
      "7": 6,
      "6": 5,
      "2": 6,
      "1": 6
    }
  },
  "per_class_accuracy": {
    "Zero": 1.0,
    "One": 0.8333333333333334,
    "Two": 0.8333333333333334,
    "Three": 1.0,
    "Four": 1.0,
    "Five": 1.0,
    "Six": 0.8333333333333334,
    "Seven": 0.8333333333333334,
    "Eight": 0.6666666666666666,
    "Nine": 1.0,
    "Static": 0.8333333333333334
  },
  "confusion_matrix": [
    [
      6,
      0,
      0,
      0,
      0,
      0,
      0,
      0,
      0,
      0,
      0
    ],
    [
      0,
      5,
      0,
      0,
      0,
      0,
      0,
      1,
      0,
      0,
      0
    ],
    [
      0,
      0,
      5,
      1,
      0,
      0,
      0,
      0,
      0,
      0,
      0
    ],
    [
      0,
      0,
      0,
      6,
      0,
      0,
      0,
      0,
      0,
      0,
      0
    ],
    [
      0,
      0,
      0,
      0,
      6,
      0,
      0,
      0,
      0,
      0,
      0
    ],
    [
      0,
      0,
      0,
      0,
      0,
      6,
      0,
      0,
      0,
      0,
      0
    ],
    [
      1,
      0,
      0,
      0,
      0,
      0,
      5,
      0,
      0,
      0,
      0
    ],
    [
      0,
      1,
      0,
      0,
      0,
      0,
      0,
      5,
      0,
      0,
      0
    ],
    [
      0,
      0,
      1,
      0,
      0,
      0,
      0,
      0,
      4,
      1,
      0
    ],
    [
      0,
      0,
      0,
      0,
      0,
      0,
      0,
      0,
      0,
      6,
      0
    ],
    [
      0,
      0,
      0,
      0,
      1,
      0,
      0,
      0,
      0,
      0,
      5
    ]
  ],
  "classification_report": {
    "Zero": {
      "precision": 0.8571428571428571,
      "recall": 1.0,
      "f1-score": 0.923076923076923,
      "support": 6.0
    },
    "One": {
      "precision": 0.8333333333333334,
      "recall": 0.8333333333333334,
      "f1-score": 0.8333333333333334,
      "support": 6.0
    },
    "Two": {
      "precision": 0.8333333333333334,
      "recall": 0.8333333333333334,
      "f1-score": 0.8333333333333334,
      "support": 6.0
    },
    "Three": {
      "precision": 0.8571428571428571,
      "recall": 1.0,
      "f1-score": 0.923076923076923,
      "support": 6.0
    },
    "Four": {
      "precision": 0.8571428571428571,
      "recall": 1.0,
      "f1-score": 0.923076923076923,
      "support": 6.0
    },
    "Five": {
      "precision": 1.0,
      "recall": 1.0,
      "f1-score": 1.0,
      "support": 6.0
    },
    "Six": {
      "precision": 1.0,
      "recall": 0.8333333333333334,
      "f1-score": 0.9090909090909091,
      "support": 6.0
    },
    "Seven": {
      "precision": 0.8333333333333334,
      "recall": 0.8333333333333334,
      "f1-score": 0.8333333333333334,
      "support": 6.0
    },
    "Eight": {
      "precision": 1.0,
      "recall": 0.6666666666666666,
      "f1-score": 0.8,
      "support": 6.0
    },
    "Nine": {
      "precision": 0.8571428571428571,
      "recall": 1.0,
      "f1-score": 0.923076923076923,
      "support": 6.0
    },
    "Static": {
      "precision": 1.0,
      "recall": 0.8333333333333334,
      "f1-score": 0.9090909090909091,
      "support": 6.0
    },
    "accuracy": 0.8939393939393939,
    "macro avg": {
      "precision": 0.9025974025974026,
      "recall": 0.893939393939394,
      "f1-score": 0.8918626827717735,
      "support": 66.0
    },
    "weighted avg": {
      "precision": 0.9025974025974026,
      "recall": 0.8939393939393939,
      "f1-score": 0.8918626827717736,
      "support": 66.0
    }
  },
  "confidence_stats": {
    "mean": 0.964133083820343,
    "min": 0.5735752582550049,
    "max": 0.9999991655349731,
    "std": 0.08725932240486145
  },
  "error_analysis": {
    "total_errors": 7,
    "error_rate": 0.10606060606060606,
    "low_confidence_predictions": 0
  },
  "training_history": {
    "epochs_trained": 64,
    "final_train_accuracy": 1.0,
    "final_val_accuracy": 0.9433962106704712,
    "final_train_loss": 0.0003134386788588017,
    "final_val_loss": 0.06721261143684387,
    "best_val_accuracy": 0.9811320900917053,
    "best_val_accuracy_epoch": 26,
    "train_accuracy_history": [
      0.49289098381996155,
      0.8104265332221985,
      0.9194312691688538,
      0.9478672742843628,
      0.9668246507644653,
      0.9763033390045166,
      0.971563994884491,
      0.9810426831245422,
      0.9810426831245422,
      0.9905213117599487,
      1.0,
      0.9905213117599487,
      0.9952606558799744,
      0.9905213117599487,
      0.9952606558799744,
      0.9952606558799744,
      1.0,
      1.0,
      1.0,
      1.0,
      1.0,
      1.0,
      1.0,
      1.0,
      1.0,
      1.0,
      1.0,
      1.0,
      1.0,
      1.0,
      1.0,
      1.0,
      1.0,
      1.0,
      1.0,
      1.0,
      1.0,
      1.0,
      1.0,
      1.0,
      1.0,
      1.0,
      1.0,
      1.0,
      1.0,
      1.0,
      1.0,
      1.0,
      1.0,
      1.0,
      1.0,
      1.0,
      1.0,
      1.0,
      1.0,
      1.0,
      1.0,
      1.0,
      1.0,
      1.0,
      1.0,
      1.0,
      1.0,
      1.0
    ],
    "val_accuracy_history": [
      0.5094339847564697,
      0.5094339847564697,
      0.4528301954269409,
      0.5094339847564697,
      0.5471698045730591,
      0.6226415038108826,
      0.6792452931404114,
      0.698113203048706,
      0.7735849022865295,
      0.7924528121948242,
      0.7924528121948242,
      0.8301886916160583,
      0.849056601524353,
      0.8301886916160583,
      0.8679245114326477,
      0.9245283007621765,
      0.9245283007621765,
      0.9433962106704712,
      0.9433962106704712,
      0.9433962106704712,
      0.9433962106704712,
      0.9433962106704712,
      0.9622641801834106,
      0.9622641801834106,
      0.9622641801834106,
      0.9811320900917053,
      0.9811320900917053,
      0.9811320900917053,
      0.9811320900917053,
      0.9811320900917053,
      0.9811320900917053,
      0.9811320900917053,
      0.9811320900917053,
      0.9811320900917053,
      0.9811320900917053,
      0.9811320900917053,
      0.9811320900917053,
      0.9622641801834106,
      0.9622641801834106,
      0.9622641801834106,
      0.9622641801834106,
      0.9622641801834106,
      0.9622641801834106,
      0.9622641801834106,
      0.9622641801834106,
      0.9622641801834106,
      0.9622641801834106,
      0.9622641801834106,
      0.9622641801834106,
      0.9622641801834106,
      0.9622641801834106,
      0.9622641801834106,
      0.9622641801834106,
      0.9622641801834106,
      0.9622641801834106,
      0.9622641801834106,
      0.9622641801834106,
      0.9622641801834106,
      0.9622641801834106,
      0.9622641801834106,
      0.9433962106704712,
      0.9433962106704712,
      0.9433962106704712,
      0.9433962106704712
    ],