{
  "timestamp": "1D_CNN_20250713_173756",
  "test_loss": 0.4885784387588501,
  "test_accuracy": 0.8939393758773804,
  "class_distribution": {
    "true": {
      "3": 6,
      "4": 6,
      "0": 6,
      "10": 6,
      "5": 6,
      "8": 6,
      "9": 6,
      "1": 6,
      "7": 6,
      "6": 6,
      "2": 6
    },
    "predicted": {
      "3": 7,
      "4": 6,
      "0": 5,
      "10": 6,
      "5": 6,
      "8": 5,
      "9": 6,
      "7": 6,
      "6": 7,
      "2": 6,
      "1": 6
    }
  },
  "per_class_accuracy": {
    "Zero": 0.8333333333333334,
    "One": 0.8333333333333334,
    "Two": 0.8333333333333334,
    "Three": 1.0,
    "Four": 1.0,
    "Five": 1.0,
    "Six": 1.0,
    "Seven": 0.8333333333333334,
    "Eight": 0.6666666666666666,
    "Nine": 0.8333333333333334,
    "Static": 1.0
  },
  "confusion_matrix": [
    [
      5,
      0,
      0,
      0,
      0,
      0,
      1,
      0,
      0,
      0,
      0
    ],
    [
      0,
      5,
      0,
      0,
      0,
      0,
      0,
      1,
      0,
      0,
      0
    ],
    [
      0,
      0,
      5,
      1,
      0,
      0,
      0,
      0,
      0,
      0,
      0
    ],
    [
      0,
      0,
      0,
      6,
      0,
      0,
      0,
      0,
      0,
      0,
      0
    ],
    [
      0,
      0,
      0,
      0,
      6,
      0,
      0,
      0,
      0,
      0,
      0
    ],
    [
      0,
      0,
      0,
      0,
      0,
      6,
      0,
      0,
      0,
      0,
      0
    ],
    [
      0,
      0,
      0,
      0,
      0,
      0,
      6,
      0,
      0,
      0,
      0
    ],
    [
      0,
      1,
      0,
      0,
      0,
      0,
      0,
      5,
      0,
      0,
      0
    ],
    [
      0,
      0,
      1,
      0,
      0,
      0,
      0,
      0,
      4,
      1,
      0
    ],
    [
      0,
      0,
      0,
      0,
      0,
      0,
      0,
      0,
      1,
      5,
      0
    ],
    [
      0,
      0,
      0,
      0,
      0,
      0,
      0,
      0,
      0,
      0,
      6
    ]
  ],
  "classification_report": {
    "Zero": {
      "precision": 1.0,
      "recall": 0.8333333333333334,
      "f1-score": 0.9090909090909091,
      "support": 6.0
    },
    "One": {
      "precision": 0.8333333333333334,
      "recall": 0.8333333333333334,
      "f1-score": 0.8333333333333334,
      "support": 6.0
    },
    "Two": {
      "precision": 0.8333333333333334,
      "recall": 0.8333333333333334,
      "f1-score": 0.8333333333333334,
      "support": 6.0
    },
    "Three": {
      "precision": 0.8571428571428571,
      "recall": 1.0,
      "f1-score": 0.9230769230769231,
      "support": 6.0
    },
    "Four": {
      "precision": 1.0,
      "recall": 1.0,
      "f1-score": 1.0,
      "support": 6.0
    },
    "Five": {
      "precision": 1.0,
      "recall": 1.0,
      "f1-score": 1.0,
      "support": 6.0
    },
    "Six": {
      "precision": 0.8571428571428571,
      "recall": 1.0,
      "f1-score": 0.9230769230769231,
      "support": 6.0
    },
    "Seven": {
      "precision": 0.8333333333333334,
      "recall": 0.8333333333333334,
      "f1-score": 0.8333333333333334,
      "support": 6.0
    },
    "Eight": {
      "precision": 0.8,
      "recall": 0.6666666666666666,
      "f1-score": 0.7272727272727273,
      "support": 6.0
    },
    "Nine": {
      "precision": 0.8333333333333334,
      "recall": 0.8333333333333334,
      "f1-score": 0.8333333333333334,
      "support": 6.0
    },
    "Static": {
      "precision": 1.0,
      "recall": 1.0,
      "f1-score": 1.0,
      "support": 6.0
    },
    "accuracy": 0.8939393939393939,
    "macro avg": {
      "precision": 0.8952380952380953,
      "recall": 0.893939393939394,
      "f1-score": 0.892350074168256,
      "support": 66.0
    },
    "weighted avg": {
      "precision": 0.8952380952380953,
      "recall": 0.8939393939393939,
      "f1-score": 0.892350074168256,
      "support": 66.0
    }
  },
  "confidence_stats": {
    "mean": 0.8956448435783386,
    "min": 0.3581843674182892,
    "max": 0.9984776973724365,
    "std": 0.15756960213184357
  },
  "error_analysis": {
    "total_errors": 7,
    "error_rate": 0.10606060606060606,
    "low_confidence_predictions": 3
  },
  "training_history": {
    "epochs_trained": 63,
    "final_train_accuracy": 1.0,
    "final_val_accuracy": 0.9622641801834106,
    "final_train_loss": 0.03496338427066803,
    "final_val_loss": 0.1101057156920433,
    "best_val_accuracy": 0.9811320900917053,
    "best_val_accuracy_epoch": 15,
    "train_accuracy_history": [
      0.2985782027244568,
      0.620853066444397,
      0.7535545229911804,
      0.7677724957466125,
      0.829383909702301,
      0.8672986030578613,
      0.900473952293396,
      0.8815165758132935,
      0.900473952293396,
      0.928909957408905,
      0.9241706132888794,
      0.9383886456489563,
      0.9241706132888794,
      0.9431279897689819,
      0.9478672742843628,
      0.9573459625244141,
      0.9526066184043884,
      0.9620853066444397,
      0.9620853066444397,
      0.9763033390045166,
      0.9668246507644653,
      0.9620853066444397,
      0.9857819676399231,
      0.9763033390045166,
      0.9905213117599487,
      0.9668246507644653,
      0.9857819676399231,
      0.9905213117599487,
      0.9857819676399231,
      0.9857819676399231,
      0.9857819676399231,
      0.9810426831245422,
      0.9857819676399231,
      0.9952606558799744,
      0.9857819676399231,
      0.9905213117599487,
      0.9952606558799744,
      0.9952606558799744,
      0.9905213117599487,
      0.9905213117599487,
      0.9952606558799744,
      0.9952606558799744,
      0.9905213117599487,
      0.9952606558799744,
      0.9905213117599487,
      0.9952606558799744,
      0.9952606558799744,
      0.9905213117599487,
      1.0,
      1.0,
      0.9905213117599487,
      0.9905213117599487,
      1.0,
      0.9952606558799744,
      0.9905213117599487,
      1.0,
      0.9905213117599487,
      0.9952606558799744,
      1.0,
      1.0,
      1.0,
      1.0,
      1.0
    ],
    "val_accuracy_history": [
      0.6037735939025879,
      0.7358490824699402,
      0.7547169923782349,
      0.7735849022865295,
      0.7924528121948242,
      0.8301886916160583,
      0.8679245114326477,
      0.8867924809455872,
      0.9056603908538818,
      0.9245283007621765,
      0.9245283007621765,
      0.9433962106704712,
      0.9433962106704712,
      0.9622641801834106,
      0.9811320900917053,
      0.9433962106704712,
      0.9622641801834106,
      0.9622641801834106,
      0.9433962106704712,
      0.9433962106704712,
      0.9622641801834106,
      0.9622641801834106,
      0.9622641801834106,
      0.9811320900917053,
      0.9622641801834106,
      0.9811320900917053,
      0.9622641801834106,
      0.9622641801834106,
      0.9811320900917053,
      0.9811320900917053,
      0.9622641801834106,
      0.9622641801834106,
      0.9811320900917053,
      0.9622641801834106,
      0.9811320900917053,
      0.9622641801834106,
      0.9622641801834106,
      0.9622641801834106,
      0.9622641801834106,
      0.9811320900917053,
      0.9811320900917053,
      0.9811320900917053,
      0.9811320900917053,
      0.9622641801834106,
      0.9811320900917053,
      0.9622641801834106,
      0.9811320900917053,
      0.9811320900917053,
      0.9811320900917053,
      0.9811320900917053,
      0.9622641801834106,
      0.9811320900917053,
      0.9811320900917053,
      0.9622641801834106,
      0.9622641801834106,
      0.9622641801834106,
      0.9622641801834106,
      0.9622641801834106,
      0.9622641801834106,
      0.9622641801834106,
      0.9433962106704712,
      0.9622641801834106,
      0.9622641801834106
    ],