{
  "timestamp": "1D_CNN_20250722_030817",
  "test_loss": 0.4181838035583496,
  "test_accuracy": 0.918181836605072,
  "class_distribution": {
    "true": {
      "10": 10,
      "5": 10,
      "2": 10,
      "9": 10,
      "3": 10,
      "8": 10,
      "1": 10,
      "4": 10,
      "6": 10,
      "7": 10,
      "0": 10
    },
    "predicted": {
      "10": 10,
      "5": 10,
      "2": 11,
      "4": 12,
      "3": 10,
      "8": 10,
      "1": 13,
      "6": 10,
      "9": 7,
      "0": 10,
      "7": 7
    }
  },
  "per_class_accuracy": {
    "Zero": 0.9,
    "One": 1.0,
    "Two": 1.0,
    "Three": 0.9,
    "Four": 1.0,
    "Five": 1.0,
    "Six": 0.9,
    "Seven": 0.7,
    "Eight": 1.0,
    "Nine": 0.7,
    "Static": 1.0
  },
  "confusion_matrix": [
    [
      9,
      0,
      0,
      0,
      0,
      0,
      1,
      0,
      0,
      0,
      0
    ],
    [
      0,
      10,
      0,
      0,
      0,
      0,
      0,
      0,
      0,
      0,
      0
    ],
    [
      0,
      0,
      10,
      0,
      0,
      0,
      0,
      0,
      0,
      0,
      0
    ],
    [
      0,
      0,
      1,
      9,
      0,
      0,
      0,
      0,
      0,
      0,
      0
    ],
    [
      0,
      0,
      0,
      0,
      10,
      0,
      0,
      0,
      0,
      0,
      0
    ],
    [
      0,
      0,
      0,
      0,
      0,
      10,
      0,
      0,
      0,
      0,
      0
    ],
    [
      1,
      0,
      0,
      0,
      0,
      0,
      9,
      0,
      0,
      0,
      0
    ],
    [
      0,
      3,
      0,
      0,
      0,
      0,
      0,
      7,
      0,
      0,
      0
    ],
    [
      0,
      0,
      0,
      0,
      0,
      0,
      0,
      0,
      10,
      0,
      0
    ],
    [
      0,
      0,
      0,
      1,
      2,
      0,
      0,
      0,
      0,
      7,
      0
    ],
    [
      0,
      0,
      0,
      0,
      0,
      0,
      0,
      0,
      0,
      0,
      10
    ]
  ],
  "classification_report": {
    "Zero": {
      "precision": 0.9,
      "recall": 0.9,
      "f1-score": 0.9,
      "support": 10.0
    },
    "One": {
      "precision": 0.7692307692307693,
      "recall": 1.0,
      "f1-score": 0.8695652173913044,
      "support": 10.0
    },
    "Two": {
      "precision": 0.9090909090909091,
      "recall": 1.0,
      "f1-score": 0.9523809523809523,
      "support": 10.0
    },
    "Three": {
      "precision": 0.9,
      "recall": 0.9,
      "f1-score": 0.9,
      "support": 10.0
    },
    "Four": {
      "precision": 0.8333333333333334,
      "recall": 1.0,
      "f1-score": 0.9090909090909091,
      "support": 10.0
    },
    "Five": {
      "precision": 1.0,
      "recall": 1.0,
      "f1-score": 1.0,
      "support": 10.0
    },
    "Six": {
      "precision": 0.9,
      "recall": 0.9,
      "f1-score": 0.9,
      "support": 10.0
    },
    "Seven": {
      "precision": 1.0,
      "recall": 0.7,
      "f1-score": 0.8235294117647058,
      "support": 10.0
    },
    "Eight": {
      "precision": 1.0,
      "recall": 1.0,
      "f1-score": 1.0,
      "support": 10.0
    },
    "Nine": {
      "precision": 1.0,
      "recall": 0.7,
      "f1-score": 0.8235294117647058,
      "support": 10.0
    },
    "Static": {
      "precision": 1.0,
      "recall": 1.0,
      "f1-score": 1.0,
      "support": 10.0
    },
    "accuracy": 0.9181818181818182,
    "macro avg": {
      "precision": 0.9283322737868193,
      "recall": 0.9181818181818181,
      "f1-score": 0.9161905365811436,
      "support": 110.0
    },
    "weighted avg": {
      "precision": 0.9283322737868193,
      "recall": 0.9181818181818182,
      "f1-score": 0.9161905365811434,
      "support": 110.0
    }
  },
  "confidence_stats": {
    "mean": 0.9132435917854309,
    "min": 0.48530352115631104,
    "max": 0.9971312284469604,
    "std": 0.11204884946346283
  },
  "error_analysis": {
    "total_errors": 9,
    "error_rate": 0.08181818181818182,
    "low_confidence_predictions": 1
  },
  "training_history": {
    "epochs_trained": 30,
    "final_train_accuracy": 0.9545454382896423,
    "final_val_accuracy": 0.8977272510528564,
    "final_train_loss": 0.14728562533855438,
    "final_val_loss": 0.42488834261894226,
    "best_val_accuracy": 0.9318181872367859,
    "best_val_accuracy_epoch": 9,
    "train_accuracy_history": [
      0.40340909361839294,
      0.6505681872367859,
      0.7357954382896423,
      0.8380681872367859,
      0.8494318127632141,
      0.8693181872367859,
      0.9090909361839294,
      0.9204545617103577,
      0.9375,
      0.9346590638160706,
      0.9232954382896423,
      0.9375,
      0.9375,
      0.9289772510528564,
      0.9545454382896423,
      0.9517045617103577,
      0.9488636255264282,
      0.9602272510528564,
      0.9630681872367859,
      0.9460227489471436,
      0.9630681872367859,
      0.9545454382896423,
      0.9659090638160706,
      0.8977272510528564,
      0.9261363744735718,
      0.9403409361839294,
      0.9204545617103577,
      0.9261363744735718,
      0.9602272510528564,
      0.9545454382896423
    ],
    "val_accuracy_history": [
      0.625,
      0.7159090638160706,
      0.7954545617103577,
      0.8295454382896423,
      0.8295454382896423,
      0.875,
      0.8977272510528564,
      0.875,
      0.9318181872367859,
      0.9204545617103577,
      0.8863636255264282,
      0.9090909361839294,
      0.8409090638160706,
      0.8522727489471436,
      0.9318181872367859,
      0.9090909361839294,
      0.9204545617103577,
      0.8863636255264282,
      0.8636363744735718,
      0.9090909361839294,
      0.9318181872367859,
      0.8863636255264282,
      0.8863636255264282,
      0.8636363744735718,
      0.8522727489471436,
      0.8863636255264282,
      0.9090909361839294,
      0.8636363744735718,
      0.8863636255264282,
      0.8977272510528564
    ],
    "train_loss_history": [
      1.5899395942687988,
      1.0439910888671875,
      0.8135411739349365,
      0.5829803943634033,
      0.4811660647392273,
      0.40904900431632996,
      0.30548956990242004,
      0.2718437910079956,
      0.24160346388816833,
      0.20414547622203827,
      0.20529517531394958,
      0.2204202562570572,
      0.20886434614658356,
      0.21283464133739471,
      0.17117871344089508,
      0.1711289882659912,
      0.15683050453662872,
      0.15254314243793488,
      0.13518568873405457,
      0.17558158934116364,
      0.15406760573387146,
      0.1357182413339615,
      0.11901742964982986,
      0.32203829288482666,
      0.21511021256446838,
      0.21141906082630157,
      0.24290576577186584,
      0.21535803377628326,
      0.14263764023780823,
      0.14728562533855438
    ],
    "val_loss_history": [
      1.1876944303512573,
      0.9239186644554138,
      0.7781252264976501,
      0.595782458782196,
      0.5282704830169678,
      0.43947216868400574,
      0.39862868189811707,
      0.35461169481277466,
      0.3534742593765259,
      0.3865656852722168,
      0.4440099596977234,
      0.35701045393943787,
      0.5210956931114197,
      0.4079537093639374,
      0.2996969223022461,
      0.3466816842556,
      0.30911868810653687,
      0.3886352479457855,
      0.4344272315502167,
      0.3452897071838379,
      0.3491964340209961,
      0.4054099917411804,
      0.3426189422607422,
      0.4751783609390259,
      0.4591730833053589,
      0.42086994647979736,
      0.3261609375476837,
      0.4067701995372772,
      0.38613054156303406,
      0.42488834261894226
    ]
  }
}