{
  "best_params": {
    "n_conv_layers": 2,
    "use_batch_norm": false,
    "use_conv_dropout": true,
    "use_dense_dropout": true,
    "activation": "tanh",
    "dense_units": 32,
    "learning_rate": 0.0050425965258502625,
    "batch_size": 64,
    "conv1_filters": 47,
    "conv1_kernel": 9,
    "conv2_filters": 58,
    "conv2_kernel": 5,
    "conv_dropout": 0.10151614702007972,
    "dense_dropout": 0.5059286861459105
  },
  "model_type": "1D_CNN",
  "timestamp": "20250717_221811",
  "arduino_mode": false,
  "performance": {
    "test_accuracy": 0.8636363744735718,
    "test_loss": 0.71482253074646
  },
  "file_size_mb": 0.43968772888183594
}