{
  "best_params": {
    "n_conv_layers": 2,
    "use_batch_norm": false,
    "use_conv_dropout": true,
    "use_dense_dropout": true,
    "activation": "relu",
    "dense_units": 125,
    "learning_rate": 0.00011639212944554184,
    "batch_size": 16,
    "conv1_filters": 111,
    "conv1_kernel": 13,
    "conv2_filters": 102,
    "conv2_kernel": 7,
    "conv_dropout": 0.12256926159893684,
    "dense_dropout": 0.4050256725939602
  },
  "model_type": "1D_CNN",
  "timestamp": "20250717_213913",
  "arduino_mode": false,
  "performance": {
    "test_accuracy": 0.4848484992980957,
    "test_loss": 1.8758502006530762
  },
  "file_size_mb": 0.00083160400390625
}