{
  "best_params": {
    "n_conv_layers": 3,
    "use_batch_norm": true,
    "use_conv_dropout": true,
    "use_dense_dropout": true,
    "activation": "swish",
    "dense_units": 108,
    "learning_rate": 0.0028440643698774116,
    "batch_size": 16,
    "conv1_filters": 44,
    "conv1_kernel": 11,
    "conv2_filters": 51,
    "conv2_kernel": 15,
    "conv3_filters": 16,
    "conv3_kernel": 7,
    "conv_dropout": 0.22442839623572938,
    "dense_dropout": 0.28700593423363213
  },
  "model_type": "1D_CNN",
  "timestamp": "20250717_212512",
  "arduino_mode": false,
  "performance": {
    "test_accuracy": 0.7121211886405945,
    "test_loss": 1.192003607749939
  },
  "file_size_mb": 0.00083160400390625
}