{
  "predictions": [
    10,
    2,
    1,
    5,
    7,
    9,
    6,
    4,
    3,
    8,
    2,
    0,
    1,
    0,
    3,
    6,
    10,
    9,
    8,
    4,
    7,
    5
  ],
  "true_labels": [
    10,
    2,
    1,
    5,
    7,
    9,
    6,
    4,
    3,
    8,
    2,
    0,
    1,
    0,
    3,
    6,
    10,
    9,
    8,
    4,
    7,
    5
  ],
  "probabilities": [
    [
      0.00018938202993012965,
      0.0009276008931919932,
      1.1928989351872588e-06,
      9.264890650229063e-06,
      0.00025407742941752076,
      7.652419299120083e-05,
      9.797397524380358e-07,
      1.760311363341316e-07,
      7.299541266547749e-06,
      0.0008019536617211998,
      0.9977315664291382
    ],
    [
      0.000766824756283313,
      0.05473806709051132,
      0.6765750050544739,
      0.002093505347147584,
      0.0030686799436807632,
      0.00012216375034768134,
      0.0005089928163215518,
      0.15460503101348877,
      0.01133668702095747,
      0.095981664955616,
      0.0002033781202044338
    ],
    [
      0.010877788066864014,
      0.5580337047576904,
      0.0009174314327538013,
      0.022508561611175537,
      0.002811460755765438,
      0.00012577581219375134,
      0.000501148053444922,
      0.4027819335460663,
      0.0009595829178579152,
      5.1596489356597885e-05,
      0.00043099833419546485
    ],
    [
      0.0008405301487073302,
      1.4562757542080362e-06,
      6.650044088019058e-05,
      0.00016413326375186443,
      0.000171055638929829,
      0.9981652498245239,
      0.00045417292858473957,
      5.745188900618814e-06,
      4.661667117034085e-05,
      1.3466005839291029e-05,
      7.111047307262197e-05
    ],
    [
      0.0039977203123271465,
      0.41369542479515076,
      0.002630488248541951,
      0.0011785512324422598,
      0.00016804647748358548,
      1.2798409443348646e-05,
      0.002330264775082469,
      0.552173912525177,
      0.020817501470446587,
      0.0025639988016337156,
      0.00043123922660015523
    ],
    [
      4.3271258618915454e-05,
      0.00043864347389899194,
      0.00019118776253890246,
      3.5603247852122877e-06,
      0.00011347426334396005,
      6.378756552294362e-06,
      6.350931471388321e-06,
      5.609848358290037e-06,
      0.0002942594001069665,
      0.9984479546546936,
      0.00044927478302270174
    ],
    [
      0.002378912176936865,
      0.00016886774392332882,
      1.3643599231727421e-05,
      4.163357061770512e-06,
      6.407176897482714e-06,
      0.0002586885238997638,
      0.9962608814239502,
      0.0001315553527092561,
      0.0006242136587388813,
      0.00010279129492118955,
      4.978746437700465e-05
    ],
    [
      1.7496937289251946e-05,
      1.2207494364702143e-05,
      2.3419854187523015e-05,
      0.0005273023853078485,
      0.998201847076416,
      0.0005401638918556273,
      3.699298531500972e-06,
      4.484310557018034e-05,
      9.458162963937866e-08,
      4.5954580855323e-05,
      0.0005829018191434443
    ],
    [
      1.1928550520678982e-05,
      9.927849532687105e-06,
      0.00988025963306427,
      0.9752848744392395,
      0.0011082416167482734,
      0.012393533252179623,
      0.00010366398782934994,
      0.0010090174619108438,
      0.00017012999160215259,
      1.875311318144668e-05,
      9.588900866219774e-06
    ],
    [
      4.553486724034883e-05,
      7.786892092553899e-05,
      0.0013682084390893579,
      2.5473755158600397e-05,
      6.517102519865148e-07,
      5.907414015382528e-05,
      0.0004627333546523005,
      9.413006046088412e-05,
      0.9913552403450012,
      0.006450837478041649,
      6.030186705174856e-05
    ],
    [
      2.5264007490477525e-06,
      2.299133120686747e-05,
      0.9932942390441895,
      0.0002894795616157353,
      3.529648165567778e-05,
      9.195181337418035e-05,
      8.248357335105538e-05,
      0.0009482341702096164,
      0.0030340368393808603,
      0.002196833724156022,
      1.92963557310577e-06
    ],
    [
      0.9641395211219788,
      0.0017188938800245523,
      0.00011816905316663906,
      0.00012434781820047647,
      0.00014506916340906173,
      0.008918877691030502,
      0.015257667750120163,
      0.009187418967485428,
      0.00036014962824992836,
      8.068630449997727e-06,
      2.1873820514883846e-05
    ],
    [
      0.002420355100184679,
      0.9760153889656067,
      0.0005053611239418387,
      7.03515179338865e-05,
      5.343014345271513e-05,
      2.1318214749044273e-06,
      0.0004467841936275363,
      0.011275802738964558,
      0.002181673888117075,
      0.006578234490007162,
      0.0004504406242631376
    ],
    [
      0.9907809495925903,
      0.0008553438237868249,
      5.953093022981193e-06,
      8.953387805377133e-06,
      3.2489253499079496e-05,
      0.00037787927431054413,
      0.006638315040618181,
      0.0011944695143029094,
      7.880315388320014e-05,
      5.736417278967565e-06,
      2.11364240385592e-05
    ],
    [
      1.9319437342346646e-05,
      8.083603461273015e-06,
      0.0017429456347599626,
      0.9796074628829956,
      0.002334867138415575,
      0.015292578376829624,
      8.354258898179978e-05,
      0.0007012635469436646,
      0.0001559578813612461,
      9.583481187291909e-06,
      4.43561038991902e-05
    ],
    [
      0.0006050043157301843,
      2.2812468159827404e-05,
      7.467564500984736e-06,
      3.0081216664257227e-06,
      1.8829406371878576e-06,
      0.00014602826558984816,
      0.9988967180252075,
      9.364312427351251e-05,
      0.00020648035570047796,
      1.2015263564535417e-05,
      4.869424174103187e-06
    ],
    [
      0.0001791386748664081,
      0.0009169148979708552,
      6.966283194742573e-07,
      6.70067720420775e-06,
      0.0001900217030197382,
      2.899271930800751e-05,
      9.292128879678785e-07,
      2.2284014278284303e-07,
      6.199868039402645e-06,
      0.000810374622233212,
      0.9978598356246948
    ],
    [
      1.3290500646689907e-05,
      9.178695472655818e-05,
      8.083979628281668e-05,
      1.0561672070252826e-06,
      6.692663737339899e-05,
      4.26082942794892e-06,
      4.251408881827956e-06,
      2.032916881944402e-06,
      9.39769743126817e-05,
      0.9994719624519348,
      0.00016969192074611783
    ],
    [
      0.0002752953441813588,
      0.0016957891639322042,
      0.0022358132991939783,
      4.019101834273897e-05,
      4.271122179488884e-06,
      5.684065035893582e-05,
      0.000984693760983646,
      0.0002263174974359572,
      0.9106841683387756,
      0.08331689238548279,
      0.00047973665641620755
    ],
    [
      1.5900825019343756e-05,
      1.1789350537583232e-05,
      2.1106192434672266e-05,
      0.0004550471785478294,
      0.9982442855834961,
      0.0006078105070628226,
      4.778274160344154e-06,
      4.08156483899802e-05,
      6.430931875911483e-08,
      4.2872245103353634e-05,
      0.0005554654053412378
    ],
    [
      0.0002201145252911374,
      0.0033232388086616993,
      0.00011254793935222551,
      0.0005927382153458893,
      0.00015223247464746237,
      2.0771112758666277e-06,
      0.00021287871641106904,
      0.9952536821365356,
      0.00011500155233079568,
      7.432882739522029e-06,
      8.032465302676428e-06
    ],
    [
      0.00046081506297923625,
      1.2979279517821851e-06,
      7.231667404994369e-05,
      0.00022119680943433195,
      0.00015255616744980216,
      0.9986575841903687,
      0.0002635255514178425,
      5.663345291395672e-06,
      5.982492075418122e-05,
      1.1267547961324453e-05,
      9.388598118675873e-05
    ]
  ],