{
  "predictions": [
    10,
    2,
    1,
    5,
    7,
    9,
    6,
    4,
    3,
    8,
    2,
    0,
    1,
    0,
    3,
    6,
    10,
    9,
    8,
    4,
    7,
    5
  ],
  "true_labels": [
    10,
    2,
    1,
    5,
    7,
    9,
    6,
    4,
    3,
    8,
    2,
    0,
    1,
    0,
    3,
    6,
    10,
    9,
    8,
    4,
    7,
    5
  ],
  "probabilities": [
    [
      0.0002032845513895154,
      1.6029751748192211e-07,
      5.477066338244185e-07,
      2.0862500615947965e-09,
      6.315368864306947e-06,
      3.4442211472196504e-05,
      4.195813076320054e-13,
      1.3175619484329104e-09,
      5.147060377908019e-08,
      0.0024368593003600836,
      0.9973182678222656
    ],
    [
      0.00023984716972336173,
      0.052537951618433,
      0.9292584657669067,
      0.0021083345636725426,
      1.2127889931434765e-05,
      0.0007745256880298257,
      5.987290933262557e-06,
      0.014043565839529037,
      0.0006667239358648658,
      0.00035160096012987196,
      8.895172527445538e-07
    ],
    [
      0.00027879225672222674,
      0.8555865287780762,
      0.0018868130864575505,
      0.003042257856577635,
      1.8424485460855067e-05,
      0.0006559108151122928,
      6.096221568441251e-06,
      0.13823381066322327,
      0.00026412669103592634,
      6.161537839943776e-06,
      2.1025456589995883e-05
    ],
    [
      0.00016196108481381088,
      1.2778388054357492e-06,
      1.1199944083273294e-08,
      1.6157308664332959e-06,
      1.6802865729914629e-06,
      0.9996746182441711,
      1.508958234808233e-06,
      1.117507508752169e-06,
      3.984025340741937e-07,
      0.0001517063210485503,
      4.019742391392356e-06
    ],
    [
      0.0005308089312165976,
      0.2588156759738922,
      0.0008268533856607974,
      0.0006073071272112429,
      4.259837623976637e-06,
      0.0005668977391906083,
      5.065153891337104e-05,
      0.7306869029998779,
      0.007780473213642836,
      8.290579899039585e-06,
      0.00012193110160296783
    ],
    [
      0.0019849909003823996,
      0.00023315660655498505,
      0.004706859588623047,
      0.00014314652071334422,
      0.00032665382605046034,
      0.00017768364341463894,
      3.27392604049237e-06,
      1.5642835933249444e-05,
      0.03136255219578743,
      0.960654616355896,
      0.00039145242772065103
    ],
    [
      0.04404667392373085,
      0.0005313285510055721,
      8.302104248514297e-08,
      8.997996701509692e-06,
      9.653693950895104e-07,
      0.0012778930831700563,
      0.9540325999259949,
      4.1627234168117866e-05,
      4.173252818873152e-05,
      1.3371988643484656e-05,
      4.613168584910454e-06
    ],
    [
      2.4940286493801977e-06,
      6.528910603265103e-07,
      3.2547411592531716e-06,
      0.001858928706496954,
      0.9967153072357178,
      0.000331459246808663,
      1.3589541936198657e-07,
      9.236866389983334e-06,
      1.172754946310306e-05,
      0.0010534198954701424,
      1.3522227163775824e-05
    ],
    [
      1.351567425444955e-05,
      4.8312162107322365e-05,
      0.035487100481987,
      0.9534424543380737,
      0.008297613821923733,
      0.00038655978278256953,
      1.1740448826458305e-05,
      0.0002960452693514526,
      0.001138992258347571,
      0.0008659614250063896,
      1.1696974979713559e-05
    ],
    [
      4.6925390051910654e-05,
      2.8785473205061862e-06,
      0.0003145478549413383,
      2.2095828171586618e-05,
      1.0158106306334957e-05,
      1.0765812476165593e-05,
      2.7198166208108887e-07,
      4.3026960838687955e-07,
      0.6303202509880066,
      0.3692610263824463,
      1.0680463674361818e-05
    ],
    [
      1.694960883469321e-05,
      0.0010785316117107868,
      0.9963407516479492,
      0.0013021968770772219,
      4.829551471630111e-06,
      2.9829279810655862e-05,
      1.2019795292417257e-07,
      9.893633250612766e-05,
      0.0007554739713668823,
      0.00037204069667495787,
      3.978805409587949e-07
    ],
    [
      0.8505167961120605,
      0.001241555088199675,
      1.0544010820012772e-07,
      3.4751185012282804e-05,
      5.851781992305405e-08,
      0.010854683816432953,
      0.1368984431028366,
      0.00044880955829285085,
      4.068127054779325e-06,
      6.678945965177263e-07,
      7.939220125763313e-08
    ],
    [
      0.0013716253452003002,
      0.7293253540992737,
      0.001317360671237111,
      0.0003301957331132144,
      3.7300537769624498e-06,
      0.0005808217683807015,
      9.370797488372773e-05,
      0.2616150677204132,
      0.005304763093590736,
      1.3958033378003165e-05,
      4.345988782006316e-05
    ],
    [
      0.8941542506217957,
      0.002801810158416629,
      3.386719242826075e-07,
      3.7809848436154425e-05,
      2.7006819891539635e-07,
      0.004825130105018616,
      0.09788357466459274,
      0.00027450110064819455,
      1.766909372236114e-05,
      3.894046130881179e-06,
      6.689767815259984e-07
    ],
    [
      2.73660753009608e-05,
      3.7292789784260094e-05,
      0.0005700537003576756,
      0.5220171213150024,
      0.4618770182132721,
      0.007170725613832474,
      2.308748480572831e-05,
      0.0016185722779482603,
      0.0035757592413574457,
      0.002736999187618494,
      0.0003459750732872635
    ],
    [
      0.007637441158294678,
      0.00011105449812021106,
      1.1614925021774525e-08,
      3.479680799500784e-06,
      2.2823319056897162e-07,
      0.00041711103403940797,
      0.9918000102043152,
      2.073247014777735e-05,
      7.854583600419573e-06,
      1.4592577599614742e-06,
      6.616414225391054e-07
    ],
    [
      0.000332415453158319,
      4.75703075153433e-07,
      1.0104420198331354e-06,
      3.331864784072991e-09,
      4.292743142286781e-06,
      2.769432649074588e-05,
      1.2181410394274117e-12,
      3.1542393141847924e-09,
      1.0602088451605596e-07,
      0.0014502876438200474,
      0.9981836676597595
    ],
    [
      0.00019805014017038047,
      8.848058314470109e-06,
      0.0008136577671393752,
      4.0854953113012016e-05,
      6.902091990923509e-05,
      3.017236667801626e-05,
      1.3402940339801717e-06,
      1.222773562403745e-06,
      0.029768794775009155,
      0.9690516591072083,
      1.6386466086260043e-05
    ],
    [
      9.008309280034155e-05,
      7.805620043654926e-06,
      0.0005315681337378919,
      3.930713137378916e-05,
      1.3562032108893618e-05,
      1.4869020560581703e-05,
      4.985366786058876e-07,
      9.870226449493202e-07,
      0.7472105622291565,
      0.25207415223121643,
      1.654919469729066e-05
    ],
    [
      2.7524692995939404e-06,
      5.475329771797988e-07,
      2.1028833998570917e-06,
      0.0010098560014739633,
      0.9975422620773315,
      0.00034402243909426033,
      9.980525561559261e-08,
      7.699147317907773e-06,
      7.821017788955942e-06,
      0.0010673515498638153,
      1.5567959053441882e-05
    ],
    [
      7.218676910270005e-05,
      0.12924768030643463,
      0.00014025848940946162,
      0.0005514038493856788,
      2.0590314306900837e-06,
      0.0003911609237547964,
      7.276858468685532e-06,
      0.8692469596862793,
      0.0003234182368032634,
      5.996095637783583e-07,
      1.7004742403514683e-05
    ],
    [
      0.00022189607261680067,
      2.334523287572665e-06,
      4.307874945652657e-09,
      2.9825525871274294e-07,
      5.507021327844086e-08,
      0.9997387528419495,
      2.876658697914536e-07,
      4.5561580463981954e-07,
      1.3671029819306568e-07,
      3.292182009317912e-05,
      2.849557631634525e-06
    ]
  ],