{
  "predictions": [
    10,
    1,
    1,
    5,
    7,
    9,
    6,
    4,
    3,
    8,
    2,
    0,
    1,
    0,
    4,
    6,
    10,
    9,
    8,
    4,
    7,
    5
  ],
  "true_labels": [
    10,
    2,
    1,
    5,
    7,
    9,
    6,
    4,
    3,
    8,
    2,
    0,
    1,
    0,
    3,
    6,
    10,
    9,
    8,
    4,
    7,
    5
  ],
  "probabilities": [
    [
      0.008126258850097656,
      0.0001558256335556507,
      0.0004065321118105203,
      4.49861072411295e-05,
      0.00092647026758641,
      0.05347204953432083,
      0.0007397945155389607,
      4.091994560440071e-05,
      7.204201392596588e-05,
      0.006234829779714346,
      0.9297802448272705
    ],
    [
      0.003790247021242976,
      0.8162547945976257,
      0.057952407747507095,
      0.00243897782638669,
      0.0016176339704543352,
      0.00306784943677485,
      0.0009858007542788982,
      0.09714139997959137,
      0.0062082610093057156,
      0.009632697328925133,
      0.0009099750895984471
    ],
    [
      0.015836289152503014,
      0.7923874855041504,
      0.014321885071694851,
      0.015726923942565918,
      0.00379554252140224,
      0.009632531553506851,
      0.006705935578793287,
      0.1297817826271057,
      0.005654416512697935,
      0.003508893772959709,
      0.0026483803521841764
    ],
    [
      0.0015301789389923215,
      4.565700510283932e-05,
      9.527451038593426e-05,
      0.00010947220289381221,
      0.00014567014295607805,
      0.9968195557594299,
      0.00013795231643598527,
      5.759544364991598e-05,
      0.000157372749526985,
      0.00026927809813059866,
      0.0006320243701338768
    ],
    [
      0.004173603840172291,
      0.4344184696674347,
      0.006438753567636013,
      0.001810851157642901,
      0.0035053950268775225,
      0.0016544281970709562,
      0.02925555221736431,
      0.44013530015945435,
      0.06947064399719238,
      0.0071976096369326115,
      0.0019395442213863134
    ],
    [
      0.008606591261923313,
      0.058972351253032684,
      0.0159943588078022,
      0.0013253426877781749,
      0.014327331446111202,
      0.0028598818462342024,
      0.01786092296242714,
      0.009109928272664547,
      0.06483715027570724,
      0.7532256245613098,
      0.05288047716021538
    ],
    [
      0.03282137215137482,
      0.00027247631805948913,
      0.0005068355822004378,
      0.00039055265369825065,
      0.0001640878472244367,
      0.0014798387419432402,
      0.9559301733970642,
      0.001781919621862471,
      0.003956890199333429,
      0.00039850312168709934,
      0.0022972184233367443
    ],
    [
      0.007484108675271273,
      0.0015222481451928616,
      0.0019625641871243715,
      0.011409660801291466,
      0.9184298515319824,
      0.0029780648183077574,
      0.0026437309570610523,
      0.001914670574478805,
      0.0015406304737553,
      0.012220362201333046,
      0.037894051522016525
    ],
    [
      0.009897686541080475,
      0.0205202829092741,
      0.23104463517665863,
      0.5612051486968994,
      0.09894489496946335,
      0.025106677785515785,
      0.004793825559318066,
      0.020077433437108994,
      0.009390497580170631,
      0.011827207170426846,
      0.0071916403248906136
    ],
    [
      0.0010138374054804444,
      0.0023232423700392246,
      0.001546181389130652,
      0.0001889315026346594,
      0.0012042109156027436,
      0.0002989717177115381,
      0.006531332153826952,
      0.0022901662159711123,
      0.6093211770057678,
      0.3712307810783386,
      0.0040511577390134335
    ],
    [
      0.009397188201546669,
      0.18693894147872925,
      0.5736768245697021,
      0.016428379341959953,
      0.0043903980404138565,
      0.015071768313646317,
      0.0024496549740433693,
      0.13985024392604828,
      0.02819773554801941,
      0.019727984443306923,
      0.003870915388688445
    ],
    [
      0.857491672039032,
      0.0010666796006262302,
      0.002775305649265647,
      0.0025405436754226685,
      0.0021572227124124765,
      0.04072216898202896,
      0.08085177093744278,
      0.004124384373426437,
      0.005304644349962473,
      0.00027261581271886826,
      0.0026929741725325584
    ],
    [
      0.0014578861882910132,
      0.8244048357009888,
      0.0036924926098436117,
      0.0005010380409657955,
      0.0018387968884781003,
      0.0004906011745333672,
      0.009591234847903252,
      0.12405264377593994,
      0.023398298770189285,
      0.0100746750831604,
      0.0004974630428478122
    ],
    [
      0.7256176471710205,
      0.0034088664688169956,
      0.005918300710618496,
      0.003928967285901308,
      0.003435760037973523,
      0.033467456698417664,
      0.19882486760616302,
      0.009042694233357906,
      0.009428663179278374,
      0.0007485251408070326,
      0.006178196053951979
    ],
    [
      0.005457532592117786,
      0.0034188309218734503,
      0.017516519874334335,
      0.1928728073835373,
      0.7189136147499084,
      0.00920605193823576,
      0.004485481884330511,
      0.007471170742064714,
      0.009903131984174252,
      0.008643058128654957,
      0.022111747413873672
    ],
    [
      0.021615920588374138,
      8.143209561239928e-05,
      0.00022199975501280278,
      0.0001906476536532864,
      6.469920481322333e-05,
      0.0010194493224844337,
      0.9731760025024414,
      0.0009907460771501064,
      0.0015975777059793472,
      0.00011569222260732204,
      0.0009257707861252129
    ],
    [
      0.007229376584291458,
      0.00021718916832469404,
      0.0005107914912514389,
      5.8543766499496996e-05,
      0.000867589726112783,
      0.017558114603161812,
      0.0011486764997243881,
      5.331024658516981e-05,
      7.714221283094957e-05,
      0.006515066605061293,
      0.9657641053199768
    ],
    [
      0.0020577521063387394,
      0.018500465899705887,
      0.0049790688790380955,
      0.0002628557267598808,
      0.005011819303035736,
      0.0007029784028418362,
      0.008144561201334,
      0.0025544450618326664,
      0.04993622004985809,
      0.8911800384521484,
      0.01666979119181633
    ],
    [
      0.001524894731119275,
      0.007034573238343,
      0.0024066371843218803,
      0.00027862447313964367,
      0.002227224875241518,
      0.00038269476499408484,
      0.009936085902154446,
      0.004407187458127737,
      0.49519026279449463,
      0.47098061442375183,
      0.005631284788250923
    ],
    [
      0.010975022800266743,
      0.001554926042445004,
      0.0016639307141304016,
      0.008019736967980862,
      0.9036818146705627,
      0.0034989607520401478,
      0.0034251301549375057,
      0.0020963423885405064,
      0.0015972272958606482,
      0.014821975491940975,
      0.04866490140557289
    ],
    [
      0.01332926470786333,
      0.41279104351997375,
      0.008752780966460705,
      0.0060317059978842735,
      0.0035823381040245295,
      0.0071953595615923405,
      0.02952692285180092,
      0.4967469274997711,
      0.01605173759162426,
      0.0020880154334008694,
      0.0039038907270878553
    ],
    [
      0.0005278618191368878,
      1.0743981874838937e-05,
      2.8544473025249317e-05,
      2.4688108169357292e-05,
      2.3187776605482213e-05,
      0.9990288019180298,
      3.771425690501928e-05,
      1.288423482037615e-05,
      3.9766819099895656e-05,
      5.58979700144846e-05,
      0.0002099357807310298
    ]
  ],