{
  "predictions": [
    10,
    2,
    7,
    5,
    7,
    9,
    6,
    4,
    3,
    8,
    2,
    0,
    1,
    0,
    3,
    6,
    10,
    9,
    9,
    4,
    7,
    5
  ],
  "true_labels": [
    10,
    2,
    1,
    5,
    7,
    9,
    6,
    4,
    3,
    8,
    2,
    0,
    1,
    0,
    3,
    6,
    10,
    9,
    8,
    4,
    7,
    5
  ],
  "probabilities": [
    [
      0.0001272410445380956,
      0.00026353090652264655,
      9.120869748358018e-08,
      1.1557425750652328e-05,
      0.00047458685003221035,
      8.445321873296052e-05,
      1.1440961600328592e-07,
      1.8177561855736712e-07,
      9.807382639337447e-07,
      0.0010325299808755517,
      0.9980047345161438
    ],
    [
      0.00607165414839983,
      0.0727572962641716,
      0.9090465307235718,
      0.0006072253454476595,
      0.00010336764535168186,
      1.2568772945087403e-05,
      0.0008511053747497499,
      0.005772154312580824,
      0.0001539221848361194,
      0.004623012617230415,
      1.2660242418860435e-06
    ],
    [
      5.8989677199861035e-05,
      0.10482729971408844,
      0.0006303746486082673,
      0.00568807777017355,
      0.00019932861323468387,
      2.1120857127243653e-05,
      0.0010948895942419767,
      0.8868517279624939,
      0.0005490420735441148,
      6.608137255170732e-07,
      7.849012035876513e-05
    ],
    [
      5.069806502433494e-05,
      7.823010150787013e-08,
      1.7180129361804575e-05,
      3.4873322874773294e-05,
      0.0002576241677161306,
      0.9995783567428589,
      1.0051627441498567e-06,
      2.805928716043127e-07,
      1.3988928913022391e-05,
      3.903314427589066e-05,
      6.774539542675484e-06
    ],
    [
      9.942483302438632e-06,
      0.03138680011034012,
      0.00012965248606633395,
      0.0003605576930567622,
      5.219153536017984e-06,
      4.409762823343044e-06,
      0.014669445343315601,
      0.9524376392364502,
      0.0008763595251366496,
      4.296558017813368e-06,
      0.00011564879241632298
    ],
    [
      3.259951699874364e-05,
      2.2314692614600062e-05,
      3.668286808533594e-05,
      2.7503219257596356e-07,
      1.904106102301739e-05,
      1.4801605630054837e-06,
      8.361921999266997e-08,
      1.620452110273618e-07,
      3.0923791200621054e-05,
      0.9998234510421753,
      3.3058389817597345e-05
    ],
    [
      0.0021164773497730494,
      0.00019769520440604538,
      7.850932888686657e-06,
      5.663678734890709e-07,
      1.1545438383109285e-07,
      5.734918522648513e-05,
      0.9973596334457397,
      4.189310493529774e-05,
      0.00014557917893398553,
      8.434822120761964e-06,
      6.44558749627322e-05
    ],
    [
      1.671759491728153e-05,
      2.744528956100112e-06,
      5.651087576552527e-06,
      0.00020886125275865197,
      0.9994083046913147,
      0.00012201385106891394,
      3.1496077967929637e-10,
      3.6445351270231185e-07,
      3.6085526744500385e-07,
      7.438893953803927e-05,
      0.00016057977336458862
    ],
    [
      4.166990493104095e-06,
      5.350937613002316e-07,
      0.00218538218177855,
      0.9965428709983826,
      0.0002589599462226033,
      0.0002772914303932339,
      7.736293810012285e-06,
      0.00046622930676676333,
      0.00025142505182884634,
      4.804151558346348e-06,
      5.157551186130149e-07
    ],
    [
      3.581140219921508e-07,
      8.236222015511885e-08,
      5.291997149470262e-05,
      3.405486495466903e-06,
      3.931627929887327e-07,
      9.366710401081946e-06,
      0.0003216529148630798,
      2.2018730305717327e-05,
      0.9961246252059937,
      0.003463874338194728,
      1.415092583556543e-06
    ],
    [
      6.831945029261988e-06,
      5.166420123714488e-06,
      0.9990836381912231,
      8.890271419659257e-05,
      8.46487091621384e-06,
      4.293729489290854e-06,
      2.0907345970044844e-05,
      0.0001275344257010147,
      0.00026703887851908803,
      0.0003871985827572644,
      5.912208056457757e-09
    ],
    [
      0.8491858243942261,
      0.003749381983652711,
      0.007046660408377647,
      0.0005340166389942169,
      9.564329229760915e-05,
      0.015946296975016594,
      0.12097792327404022,
      0.00216299737803638,
      0.0002753645530901849,
      2.1271087462082505e-05,
      4.514507509156829e-06
    ],
    [
      0.0005919779068790376,
      0.9992177486419678,
      8.440307283308357e-06,
      8.705868594915955e-07,
      2.2451072254625615e-06,
      3.0976792686487897e-07,
      2.157996095775161e-05,
      0.00010001329064834863,
      4.455419571058883e-07,
      2.4413920982624404e-05,
      3.183261651429348e-05
    ],
    [
      0.9979254007339478,
      0.001173102529719472,
      4.876429375144653e-05,
      3.9136507439252455e-06,
      3.05897037833347e-06,
      7.879691838752478e-05,
      0.0007486653048545122,
      1.1524348337843549e-05,
      1.9712731500476366e-06,
      3.640645900304662e-06,
      1.0291335001966218e-06
    ],
    [
      3.8084681364125572e-06,
      6.064422564122651e-07,
      0.00032055139308795333,
      0.9851701855659485,
      0.0065812463872134686,
      0.0016466028755530715,
      6.534497060783906e-06,
      0.001048375153914094,
      0.005189219489693642,
      4.6922486944822595e-06,
      2.813701212289743e-05
    ],
    [
      0.00022258977696765214,
      6.645543635386275e-06,
      3.258900051150704e-06,
      3.0684523721902224e-07,
      8.477723412170235e-09,
      1.3561680134444032e-05,
      0.9996291399002075,
      1.8388996977591887e-05,
      0.00010408007801743224,
      2.2571143176719488e-07,
      1.772355290086125e-06
    ],
    [
      0.00012553471606224775,
      0.0003063631884288043,
      2.2599799365252693e-08,
      5.986732958263019e-06,
      0.00018147594528272748,
      4.538802750175819e-05,
      1.914118001877796e-07,
      1.9689792907229275e-07,
      8.70161557031679e-07,
      0.0003053038672078401,
      0.9990286827087402
    ],
    [
      7.922442819108255e-06,
      3.778945938393008e-06,
      1.1804856512753759e-05,
      6.114007078394934e-08,
      6.640301307925256e-06,
      1.633006149859284e-06,
      1.726934506507405e-08,
      2.2929057763576566e-08,
      6.459681117121363e-06,
      0.9999537467956543,
      7.95867799752159e-06
    ],
    [
      2.7616304578259587e-05,
      1.1424442163843196e-05,
      0.0003239988873247057,
      2.762912117759697e-06,
      1.5774556231917813e-05,
      2.273991958645638e-05,
      7.582880061818287e-05,
      3.382333306944929e-05,
      0.1391405165195465,
      0.8602893352508545,
      5.616639828076586e-05
    ],
    [
      1.619871000002604e-05,
      2.731426775426371e-06,
      4.341869953350397e-06,
      0.0001684776070760563,
      0.9994199872016907,
      9.414197847945616e-05,
      4.4233983143016076e-10,
      4.654657743685675e-07,
      2.3822482830837544e-07,
      7.13048575562425e-05,
      0.00022211130999494344
    ],
    [
      1.9117747740438062e-07,
      0.0004090105649083853,
      2.9832370273652487e-05,
      0.0002031826734310016,
      3.414188995520817e-06,
      8.845692036629771e-07,
      0.00032437333720736206,
      0.9989063739776611,
      0.00011831495794467628,
      7.015953595868041e-09,
      4.429989076015772e-06
    ],
    [
      2.4655391825945117e-05,
      5.837165772959452e-08,
      2.8137879780842923e-05,
      5.998736014589667e-05,
      0.00012189106928417459,
      0.9996469020843506,
      9.295264135289472e-06,
      6.391591682586295e-07,
      5.289404725772329e-05,
      4.73666877951473e-05,
      8.160618563124444e-06
    ]
  ],