filename,relative_path,participant_id,class_id,repetition,raw_sample_count,sha256,matches_public_tree
user_001_gesture_0_Zero_sample_10_20250803_190426.csv,datasets/gesture_csv/user_001_gesture_0_Zero_sample_10_20250803_190426.csv,001,0,10,97,eb9afbb25dc215f62f3e9fb5ee282c88919c220967b6065e14f9d542abeb82e9,true
user_001_gesture_0_Zero_sample_1_20250803_190357.csv,datasets/gesture_csv/user_001_gesture_0_Zero_sample_1_20250803_190357.csv,001,0,1,97,f5e300428b40a75d3eb60f86a7611df50d2d9fa53ab1648299ca2efc34092f20,true
user_001_gesture_0_Zero_sample_2_20250803_190400.csv,datasets/gesture_csv/user_001_gesture_0_Zero_sample_2_20250803_190400.csv,001,0,2,97,e4ae86e9ec55b658c8739ed16443efa2344a3f02470c7feff6c5879376189196,true
user_001_gesture_0_Zero_sample_3_20250803_190404.csv,datasets/gesture_csv/user_001_gesture_0_Zero_sample_3_20250803_190404.csv,001,0,3,97,1766e721c8e3148683c6084abed2207d9d273c96d4dccd532dee8810c6e4b9d4,true
user_001_gesture_0_Zero_sample_4_20250803_190407.csv,datasets/gesture_csv/user_001_gesture_0_Zero_sample_4_20250803_190407.csv,001,0,4,97,10baf04de21f8b87d05dc537fddbdc51f3cac2f77d7db9740316ba6f0c452125,true
user_001_gesture_0_Zero_sample_5_20250803_190410.csv,datasets/gesture_csv/user_001_gesture_0_Zero_sample_5_20250803_190410.csv,001,0,5,97,b4dd9707b144bd606af8db656fd2b822d4261dd965b09a2201f67aaa9481fa51,true
user_001_gesture_0_Zero_sample_6_20250803_190413.csv,datasets/gesture_csv/user_001_gesture_0_Zero_sample_6_20250803_190413.csv,001,0,6,97,1a914ddcaff147917df9421c371a1bd20bd81cd7a89c79931d7490a7e49d95b1,true
user_001_gesture_0_Zero_sample_7_20250803_190417.csv,datasets/gesture_csv/user_001_gesture_0_Zero_sample_7_20250803_190417.csv,001,0,7,97,ba3af2db1eafb1891f763a523be8fbcc5a388316e43cf14196702ced19264176,true
user_001_gesture_0_Zero_sample_8_20250803_190420.csv,datasets/gesture_csv/user_001_gesture_0_Zero_sample_8_20250803_190420.csv,001,0,8,97,668eed76f48b27d30e06a21cb8e5849b8afd5c932f8c1fccf868595604714479,true
user_001_gesture_0_Zero_sample_9_20250803_190423.csv,datasets/gesture_csv/user_001_gesture_0_Zero_sample_9_20250803_190423.csv,001,0,9,97,a700a3cc804cfa563f9db3608f4c39512bcb7adbe2348182f70fe4302e1e1c75,true
user_001_gesture_10_Static_sample_10_20250803_190945.csv,datasets/gesture_csv/user_001_gesture_10_Static_sample_10_20250803_190945.csv,001,10,10,97,45e7aa4ba2c2a79cdba857900abbcac6dfdeebd8123fbb424b668f3f81b14e5f,true
user_001_gesture_10_Static_sample_1_20250803_190924.csv,datasets/gesture_csv/user_001_gesture_10_Static_sample_1_20250803_190924.csv,001,10,1,97,2283afa69852a55973bf509a8de1f02cf110464fc7d5a9ee82beffabf9608cf2,true
user_001_gesture_10_Static_sample_2_20250803_190926.csv,datasets/gesture_csv/user_001_gesture_10_Static_sample_2_20250803_190926.csv,001,10,2,97,77d4e48b71c82e171dbae3f903f0a89f15c168b389a39e71ac1ad20a6a7013c0,true
user_001_gesture_10_Static_sample_3_20250803_190928.csv,datasets/gesture_csv/user_001_gesture_10_Static_sample_3_20250803_190928.csv,001,10,3,97,dc8adc8c099b21d1dfbc0a2c2674476be1af26904da226b0b6a68af9f2c1dcab,true
user_001_gesture_10_Static_sample_4_20250803_190930.csv,datasets/gesture_csv/user_001_gesture_10_Static_sample_4_20250803_190930.csv,001,10,4,96,ce77f31329721fe02c503a5999475adb7dd4ba82c12b0b3a75943f3c99c72d20,true
user_001_gesture_10_Static_sample_5_20250803_190932.csv,datasets/gesture_csv/user_001_gesture_10_Static_sample_5_20250803_190932.csv,001,10,5,97,70461fea6ac5c041e246a48aae7472c87ad346ca895610144f523ebb92e58c5b,true
user_001_gesture_10_Static_sample_6_20250803_190935.csv,datasets/gesture_csv/user_001_gesture_10_Static_sample_6_20250803_190935.csv,001,10,6,97,69a026160eac22d24d831b5ce407218b98dadd82ebacae739563b3d4ff22be57,true
user_001_gesture_10_Static_sample_7_20250803_190937.csv,datasets/gesture_csv/user_001_gesture_10_Static_sample_7_20250803_190937.csv,001,10,7,97,4eeaf9e8df8e7194b326abc8a79840afce89766c55734b31e9386408143a089b,true
user_001_gesture_10_Static_sample_8_20250803_190939.csv,datasets/gesture_csv/user_001_gesture_10_Static_sample_8_20250803_190939.csv,001,10,8,97,fd03a8e9f4b0e0413bb16ec6824ef21d5a75cba2510fc73694bbb58dedde04ef,true
user_001_gesture_10_Static_sample_9_20250803_190942.csv,datasets/gesture_csv/user_001_gesture_10_Static_sample_9_20250803_190942.csv,001,10,9,97,8026fb915edce94fd05660ea749901f2156b5eae1a32bbd79b82cfdf6edf211d,true
user_001_gesture_1_One_sample_10_20250803_190500.csv,datasets/gesture_csv/user_001_gesture_1_One_sample_10_20250803_190500.csv,001,1,10,97,84f1a013a2f38c0e036f626f63ac3ba96427fed503317f71bd4c27d701618af8,true
user_001_gesture_1_One_sample_1_20250803_190432.csv,datasets/gesture_csv/user_001_gesture_1_One_sample_1_20250803_190432.csv,001,1,1,97,d2c6e51fc402be0574317951305d66fcae65dcd09109290c4f21fb5a52561a00,true
user_001_gesture_1_One_sample_2_20250803_190436.csv,datasets/gesture_csv/user_001_gesture_1_One_sample_2_20250803_190436.csv,001,1,2,97,c73f4333b5f99cf33d4991d748cfe6207649c934a36cb238a5a02916a71b1a2c,true
user_001_gesture_1_One_sample_3_20250803_190439.csv,datasets/gesture_csv/user_001_gesture_1_One_sample_3_20250803_190439.csv,001,1,3,97,d246a36d1cff1809796b8d036e7004aa8bc813f7d361a2fc4ee19916d755ff0f,true
user_001_gesture_1_One_sample_4_20250803_190442.csv,datasets/gesture_csv/user_001_gesture_1_One_sample_4_20250803_190442.csv,001,1,4,97,6482f48364b0ba2c391bc9fb147a8539b1a793bb50e0e8ecc66ed25753039d0e,true
user_001_gesture_1_One_sample_5_20250803_190445.csv,datasets/gesture_csv/user_001_gesture_1_One_sample_5_20250803_190445.csv,001,1,5,97,afc92e0c5643b4d6b9902c9b7f662169591bebe23a3fbc37bb53b1d5f645e648,true
user_001_gesture_1_One_sample_6_20250803_190448.csv,datasets/gesture_csv/user_001_gesture_1_One_sample_6_20250803_190448.csv,001,1,6,97,7525ae95c855073d8f2d897fd1d0e2f5add190f17b925283e0245b2f5dba87a6,true
user_001_gesture_1_One_sample_7_20250803_190451.csv,datasets/gesture_csv/user_001_gesture_1_One_sample_7_20250803_190451.csv,001,1,7,97,65a18897b4590b3181096cce8db19510942c66a5cff3d3216b75113675d1dcf8,true
user_001_gesture_1_One_sample_8_20250803_190454.csv,datasets/gesture_csv/user_001_gesture_1_One_sample_8_20250803_190454.csv,001,1,8,97,78015ac833c32c772f6ca1619c6bbc2502c9ec4e78316b8cb7cc5c9649603bfe,true
user_001_gesture_1_One_sample_9_20250803_190457.csv,datasets/gesture_csv/user_001_gesture_1_One_sample_9_20250803_190457.csv,001,1,9,97,ee0869ec5c0a8d9756271be0b5ac64cb13ae150d87e14038ab3fba386422e9ff,true
user_001_gesture_2_Two_sample_10_20250803_190533.csv,datasets/gesture_csv/user_001_gesture_2_Two_sample_10_20250803_190533.csv,001,2,10,97,0a054ce49123eae2eeb2a6d8c23a7d9032958a0e570e9b00fe667dda717ad662,true
user_001_gesture_2_Two_sample_1_20250803_190504.csv,datasets/gesture_csv/user_001_gesture_2_Two_sample_1_20250803_190504.csv,001,2,1,97,0cbbb5a604ae09b48421203639aed58b1f7ccfafa3b57a5b22e9cd0639f11284,true
user_001_gesture_2_Two_sample_2_20250803_190507.csv,datasets/gesture_csv/user_001_gesture_2_Two_sample_2_20250803_190507.csv,001,2,2,97,419b1f8b201c0ee90b5eef9ff3158e1edb17ffcae3cbc3d5526782a677a01fd1,true
user_001_gesture_2_Two_sample_3_20250803_190510.csv,datasets/gesture_csv/user_001_gesture_2_Two_sample_3_20250803_190510.csv,001,2,3,97,7133cc694e370b79407ad5b2e6964fc3247a51674bc9206b552d33baf08569bc,true
user_001_gesture_2_Two_sample_4_20250803_190514.csv,datasets/gesture_csv/user_001_gesture_2_Two_sample_4_20250803_190514.csv,001,2,4,97,5a9adf4c139c3879baddbbe3048185867b12fb3ca237784dc2a386bb2423d181,true
user_001_gesture_2_Two_sample_5_20250803_190517.csv,datasets/gesture_csv/user_001_gesture_2_Two_sample_5_20250803_190517.csv,001,2,5,97,557c03deaaaa2a1a46fa5f3563a900fcb9bb2615c00b8657b0b7624815cd4d17,true
user_001_gesture_2_Two_sample_6_20250803_190520.csv,datasets/gesture_csv/user_001_gesture_2_Two_sample_6_20250803_190520.csv,001,2,6,96,492f801baf90a0ed9031a253155d6cc1cfb2dda566fb8870e0ec85c6aea87452,true
user_001_gesture_2_Two_sample_7_20250803_190523.csv,datasets/gesture_csv/user_001_gesture_2_Two_sample_7_20250803_190523.csv,001,2,7,97,2e930477e11dae290d48ac63656338b7bd8898292669c642bade6bbca7a5ba44,true
user_001_gesture_2_Two_sample_8_20250803_190527.csv,datasets/gesture_csv/user_001_gesture_2_Two_sample_8_20250803_190527.csv,001,2,8,97,f89462a61ffb0c156d5093fb0066a41eef91fcf43a357d392ab5b0d112fe6432,true
user_001_gesture_2_Two_sample_9_20250803_190530.csv,datasets/gesture_csv/user_001_gesture_2_Two_sample_9_20250803_190530.csv,001,2,9,97,e182b3c94e217330f5b0b05a9abd08032ac2c92744db659ec6a3dbfed1927817,true
user_001_gesture_3_Three_sample_10_20250803_190606.csv,datasets/gesture_csv/user_001_gesture_3_Three_sample_10_20250803_190606.csv,001,3,10,97,d10821fdda7af73666d0f172f3219c486cffe51d7be115093062973b78d2f990,true
user_001_gesture_3_Three_sample_1_20250803_190539.csv,datasets/gesture_csv/user_001_gesture_3_Three_sample_1_20250803_190539.csv,001,3,1,97,67aefe904c7b0fb092d1641939123ceb2d9c45e7bba9a866a445103798857039,true
user_001_gesture_3_Three_sample_2_20250803_190542.csv,datasets/gesture_csv/user_001_gesture_3_Three_sample_2_20250803_190542.csv,001,3,2,97,ae2dcf633ce62636b1543797b5c4502d0340280987f9c9d3de71fe971164a8f4,true
user_001_gesture_3_Three_sample_3_20250803_190545.csv,datasets/gesture_csv/user_001_gesture_3_Three_sample_3_20250803_190545.csv,001,3,3,97,e09cfd34027312baee061cf289bd304859c7f04c371547c0e4bc634cea6184bb,true
user_001_gesture_3_Three_sample_4_20250803_190548.csv,datasets/gesture_csv/user_001_gesture_3_Three_sample_4_20250803_190548.csv,001,3,4,97,571907f81b231d464966392e74bb8710c13976fac706f5284e7f439f76a1e1ab,true
user_001_gesture_3_Three_sample_5_20250803_190551.csv,datasets/gesture_csv/user_001_gesture_3_Three_sample_5_20250803_190551.csv,001,3,5,97,2ced5076240aa8e1f76d19a9a497062e597e8830f0812ca5816bc0514ff0db8f,true
user_001_gesture_3_Three_sample_6_20250803_190554.csv,datasets/gesture_csv/user_001_gesture_3_Three_sample_6_20250803_190554.csv,001,3,6,97,d0d107ed99d27f8400167a819262c822cdd01899c05a7319cd195cda9830b17e,true
user_001_gesture_3_Three_sample_7_20250803_190557.csv,datasets/gesture_csv/user_001_gesture_3_Three_sample_7_20250803_190557.csv,001,3,7,97,cdfdc51a367e98ec4d09b22d2f003644d475fddeb2ef3c0144bb944680d580bd,true
user_001_gesture_3_Three_sample_8_20250803_190600.csv,datasets/gesture_csv/user_001_gesture_3_Three_sample_8_20250803_190600.csv,001,3,8,97,42a103e02e1ff1b90d6bb12d03903832a00ef8fbae8b880d5b0ffe493cc81c21,true
user_001_gesture_3_Three_sample_9_20250803_190603.csv,datasets/gesture_csv/user_001_gesture_3_Three_sample_9_20250803_190603.csv,001,3,9,97,e097dd8886f5b243084890723edbe769599c0efc17e98c3fb94e084d8dbeed0b,true
user_001_gesture_4_Four_sample_10_20250803_190640.csv,datasets/gesture_csv/user_001_gesture_4_Four_sample_10_20250803_190640.csv,001,4,10,97,c67858e2d11efac4ebe5955abeacf592146f088bd17aa5f3e7c5faa2ce4b67ed,true
user_001_gesture_4_Four_sample_1_20250803_190612.csv,datasets/gesture_csv/user_001_gesture_4_Four_sample_1_20250803_190612.csv,001,4,1,97,f535440836fd5ab7c7f7bbf721eba1601a4ce5955e4a95c36bf6e6de89c8d281,true
user_001_gesture_4_Four_sample_2_20250803_190616.csv,datasets/gesture_csv/user_001_gesture_4_Four_sample_2_20250803_190616.csv,001,4,2,97,42660c62360a7979308342dc87271e1a274116618b69bb2b42040542e5b395b3,true
user_001_gesture_4_Four_sample_3_20250803_190618.csv,datasets/gesture_csv/user_001_gesture_4_Four_sample_3_20250803_190618.csv,001,4,3,97,002100ed18efe8aa7d2c06412391e5020eb648a5189d1be7d14a5a4c867fbe8c,true
user_001_gesture_4_Four_sample_4_20250803_190621.csv,datasets/gesture_csv/user_001_gesture_4_Four_sample_4_20250803_190621.csv,001,4,4,97,efcbad3e200321d6f34f827db09e87ee64f9d32855d3d7c08fe2e4c375576e3b,true
user_001_gesture_4_Four_sample_5_20250803_190624.csv,datasets/gesture_csv/user_001_gesture_4_Four_sample_5_20250803_190624.csv,001,4,5,97,22ed127ee2c92c9996d5bcf033e1d56ddec9aaa0c33105f0fcad67421c706133,true
user_001_gesture_4_Four_sample_6_20250803_190628.csv,datasets/gesture_csv/user_001_gesture_4_Four_sample_6_20250803_190628.csv,001,4,6,97,5663e1bed75464cc40bc2c31f4318f6923cde27c77af0c8f2617ee0a12b838d1,true
user_001_gesture_4_Four_sample_7_20250803_190631.csv,datasets/gesture_csv/user_001_gesture_4_Four_sample_7_20250803_190631.csv,001,4,7,97,946945e4104e27d9f0f2c9b7fb00d1642611070192d622b9857c56b1c1a2b39a,true
user_001_gesture_4_Four_sample_8_20250803_190634.csv,datasets/gesture_csv/user_001_gesture_4_Four_sample_8_20250803_190634.csv,001,4,8,97,e0aa50fff6e0132dc32b395a4268cdb0ba46294abc552db40b78ad518c425dfa,true
user_001_gesture_4_Four_sample_9_20250803_190637.csv,datasets/gesture_csv/user_001_gesture_4_Four_sample_9_20250803_190637.csv,001,4,9,97,173aa4ac4b771bc4876e7b87cb73af155993fb2406b99f3b0b82006bd89e21a9,true
user_001_gesture_5_Five_sample_10_20250803_190714.csv,datasets/gesture_csv/user_001_gesture_5_Five_sample_10_20250803_190714.csv,001,5,10,97,5a18cf4e3904e6481107319ac8824e3973608a5bfca04ce1a08ad1ffcf0bd501,true
user_001_gesture_5_Five_sample_1_20250803_190646.csv,datasets/gesture_csv/user_001_gesture_5_Five_sample_1_20250803_190646.csv,001,5,1,97,0a858f2e10acea74c4aab20a1e704af72d5923125bdca38d68df65f13c7fba1f,true
user_001_gesture_5_Five_sample_2_20250803_190650.csv,datasets/gesture_csv/user_001_gesture_5_Five_sample_2_20250803_190650.csv,001,5,2,96,0de8e9b668401939b2bc955e38ffab32ccab24be4463924a4fd44806086f21f1,true
user_001_gesture_5_Five_sample_3_20250803_190653.csv,datasets/gesture_csv/user_001_gesture_5_Five_sample_3_20250803_190653.csv,001,5,3,97,ae15447991ffc27055339a9a1e6f8ed6d543341888757d20494f197501b10da3,true
user_001_gesture_5_Five_sample_4_20250803_190656.csv,datasets/gesture_csv/user_001_gesture_5_Five_sample_4_20250803_190656.csv,001,5,4,97,7c0f7f2997caffde2cb902a85760b143b9b17edbf847196231c8e656473ec823,true
user_001_gesture_5_Five_sample_5_20250803_190659.csv,datasets/gesture_csv/user_001_gesture_5_Five_sample_5_20250803_190659.csv,001,5,5,97,44c98806dbb4b58fb7c38cf2d3e6ef10a5a52f739ee6c4ae81ba5483d2fdd086,true
user_001_gesture_5_Five_sample_6_20250803_190702.csv,datasets/gesture_csv/user_001_gesture_5_Five_sample_6_20250803_190702.csv,001,5,6,97,c190deb4c9925e5b8c7d5b8418c9aae3be457b366e8f9635842fa56bb8f8ebe7,true
user_001_gesture_5_Five_sample_7_20250803_190705.csv,datasets/gesture_csv/user_001_gesture_5_Five_sample_7_20250803_190705.csv,001,5,7,97,06bf2dc09cfbad8a237a3aed889bf30d9e5dca4d7c72e4d97c2660414d422328,true
user_001_gesture_5_Five_sample_8_20250803_190708.csv,datasets/gesture_csv/user_001_gesture_5_Five_sample_8_20250803_190708.csv,001,5,8,97,985c82c02bca8e44a063b5b2bdb6a20cba247035cd53a4ffc0bdfa235216fde6,true
user_001_gesture_5_Five_sample_9_20250803_190711.csv,datasets/gesture_csv/user_001_gesture_5_Five_sample_9_20250803_190711.csv,001,5,9,97,db42d199a39e5a7c65c2a9b695a1d98b9b640385ca33d383f5bd91cf948a1697,true
user_001_gesture_6_Six_sample_10_20250803_190747.csv,datasets/gesture_csv/user_001_gesture_6_Six_sample_10_20250803_190747.csv,001,6,10,97,afcce5b348e72962ec72c40116a52be54db39a9183c6121c7588fba5e1633ebf,true
user_001_gesture_6_Six_sample_1_20250803_190718.csv,datasets/gesture_csv/user_001_gesture_6_Six_sample_1_20250803_190718.csv,001,6,1,97,91b7ac7a81a4251a206387b6728f4d893fd94a3d49f23856a674d88468e53547,true
user_001_gesture_6_Six_sample_2_20250803_190722.csv,datasets/gesture_csv/user_001_gesture_6_Six_sample_2_20250803_190722.csv,001,6,2,97,f7e6ad7f721b4045234d0180004de9de8f2cedb1bbce0034d56ece04411de345,true
user_001_gesture_6_Six_sample_3_20250803_190725.csv,datasets/gesture_csv/user_001_gesture_6_Six_sample_3_20250803_190725.csv,001,6,3,97,a1a18a7da96a99c1d4132c75713c5764dca21d5245bf8e50db11cdd14184185a,true
user_001_gesture_6_Six_sample_4_20250803_190728.csv,datasets/gesture_csv/user_001_gesture_6_Six_sample_4_20250803_190728.csv,001,6,4,97,d9cbb0fa33686ef1258df6fba43236e7d6e2c3fd7e01d1f96d393b1ba3541087,true
user_001_gesture_6_Six_sample_5_20250803_190731.csv,datasets/gesture_csv/user_001_gesture_6_Six_sample_5_20250803_190731.csv,001,6,5,97,d0d93eea5132fd95c49c32649a953bd754f41726247158a1a8dd384bdd714728,true
user_001_gesture_6_Six_sample_6_20250803_190734.csv,datasets/gesture_csv/user_001_gesture_6_Six_sample_6_20250803_190734.csv,001,6,6,97,5e243d0d15e51264c1693dae64561cd8bf122f0a1373eaf5444040786aaac5e4,true
user_001_gesture_6_Six_sample_7_20250803_190737.csv,datasets/gesture_csv/user_001_gesture_6_Six_sample_7_20250803_190737.csv,001,6,7,97,a2edcafcee7e0b800c1b4e03bd2d572389e465d26089ca17803071fd502ea165,true
user_001_gesture_6_Six_sample_8_20250803_190741.csv,datasets/gesture_csv/user_001_gesture_6_Six_sample_8_20250803_190741.csv,001,6,8,97,3ef8b34323377bb473f1add3d7101abcf4d954e67060f50fcce3eae686850d9b,true
user_001_gesture_6_Six_sample_9_20250803_190744.csv,datasets/gesture_csv/user_001_gesture_6_Six_sample_9_20250803_190744.csv,001,6,9,97,81c1dc185d45ad9c7d1f58726963b894b56e39ce981c9c911f3037127766ea28,true
user_001_gesture_7_Seven_sample_10_20250803_190818.csv,datasets/gesture_csv/user_001_gesture_7_Seven_sample_10_20250803_190818.csv,001,7,10,97,c9d7d82134b6453adbbab4f64748adc676a377fa741fa70a508943f48dfb2545,true
user_001_gesture_7_Seven_sample_1_20250803_190750.csv,datasets/gesture_csv/user_001_gesture_7_Seven_sample_1_20250803_190750.csv,001,7,1,97,20b086ee06f339fd0d87afdcf6031ab7d71e8f28c5d64ee454513b7d4df115de,true
user_001_gesture_7_Seven_sample_2_20250803_190754.csv,datasets/gesture_csv/user_001_gesture_7_Seven_sample_2_20250803_190754.csv,001,7,2,97,2982f736095467f7a438b411f119465fe0751d60fa0a999eed5ed7229b002199,true
user_001_gesture_7_Seven_sample_3_20250803_190757.csv,datasets/gesture_csv/user_001_gesture_7_Seven_sample_3_20250803_190757.csv,001,7,3,97,8851bd4f3756c1e1ae5095e122f10ccd0a527beb9b33c4d66c2f689445cd9c11,true
user_001_gesture_7_Seven_sample_4_20250803_190800.csv,datasets/gesture_csv/user_001_gesture_7_Seven_sample_4_20250803_190800.csv,001,7,4,97,14094b2e620957bd43d9834640b6fb1ac78ac4b59d493177adc042704f1bc187,true
user_001_gesture_7_Seven_sample_5_20250803_190803.csv,datasets/gesture_csv/user_001_gesture_7_Seven_sample_5_20250803_190803.csv,001,7,5,97,38d7e689dc29d5c3508389fb6c6f83fe1d986ff05c5cef80d13e810ba6c3aba4,true
user_001_gesture_7_Seven_sample_6_20250803_190806.csv,datasets/gesture_csv/user_001_gesture_7_Seven_sample_6_20250803_190806.csv,001,7,6,97,1757ac49e64a4dbaa2869523308cd1e6f216e1180e95785f2c758d41ca0f06eb,true
user_001_gesture_7_Seven_sample_7_20250803_190809.csv,datasets/gesture_csv/user_001_gesture_7_Seven_sample_7_20250803_190809.csv,001,7,7,97,ca009e97c14055de10e1b32e8991fbf7651e928336efb5f3da67827a4fdd0432,true
user_001_gesture_7_Seven_sample_8_20250803_190812.csv,datasets/gesture_csv/user_001_gesture_7_Seven_sample_8_20250803_190812.csv,001,7,8,97,22a9fb362c18f8341c20ae88a9d72d23e2508237633b8742c609393f59eecf74,true
user_001_gesture_7_Seven_sample_9_20250803_190815.csv,datasets/gesture_csv/user_001_gesture_7_Seven_sample_9_20250803_190815.csv,001,7,9,97,dddf58fd193bda806380a88bb100b5358f281273bf09fd6da151eb3b4b6cf301,true
user_001_gesture_8_Eight_sample_10_20250803_190847.csv,datasets/gesture_csv/user_001_gesture_8_Eight_sample_10_20250803_190847.csv,001,8,10,97,ddd2b80e730e9f0f0eabc37894ecdce11fbbce046952bbfdecbefc925a32e5cd,true
user_001_gesture_8_Eight_sample_1_20250803_190821.csv,datasets/gesture_csv/user_001_gesture_8_Eight_sample_1_20250803_190821.csv,001,8,1,97,ddec7f8028dbb3ecd898074aa2fa9ec17c6ffb9dd339e1ae08c0abe69fba42ab,true
user_001_gesture_8_Eight_sample_2_20250803_190825.csv,datasets/gesture_csv/user_001_gesture_8_Eight_sample_2_20250803_190825.csv,001,8,2,97,cb91ee2d992e757bec13c079f1521f89c778dcf3495e39815b7d14d0b3aa48a3,true
user_001_gesture_8_Eight_sample_3_20250803_190828.csv,datasets/gesture_csv/user_001_gesture_8_Eight_sample_3_20250803_190828.csv,001,8,3,97,ab44d9114171a81a9463e3a6c12f0a19e16ff98ab464a8dfd4ef454241c57a4c,true
user_001_gesture_8_Eight_sample_4_20250803_190830.csv,datasets/gesture_csv/user_001_gesture_8_Eight_sample_4_20250803_190830.csv,001,8,4,97,d853875b84d1b0b2b5fa56dc1a686e20f12bebb26bb6a6c5becd903e5f0f8d59,true
user_001_gesture_8_Eight_sample_5_20250803_190833.csv,datasets/gesture_csv/user_001_gesture_8_Eight_sample_5_20250803_190833.csv,001,8,5,97,f36a14f4c9c3bfec7e32e245a4a2c136270dbb051429d2027da5279bf19b459e,true
user_001_gesture_8_Eight_sample_6_20250803_190836.csv,datasets/gesture_csv/user_001_gesture_8_Eight_sample_6_20250803_190836.csv,001,8,6,97,5cfff21944758068d20bcda08c87216e7e20d9cce8322c1440b1411a2108e016,true
user_001_gesture_8_Eight_sample_7_20250803_190839.csv,datasets/gesture_csv/user_001_gesture_8_Eight_sample_7_20250803_190839.csv,001,8,7,97,df58e5a62793c813d013af7f982724977e4a449bdb9f3db0b2f9faa21894e7b6,true
user_001_gesture_8_Eight_sample_8_20250803_190842.csv,datasets/gesture_csv/user_001_gesture_8_Eight_sample_8_20250803_190842.csv,001,8,8,97,ad1dca5972b2baf070888234ff022f8862ced4f15a23a4c7c7d18a0677509832,true
user_001_gesture_8_Eight_sample_9_20250803_190845.csv,datasets/gesture_csv/user_001_gesture_8_Eight_sample_9_20250803_190845.csv,001,8,9,97,c7a413ab5d6351fb4b031bc48c6f940989265c37675f8d9243b94cf918732f7c,true
user_001_gesture_9_Nine_sample_10_20250803_190920.csv,datasets/gesture_csv/user_001_gesture_9_Nine_sample_10_20250803_190920.csv,001,9,10,97,f37937b6137eb60844af129e227a625ecd0b070c7ea39e48cde2bef6dc61741e,true
user_001_gesture_9_Nine_sample_1_20250803_190851.csv,datasets/gesture_csv/user_001_gesture_9_Nine_sample_1_20250803_190851.csv,001,9,1,97,3516ba46a46934511ceaa1db3b5a70ec48903dfe253ef60b283652571931da7f,true
user_001_gesture_9_Nine_sample_2_20250803_190854.csv,datasets/gesture_csv/user_001_gesture_9_Nine_sample_2_20250803_190854.csv,001,9,2,97,37e97bd5a8b2e40a181144bba3cef778a85e2072bc6b8b35d83712cb134fc9cf,true
user_001_gesture_9_Nine_sample_3_20250803_190857.csv,datasets/gesture_csv/user_001_gesture_9_Nine_sample_3_20250803_190857.csv,001,9,3,97,896502a1066f9b577ff33c5b62c64fb4167d8edc658d0e6735b7e2b5b67debf0,true
user_001_gesture_9_Nine_sample_4_20250803_190900.csv,datasets/gesture_csv/user_001_gesture_9_Nine_sample_4_20250803_190900.csv,001,9,4,97,c7281ea39226b6fe55adbb1ea45d9c1fa61f4fa30ba0d2f8fbfc95f4053b65dd,true
user_001_gesture_9_Nine_sample_5_20250803_190904.csv,datasets/gesture_csv/user_001_gesture_9_Nine_sample_5_20250803_190904.csv,001,9,5,97,47d4a6d2b770a46e5fde7fd3a5a20ea3d705fe90e549086e193e8856588ff8c2,true
user_001_gesture_9_Nine_sample_6_20250803_190907.csv,datasets/gesture_csv/user_001_gesture_9_Nine_sample_6_20250803_190907.csv,001,9,6,97,be06ab39dce8cf6fd09aeb71edcd9993cb644a4a8f35fae71e2289b98c0bdfad,true
user_001_gesture_9_Nine_sample_7_20250803_190910.csv,datasets/gesture_csv/user_001_gesture_9_Nine_sample_7_20250803_190910.csv,001,9,7,97,dc8db32811f56193a119703ba0ff4fc3ffb8fa88fb2b0afda6b680ae274c0bfd,true
user_001_gesture_9_Nine_sample_8_20250803_190912.csv,datasets/gesture_csv/user_001_gesture_9_Nine_sample_8_20250803_190912.csv,001,9,8,97,e940d8bf9010a3135372e08e716dd1ce110ffdbac3bf1d450b8955f5d556f645,true
user_001_gesture_9_Nine_sample_9_20250803_190916.csv,datasets/gesture_csv/user_001_gesture_9_Nine_sample_9_20250803_190916.csv,001,9,9,97,1948400f48b93c07b1620dd2428e7e1a332c5426e33fce584223ead9ddbb43cc,true
user_002_gesture_0_Zero_sample_10_20250709_173938.csv,datasets/gesture_csv/user_002_gesture_0_Zero_sample_10_20250709_173938.csv,002,0,10,97,6d8d3db7c52359a632de89d4c08a25cc3c3b59caddc4eca5c063e606df1a9cc0,true
user_002_gesture_0_Zero_sample_1_20250709_173909.csv,datasets/gesture_csv/user_002_gesture_0_Zero_sample_1_20250709_173909.csv,002,0,1,97,2dd02de4a81322a63b6bf40820d77ae1431011bf3e28ce8c0e767efa909016cb,true
user_002_gesture_0_Zero_sample_2_20250709_173913.csv,datasets/gesture_csv/user_002_gesture_0_Zero_sample_2_20250709_173913.csv,002,0,2,97,033d9f3cda717bcce82e8ec7e834e56f97aa36621bf3e16225437aa746b90027,true
user_002_gesture_0_Zero_sample_3_20250709_173916.csv,datasets/gesture_csv/user_002_gesture_0_Zero_sample_3_20250709_173916.csv,002,0,3,97,21192cb8a7c794a5dd65899871d5007a61e4d33861cb9fb85f537a9013502bbe,true
user_002_gesture_0_Zero_sample_4_20250709_173920.csv,datasets/gesture_csv/user_002_gesture_0_Zero_sample_4_20250709_173920.csv,002,0,4,97,5f73b1a4f8f8c91ff1d0826350988feef36e529af75845f45016efa4b0b41c51,true
user_002_gesture_0_Zero_sample_5_20250709_173923.csv,datasets/gesture_csv/user_002_gesture_0_Zero_sample_5_20250709_173923.csv,002,0,5,97,afda0436b13ade54bfbae4e91380955724cb407209778a00b3def056ddfcdcd7,true
user_002_gesture_0_Zero_sample_6_20250709_173926.csv,datasets/gesture_csv/user_002_gesture_0_Zero_sample_6_20250709_173926.csv,002,0,6,97,db256a6b5ab430e1557374b224fc6c4d95e654fca2f98705dd431156e6082771,true
user_002_gesture_0_Zero_sample_7_20250709_173930.csv,datasets/gesture_csv/user_002_gesture_0_Zero_sample_7_20250709_173930.csv,002,0,7,97,a41745243c0bfa06514c0ef9aba3ed9fb645ee04686ceff5dc8ee0442f7dd03b,true
user_002_gesture_0_Zero_sample_8_20250709_173933.csv,datasets/gesture_csv/user_002_gesture_0_Zero_sample_8_20250709_173933.csv,002,0,8,97,6df7fa845d4e9ba233e33cd389f4db3c1bc93a9a0a3f080f92b293feca56d555,true
user_002_gesture_0_Zero_sample_9_20250709_173936.csv,datasets/gesture_csv/user_002_gesture_0_Zero_sample_9_20250709_173936.csv,002,0,9,97,26c453c7842cc4a60096683fa43f3b8fddf6ff53ea505ad85e8f0c3788f0d7cd,true
user_002_gesture_10_Static_sample_10_20250709_174715.csv,datasets/gesture_csv/user_002_gesture_10_Static_sample_10_20250709_174715.csv,002,10,10,97,d0a164ebbb1c83660086cd24878bdef65a91f524fb37fe1b2fe7c9d4b9905ebc,true
user_002_gesture_10_Static_sample_1_20250709_174618.csv,datasets/gesture_csv/user_002_gesture_10_Static_sample_1_20250709_174618.csv,002,10,1,97,2cf651a309d3cfaab5b8e354b51b91bc8d03293312dd4e6fa14d8f1a8ca27805,true
user_002_gesture_10_Static_sample_2_20250709_174621.csv,datasets/gesture_csv/user_002_gesture_10_Static_sample_2_20250709_174621.csv,002,10,2,97,e2b5e5cf0924dffa266540d42a9419453aa620db22a68c921748996b18a09e12,true
user_002_gesture_10_Static_sample_3_20250709_174623.csv,datasets/gesture_csv/user_002_gesture_10_Static_sample_3_20250709_174623.csv,002,10,3,97,4fc851677e3d8329e2cddafc69155e41d9bc21cc042c28ecfbcea2a9188e4775,true
user_002_gesture_10_Static_sample_4_20250709_174629.csv,datasets/gesture_csv/user_002_gesture_10_Static_sample_4_20250709_174629.csv,002,10,4,97,d507dd6ace4ddbd0409eef055027943d5b7b5c1b34406f154151fd9e4720df22,true
user_002_gesture_10_Static_sample_5_20250709_174632.csv,datasets/gesture_csv/user_002_gesture_10_Static_sample_5_20250709_174632.csv,002,10,5,97,b1f0a28911fcd337af1106e6bfe195ec0c75c091b93d4059013055c1111eecc1,true
user_002_gesture_10_Static_sample_6_20250709_174639.csv,datasets/gesture_csv/user_002_gesture_10_Static_sample_6_20250709_174639.csv,002,10,6,97,df856faaee5d39db079becbe274eb40a06023194488d71b4e5b5ecdbb92db94f,true
user_002_gesture_10_Static_sample_7_20250709_174703.csv,datasets/gesture_csv/user_002_gesture_10_Static_sample_7_20250709_174703.csv,002,10,7,97,fce379ec7ba342793f882da43f3bd163d2ff3ecaaeaf095fc9b025f8e5bce5f8,true
user_002_gesture_10_Static_sample_8_20250709_174709.csv,datasets/gesture_csv/user_002_gesture_10_Static_sample_8_20250709_174709.csv,002,10,8,97,85e26f963f276cf8cb2f16260eee6d02fe2128c82abdfd61a34bea073d99a946,true
user_002_gesture_10_Static_sample_9_20250709_174712.csv,datasets/gesture_csv/user_002_gesture_10_Static_sample_9_20250709_174712.csv,002,10,9,97,da1ad631e102ad92295be813f66e4fc5b64df803a8b822dd1c1f17f5003cafdb,true
user_002_gesture_1_One_sample_10_20250709_174015.csv,datasets/gesture_csv/user_002_gesture_1_One_sample_10_20250709_174015.csv,002,1,10,97,5380d007e2e0f40f7a8fe1f1cddf1bdb77e98667172f51c3fa10af8429199a1d,true
user_002_gesture_1_One_sample_1_20250709_173948.csv,datasets/gesture_csv/user_002_gesture_1_One_sample_1_20250709_173948.csv,002,1,1,97,02068d578dfa3ec5427241f722e6d809f29e715e956d61966ae6d9370215cca7,true
user_002_gesture_1_One_sample_2_20250709_173951.csv,datasets/gesture_csv/user_002_gesture_1_One_sample_2_20250709_173951.csv,002,1,2,97,f05b64aa29e38746cfda2d484498ca00be0741c06b15a3b8bde02776493a46b9,true
user_002_gesture_1_One_sample_3_20250709_173954.csv,datasets/gesture_csv/user_002_gesture_1_One_sample_3_20250709_173954.csv,002,1,3,97,0faa4efb60f855f948d1f394de9f7efd95d8d0e86507f6df572a5aa1cc7b2663,true
user_002_gesture_1_One_sample_4_20250709_173958.csv,datasets/gesture_csv/user_002_gesture_1_One_sample_4_20250709_173958.csv,002,1,4,97,20f22f3d219205df7897a722b141301f02d588de888fc8ad1568787b22dc344d,true
user_002_gesture_1_One_sample_5_20250709_174001.csv,datasets/gesture_csv/user_002_gesture_1_One_sample_5_20250709_174001.csv,002,1,5,97,f145d359f9fdbd72b693d8ee10b980aaa91ab4561da7c82604a5b1d8da64f0f0,true
user_002_gesture_1_One_sample_6_20250709_174004.csv,datasets/gesture_csv/user_002_gesture_1_One_sample_6_20250709_174004.csv,002,1,6,97,31ebc85b6c95016443b5b1004aafb0762efdd398f5a2a5e7c2bea8b87bfc9ae1,true
user_002_gesture_1_One_sample_7_20250709_174007.csv,datasets/gesture_csv/user_002_gesture_1_One_sample_7_20250709_174007.csv,002,1,7,97,8312ff4dc6ebceccf5c0321b6dd4bd8cc181ac676e20b7e09771b0928fc7c07f,true
user_002_gesture_1_One_sample_8_20250709_174009.csv,datasets/gesture_csv/user_002_gesture_1_One_sample_8_20250709_174009.csv,002,1,8,97,d424d927043e35d2def5df1842d83cc2aea234324e0bdcf0289772f6f9300b69,true
user_002_gesture_1_One_sample_9_20250709_174012.csv,datasets/gesture_csv/user_002_gesture_1_One_sample_9_20250709_174012.csv,002,1,9,97,e8f3ebc2121b4bc3e93e028e67ae14b2e583a3b637323f6d62f8f4ea50f8ac5b,true
user_002_gesture_2_Two_sample_10_20250709_174047.csv,datasets/gesture_csv/user_002_gesture_2_Two_sample_10_20250709_174047.csv,002,2,10,97,ada7473a6a9031ee9efc0c8354262ef9c2942ba331c527704867f9b862e3438f,true
user_002_gesture_2_Two_sample_1_20250709_174022.csv,datasets/gesture_csv/user_002_gesture_2_Two_sample_1_20250709_174022.csv,002,2,1,97,4e16ea29f14927b903b5dfdd237bad806ca43e4e45ccd559e12bc2c18818ad07,true
user_002_gesture_2_Two_sample_2_20250709_174025.csv,datasets/gesture_csv/user_002_gesture_2_Two_sample_2_20250709_174025.csv,002,2,2,97,bf63a4a2b4ea527f11262f379a74918c3552381b25d7e7697bff1c59e396e322,true
user_002_gesture_2_Two_sample_3_20250709_174028.csv,datasets/gesture_csv/user_002_gesture_2_Two_sample_3_20250709_174028.csv,002,2,3,97,08bfa5258ed149782c5e8a57baf41f1b7ce9939ebcf72a6f99af90201c6b5774,true
user_002_gesture_2_Two_sample_4_20250709_174031.csv,datasets/gesture_csv/user_002_gesture_2_Two_sample_4_20250709_174031.csv,002,2,4,97,1d9b4ff6d517f66b61ab8e61329f808b42e982076a89c50e42f69f23f4b41d18,true
user_002_gesture_2_Two_sample_5_20250709_174033.csv,datasets/gesture_csv/user_002_gesture_2_Two_sample_5_20250709_174033.csv,002,2,5,97,040504f7d3e30a198a3fd29e240a10019453df67a50eac9da4dfbadad296b9e4,true
user_002_gesture_2_Two_sample_6_20250709_174036.csv,datasets/gesture_csv/user_002_gesture_2_Two_sample_6_20250709_174036.csv,002,2,6,97,938ea9c64c514339960ce6b48db407c0de63cb08ba19074ed85a3a36fbd06d83,true
user_002_gesture_2_Two_sample_7_20250709_174039.csv,datasets/gesture_csv/user_002_gesture_2_Two_sample_7_20250709_174039.csv,002,2,7,97,e5fb6d0dfc14e29dee38928e2d95854896544623721df088c9dd1dcb2707005d,true
user_002_gesture_2_Two_sample_8_20250709_174042.csv,datasets/gesture_csv/user_002_gesture_2_Two_sample_8_20250709_174042.csv,002,2,8,97,64af06f3595ed072a88635309a1c15c250beea34a4a756f12a33b4221be6ae0a,true
user_002_gesture_2_Two_sample_9_20250709_174045.csv,datasets/gesture_csv/user_002_gesture_2_Two_sample_9_20250709_174045.csv,002,2,9,97,661dc090e23373476f5a7d29d9650da4e419fc812725a2d749ee450dbc8f07f2,true
user_002_gesture_3_Three_sample_10_20250709_174130.csv,datasets/gesture_csv/user_002_gesture_3_Three_sample_10_20250709_174130.csv,002,3,10,97,d7d3f6cb8f8ef865b804a0217da82f01b60d6da752dc1bbbeff1f791054abe7f,true
user_002_gesture_3_Three_sample_1_20250709_174055.csv,datasets/gesture_csv/user_002_gesture_3_Three_sample_1_20250709_174055.csv,002,3,1,97,32fa30ed3be75293527ccb8a29570ebb0634e77e45d4a916c96b2dd33c973241,true
user_002_gesture_3_Three_sample_2_20250709_174058.csv,datasets/gesture_csv/user_002_gesture_3_Three_sample_2_20250709_174058.csv,002,3,2,97,70aa9d4b6d0f8299802a724c19f3b379ccd82223b961d9506c6ae3f0ce8c4f83,true
user_002_gesture_3_Three_sample_3_20250709_174101.csv,datasets/gesture_csv/user_002_gesture_3_Three_sample_3_20250709_174101.csv,002,3,3,97,2f53d49536362d515a0f52372d3c0405fe07193238224d93d62fcc363b401624,true
user_002_gesture_3_Three_sample_4_20250709_174104.csv,datasets/gesture_csv/user_002_gesture_3_Three_sample_4_20250709_174104.csv,002,3,4,97,df11ddbd81e1dd844b8a7d6825e0c9ff20430ed6baa622353939e1aa23f360e2,true
user_002_gesture_3_Three_sample_5_20250709_174107.csv,datasets/gesture_csv/user_002_gesture_3_Three_sample_5_20250709_174107.csv,002,3,5,96,4c98b78d24e4bc23e81b8e21ce0ff71031e6b4b986cac6519907d37293e453f1,true
user_002_gesture_3_Three_sample_6_20250709_174110.csv,datasets/gesture_csv/user_002_gesture_3_Three_sample_6_20250709_174110.csv,002,3,6,97,8c408db4f1160286fe62b2239bf5afc2633b4a72cec281b1bac524ca3662d407,true
user_002_gesture_3_Three_sample_7_20250709_174113.csv,datasets/gesture_csv/user_002_gesture_3_Three_sample_7_20250709_174113.csv,002,3,7,97,aee4135831d254ef215602bb98facf976ef41a39842f3125e71df4876e6d5d46,true
user_002_gesture_3_Three_sample_8_20250709_174123.csv,datasets/gesture_csv/user_002_gesture_3_Three_sample_8_20250709_174123.csv,002,3,8,97,6b289d11362dd6d1e4939987a4301360ede91c3e4c6e76ca36b2ca7635ee23a7,true
user_002_gesture_3_Three_sample_9_20250709_174126.csv,datasets/gesture_csv/user_002_gesture_3_Three_sample_9_20250709_174126.csv,002,3,9,97,6c849507b20af3a9c483c4f507c2721ba97dd6f3987066d6d0183569ff3c693f,true
user_002_gesture_4_Four_sample_10_20250709_174209.csv,datasets/gesture_csv/user_002_gesture_4_Four_sample_10_20250709_174209.csv,002,4,10,97,1cc09072652107568a437f2b99e4a479f642c5450f34bc87dd4c1378e8814b0e,true
user_002_gesture_4_Four_sample_1_20250709_174140.csv,datasets/gesture_csv/user_002_gesture_4_Four_sample_1_20250709_174140.csv,002,4,1,97,ef47e0acb51c669a9330b5e81d4265b4c24c4a3c4f728cbc0556914242a806b0,true
user_002_gesture_4_Four_sample_2_20250709_174143.csv,datasets/gesture_csv/user_002_gesture_4_Four_sample_2_20250709_174143.csv,002,4,2,97,daa50e021ed5f7c8f57d180a79ddf935e858ccae984e46e2a957890fa953dbd7,true
user_002_gesture_4_Four_sample_3_20250709_174147.csv,datasets/gesture_csv/user_002_gesture_4_Four_sample_3_20250709_174147.csv,002,4,3,97,259e741e0037580f0b37d3df4f1268a505ecac927ffd707c98cc0ea7bbf1715d,true
user_002_gesture_4_Four_sample_4_20250709_174150.csv,datasets/gesture_csv/user_002_gesture_4_Four_sample_4_20250709_174150.csv,002,4,4,97,c6201aa888d3966773445d51fe091f6e321d5ff8061b13b0650cded29a1e2e38,true
user_002_gesture_4_Four_sample_5_20250709_174153.csv,datasets/gesture_csv/user_002_gesture_4_Four_sample_5_20250709_174153.csv,002,4,5,97,1bba595f0b528166ba4f36ca4fa033c221eb0afb4b3d8b33952a8b6311ecdd1a,true
user_002_gesture_4_Four_sample_6_20250709_174156.csv,datasets/gesture_csv/user_002_gesture_4_Four_sample_6_20250709_174156.csv,002,4,6,97,13585bec5638d50a18065e98f4cb8d92ab107bf2e9d4723fb3e6216a079632e0,true
user_002_gesture_4_Four_sample_7_20250709_174159.csv,datasets/gesture_csv/user_002_gesture_4_Four_sample_7_20250709_174159.csv,002,4,7,97,f4dce8569f28bf2084704aab6c233850dc4b831dc4093bce7ba73dda2649103b,true
user_002_gesture_4_Four_sample_8_20250709_174202.csv,datasets/gesture_csv/user_002_gesture_4_Four_sample_8_20250709_174202.csv,002,4,8,97,7f28cb65c3cf4725eb3fb05f95dff28f5e56afc158fb2f0b093df35026cc5b03,true
user_002_gesture_4_Four_sample_9_20250709_174206.csv,datasets/gesture_csv/user_002_gesture_4_Four_sample_9_20250709_174206.csv,002,4,9,97,7197b2713866e598228a11c8ed5835eb8aab2037475227ed7de92915fd95fdd7,true
user_002_gesture_5_Five_sample_10_20250709_174245.csv,datasets/gesture_csv/user_002_gesture_5_Five_sample_10_20250709_174245.csv,002,5,10,97,10a9b9bd9308d7d47f7e12003c70a6e46967faaea6b2290fb7d235b69d44840a,true
user_002_gesture_5_Five_sample_1_20250709_174219.csv,datasets/gesture_csv/user_002_gesture_5_Five_sample_1_20250709_174219.csv,002,5,1,97,d582b0fde8c827d59846848bcdd7e431b3ce3e42df44f47d147c7c6aba53b631,true
user_002_gesture_5_Five_sample_2_20250709_174222.csv,datasets/gesture_csv/user_002_gesture_5_Five_sample_2_20250709_174222.csv,002,5,2,97,ac19047d78a0132cfe00ade055f40838cebc9afaa501a285fe35d9cb16f5701c,true
user_002_gesture_5_Five_sample_3_20250709_174225.csv,datasets/gesture_csv/user_002_gesture_5_Five_sample_3_20250709_174225.csv,002,5,3,97,0ee218e549f00f4a9cfaae3380a99ac10442c0506607e8f4cb1326b43e28a580,true
user_002_gesture_5_Five_sample_4_20250709_174228.csv,datasets/gesture_csv/user_002_gesture_5_Five_sample_4_20250709_174228.csv,002,5,4,97,455048d02c50c16c04208548ac42b89e05be8805b6e487b507ba67520838a83d,true
user_002_gesture_5_Five_sample_5_20250709_174231.csv,datasets/gesture_csv/user_002_gesture_5_Five_sample_5_20250709_174231.csv,002,5,5,97,ee6ac1f84b99f390641c083e45880a8e41a645df5b4528c372d151a9eb2fdcf2,true
user_002_gesture_5_Five_sample_6_20250709_174234.csv,datasets/gesture_csv/user_002_gesture_5_Five_sample_6_20250709_174234.csv,002,5,6,97,87b27eff6aa55d282b76e0a67d038045180fe6b7999aae9eef4929f8bdb7dfbd,true
user_002_gesture_5_Five_sample_7_20250709_174236.csv,datasets/gesture_csv/user_002_gesture_5_Five_sample_7_20250709_174236.csv,002,5,7,97,92acfae9a6b37a60a351bc4e0f58f006dbf041931296fe333b49271e53d5638d,true
user_002_gesture_5_Five_sample_8_20250709_174239.csv,datasets/gesture_csv/user_002_gesture_5_Five_sample_8_20250709_174239.csv,002,5,8,97,15cadee0e55ab1caebaee27c0cc073ee7c3e28336deb66c872c756a4e4242822,true
user_002_gesture_5_Five_sample_9_20250709_174242.csv,datasets/gesture_csv/user_002_gesture_5_Five_sample_9_20250709_174242.csv,002,5,9,97,8aa01b9bac6fe0a06c5f2ba6cc83ea4b50ab9d242282076034255bfd2d954222,true
user_002_gesture_6_Six_sample_10_20250709_174326.csv,datasets/gesture_csv/user_002_gesture_6_Six_sample_10_20250709_174326.csv,002,6,10,97,056de956fc54e82d4b3f1ca436ab6e5050304455d7473d69c5a4c050792a4f8e,true
user_002_gesture_6_Six_sample_1_20250709_174256.csv,datasets/gesture_csv/user_002_gesture_6_Six_sample_1_20250709_174256.csv,002,6,1,97,1537843e62b19f3fae0c045d39ca63b0ca0889ebb9fa2d556f41823f5e71395e,true
user_002_gesture_6_Six_sample_2_20250709_174300.csv,datasets/gesture_csv/user_002_gesture_6_Six_sample_2_20250709_174300.csv,002,6,2,97,c13284012d248a9fd9de791b2f6a55c115fa59e623774d74820c490cb077bf56,true
user_002_gesture_6_Six_sample_3_20250709_174304.csv,datasets/gesture_csv/user_002_gesture_6_Six_sample_3_20250709_174304.csv,002,6,3,97,dbedca7b1e304dcc46bfde296173a1cb7f8dda9c13c49ef368900b93e5aac37e,true
user_002_gesture_6_Six_sample_4_20250709_174307.csv,datasets/gesture_csv/user_002_gesture_6_Six_sample_4_20250709_174307.csv,002,6,4,97,e59d2b45b76cc208813a9836528f641eb3f0f833b4429a9bb3d438f022884332,true
user_002_gesture_6_Six_sample_5_20250709_174310.csv,datasets/gesture_csv/user_002_gesture_6_Six_sample_5_20250709_174310.csv,002,6,5,97,336f2f25cd37f16cf4fbbae0d49d098051be71dc1172455d9932a473dcc664bd,true
user_002_gesture_6_Six_sample_6_20250709_174313.csv,datasets/gesture_csv/user_002_gesture_6_Six_sample_6_20250709_174313.csv,002,6,6,97,e41885e992b19e48d53055c7848dd4a02c28625534731a7ad65485ec7812f55c,true
user_002_gesture_6_Six_sample_7_20250709_174317.csv,datasets/gesture_csv/user_002_gesture_6_Six_sample_7_20250709_174317.csv,002,6,7,97,8be7dfd89cbb61cc51301c1b310d44e9c8393e8d8b1a5a470eb59644d25037e5,true
user_002_gesture_6_Six_sample_8_20250709_174320.csv,datasets/gesture_csv/user_002_gesture_6_Six_sample_8_20250709_174320.csv,002,6,8,97,e1d80e584a4c8f1d20381fa38e6016f0acb095f91a71dd0cd514bf6d72edbec6,true
user_002_gesture_6_Six_sample_9_20250709_174323.csv,datasets/gesture_csv/user_002_gesture_6_Six_sample_9_20250709_174323.csv,002,6,9,97,4b7aea6fc7d42013c7f79c944ea291913edec0be109e6a42b88089f6cc668542,true
user_002_gesture_7_Seven_sample_10_20250709_174406.csv,datasets/gesture_csv/user_002_gesture_7_Seven_sample_10_20250709_174406.csv,002,7,10,97,35fb53768bfc2c496b7cafb0ce2a1e2c6af64d5bad4e52681edebe60e689ab3f,true
user_002_gesture_7_Seven_sample_1_20250709_174335.csv,datasets/gesture_csv/user_002_gesture_7_Seven_sample_1_20250709_174335.csv,002,7,1,97,93996121330338ee2ee94dbe2f63894a2ff564bee2463bd3d00137a5f7c2be49,true
user_002_gesture_7_Seven_sample_2_20250709_174339.csv,datasets/gesture_csv/user_002_gesture_7_Seven_sample_2_20250709_174339.csv,002,7,2,97,a0c59f3ca3fd1d1e971ffd0eba9a097807233260617a03fd56ee88b33e65ba2f,true
user_002_gesture_7_Seven_sample_3_20250709_174342.csv,datasets/gesture_csv/user_002_gesture_7_Seven_sample_3_20250709_174342.csv,002,7,3,97,55aaca0218002afa14074a5cafc20f6c7c2a5605cd9433d6cbffe3abe3901939,true
user_002_gesture_7_Seven_sample_4_20250709_174345.csv,datasets/gesture_csv/user_002_gesture_7_Seven_sample_4_20250709_174345.csv,002,7,4,97,f3c83c783557aa7496ddb2037da17c323cba47d316ea90c9ed4a2b9cde433540,true
user_002_gesture_7_Seven_sample_5_20250709_174348.csv,datasets/gesture_csv/user_002_gesture_7_Seven_sample_5_20250709_174348.csv,002,7,5,97,a2ec4700300012536bfa7c9a74903785531a33c7f2ca8cf40dba6b07e0338b44,true
user_002_gesture_7_Seven_sample_6_20250709_174351.csv,datasets/gesture_csv/user_002_gesture_7_Seven_sample_6_20250709_174351.csv,002,7,6,97,343694b0d41b4f4c372236c574b3094a63069ad0d9e5ced24d546a45077548a9,true
user_002_gesture_7_Seven_sample_7_20250709_174355.csv,datasets/gesture_csv/user_002_gesture_7_Seven_sample_7_20250709_174355.csv,002,7,7,97,e77282e9259fc8a1db8fe5785fba7c9cdd7509977fc0a4a12b826c62a3a6c9cc,true
user_002_gesture_7_Seven_sample_8_20250709_174359.csv,datasets/gesture_csv/user_002_gesture_7_Seven_sample_8_20250709_174359.csv,002,7,8,97,8049287f3914d0ce3e75de11b88f1812a5c4e01890f693b881845665b68efa16,true
user_002_gesture_7_Seven_sample_9_20250709_174402.csv,datasets/gesture_csv/user_002_gesture_7_Seven_sample_9_20250709_174402.csv,002,7,9,97,610cb9f29ce382e766de56aa52385581cff03bea89c23abee6328f48c48b3804,true
user_002_gesture_8_Eight_sample_10_20250709_174518.csv,datasets/gesture_csv/user_002_gesture_8_Eight_sample_10_20250709_174518.csv,002,8,10,97,869ed2015a9a3163d7b9ed64a5781641e29ad92ac3ca07964dbd6604833f2dd4,true
user_002_gesture_8_Eight_sample_1_20250709_174449.csv,datasets/gesture_csv/user_002_gesture_8_Eight_sample_1_20250709_174449.csv,002,8,1,97,97e941a32ba40a4e49793406cdb18383826f1ce41532b3211aa14a0dbb0b363a,true
user_002_gesture_8_Eight_sample_2_20250709_174452.csv,datasets/gesture_csv/user_002_gesture_8_Eight_sample_2_20250709_174452.csv,002,8,2,97,f13770c6cea7212d4b3a3c5b6dff49f40520b44bf632678a0a10f3dd5adee765,true
user_002_gesture_8_Eight_sample_3_20250709_174455.csv,datasets/gesture_csv/user_002_gesture_8_Eight_sample_3_20250709_174455.csv,002,8,3,97,6fdac622959a32274f960bafebe58fd54c7c6395a50b86563abbf1fcad9f2bb5,true
user_002_gesture_8_Eight_sample_4_20250709_174459.csv,datasets/gesture_csv/user_002_gesture_8_Eight_sample_4_20250709_174459.csv,002,8,4,97,10f0f61ca13810fcd27e635b61da7f4664e5b5c2f84543776b30d41772a92cbe,true
user_002_gesture_8_Eight_sample_5_20250709_174502.csv,datasets/gesture_csv/user_002_gesture_8_Eight_sample_5_20250709_174502.csv,002,8,5,97,0f7fd966aa60601a6ec253ba74b589f45f00a12375a0c58bfe5f08426a3ce264,true
user_002_gesture_8_Eight_sample_6_20250709_174505.csv,datasets/gesture_csv/user_002_gesture_8_Eight_sample_6_20250709_174505.csv,002,8,6,97,4b1d4bf1ad20f38d6153a13d8f7f78b8f58a2a9bb21c0ffc2bccc1b2fc7344a6,true
user_002_gesture_8_Eight_sample_7_20250709_174508.csv,datasets/gesture_csv/user_002_gesture_8_Eight_sample_7_20250709_174508.csv,002,8,7,97,9715f408ff5e55aab9bb9afe459d5c065c092f1ce5939f7d8da96e505dcf6e9f,true
user_002_gesture_8_Eight_sample_8_20250709_174511.csv,datasets/gesture_csv/user_002_gesture_8_Eight_sample_8_20250709_174511.csv,002,8,8,97,ea2b76ab50e3d571234ba4bd5c68d22f939946b5945bbab8337e4caef85a05c7,true
user_002_gesture_8_Eight_sample_9_20250709_174514.csv,datasets/gesture_csv/user_002_gesture_8_Eight_sample_9_20250709_174514.csv,002,8,9,97,6fdfaaa362e54c18553c4f5be798d46870b49d026ff9b9bd9935b78bda1d5ea8,true
user_002_gesture_9_Nine_sample_10_20250709_174555.csv,datasets/gesture_csv/user_002_gesture_9_Nine_sample_10_20250709_174555.csv,002,9,10,97,0ad758a507929e90684f5019fe87014cb1c47999175ab907bc685c25afbc1d74,true
user_002_gesture_9_Nine_sample_1_20250709_174527.csv,datasets/gesture_csv/user_002_gesture_9_Nine_sample_1_20250709_174527.csv,002,9,1,97,e153440be3edd346f881f90a8ba6716e9714edbbb3bdee7729540b5a6601bc54,true
user_002_gesture_9_Nine_sample_2_20250709_174530.csv,datasets/gesture_csv/user_002_gesture_9_Nine_sample_2_20250709_174530.csv,002,9,2,97,a5ad5fbfbf41dca194e155ce41759ea7576a3547b1e36a81343b9efdf22356d3,true
user_002_gesture_9_Nine_sample_3_20250709_174533.csv,datasets/gesture_csv/user_002_gesture_9_Nine_sample_3_20250709_174533.csv,002,9,3,97,4c1cab1ff79284c247020bfb31dd54e3723f7fa9e4919bf819e84ca50621de6c,true
user_002_gesture_9_Nine_sample_4_20250709_174537.csv,datasets/gesture_csv/user_002_gesture_9_Nine_sample_4_20250709_174537.csv,002,9,4,97,07e9b353253fca0c0426dd97a5b443423897fa7c9d2572a7c34258cb7d269bee,true
user_002_gesture_9_Nine_sample_5_20250709_174540.csv,datasets/gesture_csv/user_002_gesture_9_Nine_sample_5_20250709_174540.csv,002,9,5,97,012df62f170200ab7fed1ca5dc7d685b24aeda9e865c92ec9c5fd2854f2bb1f1,true
user_002_gesture_9_Nine_sample_6_20250709_174543.csv,datasets/gesture_csv/user_002_gesture_9_Nine_sample_6_20250709_174543.csv,002,9,6,97,01c21a3dea41f5cac3b1a879ce2a0624e0f88eee72dd436851da864ff66626c6,true
user_002_gesture_9_Nine_sample_7_20250709_174546.csv,datasets/gesture_csv/user_002_gesture_9_Nine_sample_7_20250709_174546.csv,002,9,7,97,42a5d6be86a21dd9ebc3102ed00395b4006e9266104981b322adda2840423105,true
user_002_gesture_9_Nine_sample_8_20250709_174549.csv,datasets/gesture_csv/user_002_gesture_9_Nine_sample_8_20250709_174549.csv,002,9,8,97,535d23c4f0ee5a6db162586b95f47f5344ff9359554c3a45d763df7cec2af450,true
user_002_gesture_9_Nine_sample_9_20250709_174552.csv,datasets/gesture_csv/user_002_gesture_9_Nine_sample_9_20250709_174552.csv,002,9,9,97,6c66884ba2ae3998b297d0ab2028f10cddf7f6c34ed5b4e6d47b42ae02ab169c,true
user_003_gesture_0_Zero_sample_10_20250709_195149.csv,datasets/gesture_csv/user_003_gesture_0_Zero_sample_10_20250709_195149.csv,003,0,10,97,32a48a7cb986ae6022c71096ba5c7a149a92d4a34b50934bfd2cb919c29306a9,true
user_003_gesture_0_Zero_sample_1_20250709_195116.csv,datasets/gesture_csv/user_003_gesture_0_Zero_sample_1_20250709_195116.csv,003,0,1,97,ee35661b1d55eba9a920688b0e7008f3f5f54a94b203bfa2a0f54bda9a5ebb53,true
user_003_gesture_0_Zero_sample_2_20250709_195119.csv,datasets/gesture_csv/user_003_gesture_0_Zero_sample_2_20250709_195119.csv,003,0,2,96,8a9750ac14f084bc9a30f4a008667bef4e2adc34e375c5a98d4e915dfe25b837,true
user_003_gesture_0_Zero_sample_3_20250709_195123.csv,datasets/gesture_csv/user_003_gesture_0_Zero_sample_3_20250709_195123.csv,003,0,3,97,855510d903caeaa9a5439498a242bba09a490b3c1e77b27d6e287c49648a8c5d,true
user_003_gesture_0_Zero_sample_4_20250709_195127.csv,datasets/gesture_csv/user_003_gesture_0_Zero_sample_4_20250709_195127.csv,003,0,4,97,3d01993157f480e5b476a1011da34aa757f48f8616c2189461322c66ea9322d3,true
user_003_gesture_0_Zero_sample_5_20250709_195130.csv,datasets/gesture_csv/user_003_gesture_0_Zero_sample_5_20250709_195130.csv,003,0,5,97,b2c245bcadd5ddf61bfa494fa41f096291788b523f727c3ee00aafab87e9ead3,true
user_003_gesture_0_Zero_sample_6_20250709_195134.csv,datasets/gesture_csv/user_003_gesture_0_Zero_sample_6_20250709_195134.csv,003,0,6,97,9958dcb0d6503184fb22418b22560d13993beedf45936c0419e958e609fbbad0,true
user_003_gesture_0_Zero_sample_7_20250709_195138.csv,datasets/gesture_csv/user_003_gesture_0_Zero_sample_7_20250709_195138.csv,003,0,7,97,a4eb806e04378ab486d2c082f3649f21f7688e93bdd7cf6660edbd186851d696,true
user_003_gesture_0_Zero_sample_8_20250709_195142.csv,datasets/gesture_csv/user_003_gesture_0_Zero_sample_8_20250709_195142.csv,003,0,8,97,adc8a80145ab1d4e3596ee9827138d259b76e5d110fef7adc07336554fbaa87e,true
user_003_gesture_0_Zero_sample_9_20250709_195145.csv,datasets/gesture_csv/user_003_gesture_0_Zero_sample_9_20250709_195145.csv,003,0,9,97,cb88f75cd4def95831f915cec180c42c2c1cb362b5ad5d9687301f2ea50b4ba0,true
user_003_gesture_10_Static_sample_10_20250709_195918.csv,datasets/gesture_csv/user_003_gesture_10_Static_sample_10_20250709_195918.csv,003,10,10,97,2829492b570287ed0ae877b5c461f0f63f8d17e09449f21a2d16e8eb46c19dce,true
user_003_gesture_10_Static_sample_1_20250709_195844.csv,datasets/gesture_csv/user_003_gesture_10_Static_sample_1_20250709_195844.csv,003,10,1,97,7910b5f0856e02880e225d6448775334a4be269749dca14b38f02ceff4d3f361,true
user_003_gesture_10_Static_sample_2_20250709_195847.csv,datasets/gesture_csv/user_003_gesture_10_Static_sample_2_20250709_195847.csv,003,10,2,97,5e60cccdddda556d1d200326ddaa7e8fd285fc240d4e082a777cc0db25f2e71c,true
user_003_gesture_10_Static_sample_3_20250709_195849.csv,datasets/gesture_csv/user_003_gesture_10_Static_sample_3_20250709_195849.csv,003,10,3,97,f38196aba6277f87f42df7f39b5ec6e2a67bd9022687b59fbbd4e04ad988c95c,true
user_003_gesture_10_Static_sample_4_20250709_195852.csv,datasets/gesture_csv/user_003_gesture_10_Static_sample_4_20250709_195852.csv,003,10,4,97,a9d53863252863592cf2fc31374e8b5f93054c9c96cf1aa971f1341d86f1206d,true
user_003_gesture_10_Static_sample_5_20250709_195855.csv,datasets/gesture_csv/user_003_gesture_10_Static_sample_5_20250709_195855.csv,003,10,5,97,b673d6e9039f01fa8c8c1c5844ef644daef1ee3c3b07ad9ab47744c82ccaa8af,true
user_003_gesture_10_Static_sample_6_20250709_195859.csv,datasets/gesture_csv/user_003_gesture_10_Static_sample_6_20250709_195859.csv,003,10,6,97,bea862b645a93de5288c5b1abfa897f3f02eb22d73b8b4310ef7a8f45aa15aff,true
user_003_gesture_10_Static_sample_7_20250709_195903.csv,datasets/gesture_csv/user_003_gesture_10_Static_sample_7_20250709_195903.csv,003,10,7,97,fcb4c86406b6e9919ece813d03704391a7d2f69bb0717fe9e765c1bbe441d70d,true
user_003_gesture_10_Static_sample_8_20250709_195909.csv,datasets/gesture_csv/user_003_gesture_10_Static_sample_8_20250709_195909.csv,003,10,8,97,a2911b7a107fedac54d82a4b917d1f2e127802a044d1fa29ef334fc3e38dbd08,true
user_003_gesture_10_Static_sample_9_20250709_195914.csv,datasets/gesture_csv/user_003_gesture_10_Static_sample_9_20250709_195914.csv,003,10,9,97,ec2a202ea7f741faf08c5046977c601da864ff776345eabdd66719b0b870ac69,true
user_003_gesture_1_One_sample_10_20250709_195244.csv,datasets/gesture_csv/user_003_gesture_1_One_sample_10_20250709_195244.csv,003,1,10,97,43b26f5634024440c38b47976b6008e92318dcce8fcdf5dfdb65c5992dbb2d56,true
user_003_gesture_1_One_sample_1_20250709_195213.csv,datasets/gesture_csv/user_003_gesture_1_One_sample_1_20250709_195213.csv,003,1,1,97,b45b7f1153588e89ad5d02555137560aed9b0a8d12601541c64f4f4920cbaa79,true
user_003_gesture_1_One_sample_2_20250709_195217.csv,datasets/gesture_csv/user_003_gesture_1_One_sample_2_20250709_195217.csv,003,1,2,97,b0ffb304b9a15116a7c7ce42df5e6f6bf95af0cb72bafb56620ae9414a932569,true
user_003_gesture_1_One_sample_3_20250709_195220.csv,datasets/gesture_csv/user_003_gesture_1_One_sample_3_20250709_195220.csv,003,1,3,97,1601b853d4c32efd6f4052aceb486bdb7926c77d7fffa73bea25ff5c44defb28,true
user_003_gesture_1_One_sample_4_20250709_195223.csv,datasets/gesture_csv/user_003_gesture_1_One_sample_4_20250709_195223.csv,003,1,4,97,dd3604cbf681c21278c9aec4c2bf81873aef234b2795ae5f4dd5c1c8b20a828f,true
user_003_gesture_1_One_sample_5_20250709_195227.csv,datasets/gesture_csv/user_003_gesture_1_One_sample_5_20250709_195227.csv,003,1,5,97,cadb5a80d42f4cdb3a021c108584a7301ff61db58c626c466a9ba43b55f35f1e,true
user_003_gesture_1_One_sample_6_20250709_195230.csv,datasets/gesture_csv/user_003_gesture_1_One_sample_6_20250709_195230.csv,003,1,6,97,025f69bcaf881d8a00e53d08a806a521c793743ca28036ad74373e4a2c903e71,true
user_003_gesture_1_One_sample_7_20250709_195234.csv,datasets/gesture_csv/user_003_gesture_1_One_sample_7_20250709_195234.csv,003,1,7,97,9a9d49d979713d3a6121d63b46ec53a731a754c38e5e3f62d2a661125b949cbf,true
user_003_gesture_1_One_sample_8_20250709_195237.csv,datasets/gesture_csv/user_003_gesture_1_One_sample_8_20250709_195237.csv,003,1,8,97,af6f4b1d1a79d3785ece3c161f53d61e7ef765bf8398ca62aa872babdd800983,true
user_003_gesture_1_One_sample_9_20250709_195241.csv,datasets/gesture_csv/user_003_gesture_1_One_sample_9_20250709_195241.csv,003,1,9,97,ae557284b4f0fac4bf37bf3fa3ecb715241d055b982dd252a707e40d5882fec2,true
user_003_gesture_2_Two_sample_10_20250709_195322.csv,datasets/gesture_csv/user_003_gesture_2_Two_sample_10_20250709_195322.csv,003,2,10,97,c5273f39290a3944be6f81287c33ce0fed503bf1449b69a76baa6f978495daa6,true
user_003_gesture_2_Two_sample_1_20250709_195251.csv,datasets/gesture_csv/user_003_gesture_2_Two_sample_1_20250709_195251.csv,003,2,1,97,98407ed46780d52bb9b2981f8b506693a7daeea35b0d364c634875360f091f42,true
user_003_gesture_2_Two_sample_2_20250709_195255.csv,datasets/gesture_csv/user_003_gesture_2_Two_sample_2_20250709_195255.csv,003,2,2,96,fa601fea2d1752fd547c5d4bb996a8e09d3840e414a79f7a86c38fcbd3f8cbcf,true
user_003_gesture_2_Two_sample_3_20250709_195258.csv,datasets/gesture_csv/user_003_gesture_2_Two_sample_3_20250709_195258.csv,003,2,3,97,924b8fca6545528be659d2843b8a2271ee1bc9ebddf767ebf01b445575a364bd,true
user_003_gesture_2_Two_sample_4_20250709_195301.csv,datasets/gesture_csv/user_003_gesture_2_Two_sample_4_20250709_195301.csv,003,2,4,97,998c9448ccce848b3ac5013ebdcab0284a5271b554fd50c2016abaa70bb97767,true
user_003_gesture_2_Two_sample_5_20250709_195305.csv,datasets/gesture_csv/user_003_gesture_2_Two_sample_5_20250709_195305.csv,003,2,5,97,41da1b6777f31155bad328ef3aae2dbcbae8a416c785aadb9636fb18b955ca50,true
user_003_gesture_2_Two_sample_6_20250709_195308.csv,datasets/gesture_csv/user_003_gesture_2_Two_sample_6_20250709_195308.csv,003,2,6,97,0bbc22da25deea52542e1d12dac941c720838a45e62c3a16465eaaf70a3012df,true
user_003_gesture_2_Two_sample_7_20250709_195312.csv,datasets/gesture_csv/user_003_gesture_2_Two_sample_7_20250709_195312.csv,003,2,7,97,68219913ca708c8391c37988b65e5fa7017572d371dcf462ffcc4b673bf9804f,true
user_003_gesture_2_Two_sample_8_20250709_195315.csv,datasets/gesture_csv/user_003_gesture_2_Two_sample_8_20250709_195315.csv,003,2,8,97,1c67658fee0e5ad142af725b4ddf35bcbc21097dbb82996d8785a24213a03efa,true
user_003_gesture_2_Two_sample_9_20250709_195319.csv,datasets/gesture_csv/user_003_gesture_2_Two_sample_9_20250709_195319.csv,003,2,9,97,b334f679d6f0519f3ff88dd04df7a471ac2710d8936d636b84ccc404cc643bf7,true
user_003_gesture_3_Three_sample_10_20250709_195358.csv,datasets/gesture_csv/user_003_gesture_3_Three_sample_10_20250709_195358.csv,003,3,10,97,b3c063ddc143b5271891ea97f92342941ddda2437bdeed781ebdc0a8ba11fa14,true
user_003_gesture_3_Three_sample_1_20250709_195328.csv,datasets/gesture_csv/user_003_gesture_3_Three_sample_1_20250709_195328.csv,003,3,1,97,0b234389d87ce5f151bb73269aea91005689ba6355025726b7f077e847618e97,true
user_003_gesture_3_Three_sample_2_20250709_195332.csv,datasets/gesture_csv/user_003_gesture_3_Three_sample_2_20250709_195332.csv,003,3,2,97,54d8cd3774592599778aef68e3ba0950f6e4abaf2e09db63494532b4147569f1,true
user_003_gesture_3_Three_sample_3_20250709_195336.csv,datasets/gesture_csv/user_003_gesture_3_Three_sample_3_20250709_195336.csv,003,3,3,97,3ea7edd03ce51a401bcdf7f431def508ea6705932e801241d93caf0f9a702e16,true
user_003_gesture_3_Three_sample_4_20250709_195340.csv,datasets/gesture_csv/user_003_gesture_3_Three_sample_4_20250709_195340.csv,003,3,4,97,089cb71475debe179938ed77407c9f71e845849d22f920cf71fbea3ed3a3c03f,true
user_003_gesture_3_Three_sample_5_20250709_195343.csv,datasets/gesture_csv/user_003_gesture_3_Three_sample_5_20250709_195343.csv,003,3,5,97,f1f3456f49f8c88b0b578a0a2c23de5dffdf050607cbf999c9b5da0380cff351,true
user_003_gesture_3_Three_sample_6_20250709_195346.csv,datasets/gesture_csv/user_003_gesture_3_Three_sample_6_20250709_195346.csv,003,3,6,97,b2df6ea5a4763b4839c8c9a3ecb0605488391afa18da5ee11a74308e0a15883a,true
user_003_gesture_3_Three_sample_7_20250709_195349.csv,datasets/gesture_csv/user_003_gesture_3_Three_sample_7_20250709_195349.csv,003,3,7,97,8dfb1fe96f67e616ce74ca13c98d12565d7168cc7603ffb9b1ad3e909e04a1d7,true
user_003_gesture_3_Three_sample_8_20250709_195352.csv,datasets/gesture_csv/user_003_gesture_3_Three_sample_8_20250709_195352.csv,003,3,8,97,69fb0e3f44066f7344dec770bc579ed4adb90ac5d8a8bd7fa1f8dc19db69686f,true
user_003_gesture_3_Three_sample_9_20250709_195355.csv,datasets/gesture_csv/user_003_gesture_3_Three_sample_9_20250709_195355.csv,003,3,9,97,5ff8ebf4e5bdac37372a104819e26b376441c2258ad14c63dd3c7f4000b4fc61,true
user_003_gesture_4_Four_sample_10_20250709_195446.csv,datasets/gesture_csv/user_003_gesture_4_Four_sample_10_20250709_195446.csv,003,4,10,97,fae866ab2115c3746526bb9747b4c212b6e5c23b0879d0857c3192c06c48461a,true
user_003_gesture_4_Four_sample_1_20250709_195405.csv,datasets/gesture_csv/user_003_gesture_4_Four_sample_1_20250709_195405.csv,003,4,1,97,e6cf9559e898828983fb998453f52fc8121060152be9925c4253148e86822d14,true
user_003_gesture_4_Four_sample_2_20250709_195409.csv,datasets/gesture_csv/user_003_gesture_4_Four_sample_2_20250709_195409.csv,003,4,2,97,41f780411d3ec7fb3b50b317dd3c1c80b8ba1443d458303a4e31fcc09827eff9,true
user_003_gesture_4_Four_sample_3_20250709_195413.csv,datasets/gesture_csv/user_003_gesture_4_Four_sample_3_20250709_195413.csv,003,4,3,97,80989f0e2dbb682f4231857c5275cfc311db500b2594f37c4398f58f15b5fbdf,true
user_003_gesture_4_Four_sample_4_20250709_195416.csv,datasets/gesture_csv/user_003_gesture_4_Four_sample_4_20250709_195416.csv,003,4,4,97,8ef34ff95917da55fbf6a38708e4e3dc496a62604a0dddff24bc8439ee49d219,true
user_003_gesture_4_Four_sample_5_20250709_195419.csv,datasets/gesture_csv/user_003_gesture_4_Four_sample_5_20250709_195419.csv,003,4,5,97,9d139e6400fec9f50c93ed82f378a015d5bb7be7d38b67c8fa3e191f40faa0cf,true
user_003_gesture_4_Four_sample_6_20250709_195423.csv,datasets/gesture_csv/user_003_gesture_4_Four_sample_6_20250709_195423.csv,003,4,6,97,e40d0b5075280e81ae483006cbe742390c5f862c27d411b67728d2913c542d8d,true
user_003_gesture_4_Four_sample_7_20250709_195426.csv,datasets/gesture_csv/user_003_gesture_4_Four_sample_7_20250709_195426.csv,003,4,7,97,5e1ef5ccf16fe286af208b2efcbe50d24738bcb6a32e42a84467d57fb47c09b6,true
user_003_gesture_4_Four_sample_8_20250709_195435.csv,datasets/gesture_csv/user_003_gesture_4_Four_sample_8_20250709_195435.csv,003,4,8,97,b3a5007427f41ea7ddf75dd6b2268ace88688bbdcc7ced0f4796faa9c28e1a20,true
user_003_gesture_4_Four_sample_9_20250709_195439.csv,datasets/gesture_csv/user_003_gesture_4_Four_sample_9_20250709_195439.csv,003,4,9,97,236caed087b78816f9005fec6017e2851adb63883f321848578227493eb5f377,true
user_003_gesture_5_Five_sample_10_20250709_195531.csv,datasets/gesture_csv/user_003_gesture_5_Five_sample_10_20250709_195531.csv,003,5,10,97,73b46bebb9042cba5789993735201d216e94a3158ab70508c36ca5f4e6c83075,true
user_003_gesture_5_Five_sample_1_20250709_195503.csv,datasets/gesture_csv/user_003_gesture_5_Five_sample_1_20250709_195503.csv,003,5,1,97,dc22e327eb5091d238258fc5152ace231c25f2f37b4fcf7232a46ed5e5bdf693,true
user_003_gesture_5_Five_sample_2_20250709_195507.csv,datasets/gesture_csv/user_003_gesture_5_Five_sample_2_20250709_195507.csv,003,5,2,97,7ec4d684baf6bd68bef67db8548de54c9a37c01e679682c207cb817ea9d3dd9e,true
user_003_gesture_5_Five_sample_3_20250709_195510.csv,datasets/gesture_csv/user_003_gesture_5_Five_sample_3_20250709_195510.csv,003,5,3,97,ed1c1c833fbe30a877298ac2bb4b111c710dcd19a31f09bd5c5f291764f81b99,true
user_003_gesture_5_Five_sample_4_20250709_195513.csv,datasets/gesture_csv/user_003_gesture_5_Five_sample_4_20250709_195513.csv,003,5,4,97,095004f9ef3bcabf4c5f4b7909edea78197171f76c4d21b158eef045763fb9e5,true
user_003_gesture_5_Five_sample_5_20250709_195516.csv,datasets/gesture_csv/user_003_gesture_5_Five_sample_5_20250709_195516.csv,003,5,5,97,7880bcb51497c4bbe8710dc79311f19adb31b072b9a1b0d3969546b1e758dc7d,true
user_003_gesture_5_Five_sample_6_20250709_195519.csv,datasets/gesture_csv/user_003_gesture_5_Five_sample_6_20250709_195519.csv,003,5,6,97,97f1fe26f89309a6206f1ebce0e73df4f4192e3eb1caddc67df6512b23161ddf,true
user_003_gesture_5_Five_sample_7_20250709_195522.csv,datasets/gesture_csv/user_003_gesture_5_Five_sample_7_20250709_195522.csv,003,5,7,97,60a8a994df176d9453d9a57f3f24a4005e872fc2e8da53f3d257e7a7546d8c5b,true
user_003_gesture_5_Five_sample_8_20250709_195525.csv,datasets/gesture_csv/user_003_gesture_5_Five_sample_8_20250709_195525.csv,003,5,8,97,4b48bfc58bd8af3872c03f038992eb97355932d250bfcc044328003ee41035b2,true
user_003_gesture_5_Five_sample_9_20250709_195528.csv,datasets/gesture_csv/user_003_gesture_5_Five_sample_9_20250709_195528.csv,003,5,9,97,72f6f0b84cf182de01de974cdb0a0a2aa94c17b0011caafb9c6669b886dfeff1,true
user_003_gesture_6_Six_sample_10_20250709_195619.csv,datasets/gesture_csv/user_003_gesture_6_Six_sample_10_20250709_195619.csv,003,6,10,97,6410faf1006947b6f3ad9c0cec45868f48da2b255eedefede4a088f62e5d9236,true
user_003_gesture_6_Six_sample_1_20250709_195550.csv,datasets/gesture_csv/user_003_gesture_6_Six_sample_1_20250709_195550.csv,003,6,1,97,928c3a72f3a7af8abe80df778682acdff6c97ae6efadb41d2ef288b684db4913,true
user_003_gesture_6_Six_sample_2_20250709_195554.csv,datasets/gesture_csv/user_003_gesture_6_Six_sample_2_20250709_195554.csv,003,6,2,97,c580aec6bda78478bb9c71ffc08990d01a3c2a2737f513aaa73b84fafaf0f934,true
user_003_gesture_6_Six_sample_3_20250709_195557.csv,datasets/gesture_csv/user_003_gesture_6_Six_sample_3_20250709_195557.csv,003,6,3,97,e3ca48c50b526f605e6cff7d7ea88a6a399bc32472bebb5b721f19fae21afc03,true
user_003_gesture_6_Six_sample_4_20250709_195601.csv,datasets/gesture_csv/user_003_gesture_6_Six_sample_4_20250709_195601.csv,003,6,4,96,a3b00dd4fc15210dac904a2a999d1f13c85a4e8ad1b917204716dbef01df4013,true
user_003_gesture_6_Six_sample_5_20250709_195604.csv,datasets/gesture_csv/user_003_gesture_6_Six_sample_5_20250709_195604.csv,003,6,5,99,f5fa40f56ba92a042e6879e88206712d3dc6fef7231b9bb536fbb8b817fb0f81,true
user_003_gesture_6_Six_sample_6_20250709_195607.csv,datasets/gesture_csv/user_003_gesture_6_Six_sample_6_20250709_195607.csv,003,6,6,97,07eb274d7a5210e7d6a18c9e89eff73b3789e29ef793a451f5c1109c8f98f40c,true
user_003_gesture_6_Six_sample_7_20250709_195610.csv,datasets/gesture_csv/user_003_gesture_6_Six_sample_7_20250709_195610.csv,003,6,7,97,99ce595ed3f9afbc9b4ad8c7b943f3a54826e19a915af58d2f87ed8278e11849,true
user_003_gesture_6_Six_sample_8_20250709_195613.csv,datasets/gesture_csv/user_003_gesture_6_Six_sample_8_20250709_195613.csv,003,6,8,97,67e450fea8eec44e5ec79f1c01c8380c3b0d1393df23e94e8b9b27dfbebc03fd,true
user_003_gesture_6_Six_sample_9_20250709_195616.csv,datasets/gesture_csv/user_003_gesture_6_Six_sample_9_20250709_195616.csv,003,6,9,97,644a2c168c963805be36d6cb6b2ee96e786b4737bad945d746606006ac4b3d18,true
user_003_gesture_7_Seven_sample_10_20250709_195656.csv,datasets/gesture_csv/user_003_gesture_7_Seven_sample_10_20250709_195656.csv,003,7,10,97,8a4e7a79e1e4b706d04c0ace1fcb43fd013ba2a0ad7b991151a7281bf2156134,true
user_003_gesture_7_Seven_sample_1_20250709_195626.csv,datasets/gesture_csv/user_003_gesture_7_Seven_sample_1_20250709_195626.csv,003,7,1,97,d4ea5aa461710de11dce6192edbb0de073da2b99a4b4efba3e22cb082930c275,true
user_003_gesture_7_Seven_sample_2_20250709_195629.csv,datasets/gesture_csv/user_003_gesture_7_Seven_sample_2_20250709_195629.csv,003,7,2,97,65351dc359dd88d3c45f5c5b1d0c5b75f94c83d8083f98a19f5da8c60fd7e351,true
user_003_gesture_7_Seven_sample_3_20250709_195633.csv,datasets/gesture_csv/user_003_gesture_7_Seven_sample_3_20250709_195633.csv,003,7,3,97,b12bca44419b62700e654d95c6ee9a5c5314d917c1904709990cb8eee6f723f9,true
user_003_gesture_7_Seven_sample_4_20250709_195636.csv,datasets/gesture_csv/user_003_gesture_7_Seven_sample_4_20250709_195636.csv,003,7,4,97,66d559c2f313c15466be811acc9e6c97d1701c0a9116966dc31a4dcd5e7a6197,true
user_003_gesture_7_Seven_sample_5_20250709_195639.csv,datasets/gesture_csv/user_003_gesture_7_Seven_sample_5_20250709_195639.csv,003,7,5,97,d1ced8c0fec2440291b3840905eb38444ddca439c771e18b895514d7d187cb69,true
user_003_gesture_7_Seven_sample_6_20250709_195643.csv,datasets/gesture_csv/user_003_gesture_7_Seven_sample_6_20250709_195643.csv,003,7,6,97,889aa1fb064c220e899a8866bfe8db960e1e926d11394a9815f3000a8b6ffe7f,true
user_003_gesture_7_Seven_sample_7_20250709_195646.csv,datasets/gesture_csv/user_003_gesture_7_Seven_sample_7_20250709_195646.csv,003,7,7,97,f3c0836ac15b1c9398f99c8c2145b518d9399024007fd2700bc3aac3fdf97ae0,true
user_003_gesture_7_Seven_sample_8_20250709_195649.csv,datasets/gesture_csv/user_003_gesture_7_Seven_sample_8_20250709_195649.csv,003,7,8,97,f4e5aae2cf14a423a32034d257710391e52e8de252608d9b08c0da15326d7c9b,true
user_003_gesture_7_Seven_sample_9_20250709_195653.csv,datasets/gesture_csv/user_003_gesture_7_Seven_sample_9_20250709_195653.csv,003,7,9,97,d0db8d943c29efd915d4b17b9f27938f18e208c406c95393badaf929c8fe9e5d,true
user_003_gesture_8_Eight_sample_10_20250709_195734.csv,datasets/gesture_csv/user_003_gesture_8_Eight_sample_10_20250709_195734.csv,003,8,10,97,c7a56140a1e53e1dafbf4fcdf3abf0b8e7b0be3e646df6b010c93dd0cb89deeb,true
user_003_gesture_8_Eight_sample_1_20250709_195704.csv,datasets/gesture_csv/user_003_gesture_8_Eight_sample_1_20250709_195704.csv,003,8,1,97,8c293b84bfcf278b97e8ed076b89a39a9c78aa72ee6d849b85b8cfe38085947e,true
user_003_gesture_8_Eight_sample_2_20250709_195707.csv,datasets/gesture_csv/user_003_gesture_8_Eight_sample_2_20250709_195707.csv,003,8,2,97,1924939fa63d241c26fc4dac6c694d4f053f207c11514c85f0835c867a06ff21,true
user_003_gesture_8_Eight_sample_3_20250709_195711.csv,datasets/gesture_csv/user_003_gesture_8_Eight_sample_3_20250709_195711.csv,003,8,3,97,72f4f90e9b11d2dd65124a5a7ac9753b9903c4589ee74be6bfb9611c6be3e4a3,true
user_003_gesture_8_Eight_sample_4_20250709_195715.csv,datasets/gesture_csv/user_003_gesture_8_Eight_sample_4_20250709_195715.csv,003,8,4,97,95ccea22b8460fce5f17f0ea80f1f8ddc5a6d03bb28b375938213d3a531fdb76,true
user_003_gesture_8_Eight_sample_5_20250709_195718.csv,datasets/gesture_csv/user_003_gesture_8_Eight_sample_5_20250709_195718.csv,003,8,5,97,fd0d1aebe52efef1e2fdf5e46e9e4225939a3fc969957fb8c5edbd3c61590d24,true
user_003_gesture_8_Eight_sample_6_20250709_195721.csv,datasets/gesture_csv/user_003_gesture_8_Eight_sample_6_20250709_195721.csv,003,8,6,97,d6f080b6c01636fe5eec2e0cdb2cd8d2f81d49b26892d8c1a38a6058799b246f,true
user_003_gesture_8_Eight_sample_7_20250709_195724.csv,datasets/gesture_csv/user_003_gesture_8_Eight_sample_7_20250709_195724.csv,003,8,7,97,ad47359367aa849e4f44dfad8e50fa2803c5aa4d5119371f5e2a602eff011d6d,true
user_003_gesture_8_Eight_sample_8_20250709_195727.csv,datasets/gesture_csv/user_003_gesture_8_Eight_sample_8_20250709_195727.csv,003,8,8,97,6828449828cfc4af3c19b6050fa3a608421efe003c028610740fc12f8dc51984,true
user_003_gesture_8_Eight_sample_9_20250709_195731.csv,datasets/gesture_csv/user_003_gesture_8_Eight_sample_9_20250709_195731.csv,003,8,9,97,6bf3823209965eb41c654c3364931bb542269997e76b1d169b96234a44edf5bf,true
user_003_gesture_9_Nine_sample_10_20250709_195837.csv,datasets/gesture_csv/user_003_gesture_9_Nine_sample_10_20250709_195837.csv,003,9,10,97,3beebabd9c82b0be64cc2609c1e030deb514b2cb9c8aa9847698fcf5f0ee83a8,true
user_003_gesture_9_Nine_sample_1_20250709_195806.csv,datasets/gesture_csv/user_003_gesture_9_Nine_sample_1_20250709_195806.csv,003,9,1,97,5b7a4ec5435ebadd1eecddf4906115086cc9562402134924a1d0631a0477c6b7,true
user_003_gesture_9_Nine_sample_2_20250709_195813.csv,datasets/gesture_csv/user_003_gesture_9_Nine_sample_2_20250709_195813.csv,003,9,2,97,40c880c16cb4530cdf71ca5cac18388b4ab312f3b712535e0284f223ad157adb,true
user_003_gesture_9_Nine_sample_3_20250709_195816.csv,datasets/gesture_csv/user_003_gesture_9_Nine_sample_3_20250709_195816.csv,003,9,3,97,26f48d2cd38edd5d47533282b8a45d10571e955786f601dd1c95706405429e5a,true
user_003_gesture_9_Nine_sample_4_20250709_195819.csv,datasets/gesture_csv/user_003_gesture_9_Nine_sample_4_20250709_195819.csv,003,9,4,97,5c4ac66102efe440541d1848e5ece9ba8e179e7237a18826c5c1125e36625b2e,true
user_003_gesture_9_Nine_sample_5_20250709_195822.csv,datasets/gesture_csv/user_003_gesture_9_Nine_sample_5_20250709_195822.csv,003,9,5,97,cbb718824c5e7ce185806c844a80a9dce8ac80344a9a6279e6265557478bc694,true
user_003_gesture_9_Nine_sample_6_20250709_195825.csv,datasets/gesture_csv/user_003_gesture_9_Nine_sample_6_20250709_195825.csv,003,9,6,97,3a342567a021f9a68f8a70a9dbc1ac6cdda221a9026e97c8117ecc895abcdc76,true
user_003_gesture_9_Nine_sample_7_20250709_195827.csv,datasets/gesture_csv/user_003_gesture_9_Nine_sample_7_20250709_195827.csv,003,9,7,97,80f238a907edd8c0ff11dd5f8c18e23ed0486cb2864fc20be1a5e97afd79e559,true
user_003_gesture_9_Nine_sample_8_20250709_195830.csv,datasets/gesture_csv/user_003_gesture_9_Nine_sample_8_20250709_195830.csv,003,9,8,97,4db18e51224f881c4f3dd876a2f8e4c1d186362a3075f57c0704f75c471dadc7,true
user_003_gesture_9_Nine_sample_9_20250709_195833.csv,datasets/gesture_csv/user_003_gesture_9_Nine_sample_9_20250709_195833.csv,003,9,9,97,cc280b0564f0b6f23eee6125b8ad8a283a1b193d745be4e23821b8fa5bffc3c2,true
user_004_gesture_0_Zero_sample_10_20250721_163105.csv,datasets/gesture_csv/user_004_gesture_0_Zero_sample_10_20250721_163105.csv,004,0,10,97,c1a974638b7995a0c57de125ec594837adf9d6df6b784a939f74fb2f083d05e6,true
user_004_gesture_0_Zero_sample_1_20250721_163014.csv,datasets/gesture_csv/user_004_gesture_0_Zero_sample_1_20250721_163014.csv,004,0,1,97,f3424136a9f9f97a1f2ca875a42d03802bfef0d3a942598d9568a9ee96ef4d50,true
user_004_gesture_0_Zero_sample_2_20250721_163027.csv,datasets/gesture_csv/user_004_gesture_0_Zero_sample_2_20250721_163027.csv,004,0,2,97,964b71dff065653502e495ef3bb303ed310a016e6e67bea6141e5a8f2cb1624c,true
user_004_gesture_0_Zero_sample_3_20250721_163039.csv,datasets/gesture_csv/user_004_gesture_0_Zero_sample_3_20250721_163039.csv,004,0,3,97,3d104e9d9420faa0a7a60c86faf5632ba57bb5e4b14674601bb677e9ba44c9db,true
user_004_gesture_0_Zero_sample_4_20250721_163043.csv,datasets/gesture_csv/user_004_gesture_0_Zero_sample_4_20250721_163043.csv,004,0,4,97,9beab7a21a251f29c04d3754a069101cc0eeefc3482b99abaae3f1f15f1bd4b6,true
user_004_gesture_0_Zero_sample_5_20250721_163047.csv,datasets/gesture_csv/user_004_gesture_0_Zero_sample_5_20250721_163047.csv,004,0,5,97,eed289f222dbc018b8ee8fdb68384757ec4f821ebfc38e55672fe594acbb94fd,true
user_004_gesture_0_Zero_sample_6_20250721_163050.csv,datasets/gesture_csv/user_004_gesture_0_Zero_sample_6_20250721_163050.csv,004,0,6,97,715054845602e0269949290cc9c9a47e6faeafc851793abebbd971d7a280c0c3,true
user_004_gesture_0_Zero_sample_7_20250721_163053.csv,datasets/gesture_csv/user_004_gesture_0_Zero_sample_7_20250721_163053.csv,004,0,7,97,906db65fd271a7edaa67aec0c593f3e508190486a340b4160ba8f3c15e17f8cd,true
user_004_gesture_0_Zero_sample_8_20250721_163056.csv,datasets/gesture_csv/user_004_gesture_0_Zero_sample_8_20250721_163056.csv,004,0,8,97,af0885361f637f8b1bd55523538ed9f94fbbf79433352283905e10db1805a262,true
user_004_gesture_0_Zero_sample_9_20250721_163059.csv,datasets/gesture_csv/user_004_gesture_0_Zero_sample_9_20250721_163059.csv,004,0,9,97,e4eca67e7cf912e8b6d43eb52e3f80a62bb2e9c124379c3d51ed01a0f71b9263,true
user_004_gesture_10_Static_sample_10_20250721_163825.csv,datasets/gesture_csv/user_004_gesture_10_Static_sample_10_20250721_163825.csv,004,10,10,97,26ffccefe20f1d2fb1f70fc953f042a977df0b71de27383aa28d93d314f22174,true
user_004_gesture_10_Static_sample_1_20250721_163748.csv,datasets/gesture_csv/user_004_gesture_10_Static_sample_1_20250721_163748.csv,004,10,1,97,35b9fa7a5d60b6080de200c1f6b3cef2df67d10ae16585c76a1e71f08b2fc114,true
user_004_gesture_10_Static_sample_2_20250721_163751.csv,datasets/gesture_csv/user_004_gesture_10_Static_sample_2_20250721_163751.csv,004,10,2,97,d2461fcdf2e419fd4e7b06faf26436a0ecebe68235364065b7388ad8394d5702,true
user_004_gesture_10_Static_sample_3_20250721_163753.csv,datasets/gesture_csv/user_004_gesture_10_Static_sample_3_20250721_163753.csv,004,10,3,97,e3ac514f998677e5ea48ee855acb3d7a6ed673ebe89ccd89c5c00b17d6c99035,true
user_004_gesture_10_Static_sample_4_20250721_163756.csv,datasets/gesture_csv/user_004_gesture_10_Static_sample_4_20250721_163756.csv,004,10,4,97,08c8b59163ba29625a20c37c19a24e1d2d75fd65e7a6b1838d2e6fb0d121369a,true
user_004_gesture_10_Static_sample_5_20250721_163759.csv,datasets/gesture_csv/user_004_gesture_10_Static_sample_5_20250721_163759.csv,004,10,5,97,2118d55d2165d9da50f4dcc69ad74cc76d0a7e38b5df2e253510f7fdfecb0667,true
user_004_gesture_10_Static_sample_6_20250721_163803.csv,datasets/gesture_csv/user_004_gesture_10_Static_sample_6_20250721_163803.csv,004,10,6,97,6ff69211fd0b4968423ae4ce75e01abd653a03ba76b168e410c05c353560478c,true
user_004_gesture_10_Static_sample_7_20250721_163810.csv,datasets/gesture_csv/user_004_gesture_10_Static_sample_7_20250721_163810.csv,004,10,7,97,73a0c8377ca9ff5489c8ee9dd9e53b8c9ff85dc7370f9eabc0cec794c450adf9,true
user_004_gesture_10_Static_sample_8_20250721_163815.csv,datasets/gesture_csv/user_004_gesture_10_Static_sample_8_20250721_163815.csv,004,10,8,97,24f2ffaa4843d93527805cecfc8a9108401fc8219484ee55b4b44a4c8bfef7bc,true
user_004_gesture_10_Static_sample_9_20250721_163819.csv,datasets/gesture_csv/user_004_gesture_10_Static_sample_9_20250721_163819.csv,004,10,9,97,f925d94d0d3d35c5dcc203b227cb74316f815a80ed39c6ffc37d217858858c24,true
user_004_gesture_1_One_sample_10_20250721_163145.csv,datasets/gesture_csv/user_004_gesture_1_One_sample_10_20250721_163145.csv,004,1,10,97,bca4ffb3434cd7bc2282a14e10afb56e61b2aeee113105acc172208b33f53f0f,true
user_004_gesture_1_One_sample_1_20250721_163116.csv,datasets/gesture_csv/user_004_gesture_1_One_sample_1_20250721_163116.csv,004,1,1,97,0040ba015000effafea0494c8547cd293fb188730f297e10ed09e35585b1a9d5,true
user_004_gesture_1_One_sample_2_20250721_163120.csv,datasets/gesture_csv/user_004_gesture_1_One_sample_2_20250721_163120.csv,004,1,2,97,f199be87b20754c4b04c7418d668b3c481d502561eaff9c9a24662a1a05db047,true
user_004_gesture_1_One_sample_3_20250721_163123.csv,datasets/gesture_csv/user_004_gesture_1_One_sample_3_20250721_163123.csv,004,1,3,97,bed6396a142bbff22bca42ee70d80fa2e1ecbb8ff07043aa563fe9103dbf49ae,true
user_004_gesture_1_One_sample_4_20250721_163126.csv,datasets/gesture_csv/user_004_gesture_1_One_sample_4_20250721_163126.csv,004,1,4,97,5b4cfcb9421d33779ec15f01f1dbdb73ca7cc1b4c28ab8e81109c4889b130870,true
user_004_gesture_1_One_sample_5_20250721_163129.csv,datasets/gesture_csv/user_004_gesture_1_One_sample_5_20250721_163129.csv,004,1,5,97,8b7471c300917156815fcdc15b8b2d978c0f7b3b9787370f650e9746e96a2965,true
user_004_gesture_1_One_sample_6_20250721_163132.csv,datasets/gesture_csv/user_004_gesture_1_One_sample_6_20250721_163132.csv,004,1,6,97,74e76895f3e2fbda2fd57e60ad26ea71be851b37c5249b926d68d465d9e25290,true
user_004_gesture_1_One_sample_7_20250721_163135.csv,datasets/gesture_csv/user_004_gesture_1_One_sample_7_20250721_163135.csv,004,1,7,97,689736bf8b36f9b383450e0af288fb1a5842d5f86b45872eb2f7ac18a20c555b,true
user_004_gesture_1_One_sample_8_20250721_163138.csv,datasets/gesture_csv/user_004_gesture_1_One_sample_8_20250721_163138.csv,004,1,8,97,03a943064f997908c71ef8e3175f45748e4f25f51ef42c2f4f119e0a9b748b76,true
user_004_gesture_1_One_sample_9_20250721_163141.csv,datasets/gesture_csv/user_004_gesture_1_One_sample_9_20250721_163141.csv,004,1,9,97,061c37ba7f44cce35e634876b9236e0b14edab0fb8ddc597bc8330c1a3ea44d2,true
user_004_gesture_2_Two_sample_10_20250721_163227.csv,datasets/gesture_csv/user_004_gesture_2_Two_sample_10_20250721_163227.csv,004,2,10,97,236f25dd1b593ef00a5162ae0fc677ad5fdd36741ebde00cb7da37ea1a90d2cb,true
user_004_gesture_2_Two_sample_1_20250721_163159.csv,datasets/gesture_csv/user_004_gesture_2_Two_sample_1_20250721_163159.csv,004,2,1,97,1d50f2cfc01033e3cf05a69482872e794255efc277735760b6c503a3837a724d,true
user_004_gesture_2_Two_sample_2_20250721_163202.csv,datasets/gesture_csv/user_004_gesture_2_Two_sample_2_20250721_163202.csv,004,2,2,97,b5555da0625e79d0b040359af39028be9dc1ddf8b04a694933f55b130c335be6,true
user_004_gesture_2_Two_sample_3_20250721_163205.csv,datasets/gesture_csv/user_004_gesture_2_Two_sample_3_20250721_163205.csv,004,2,3,97,fec4586fefe1881b36ca3c00dcc5c3503b531df4e1b301c1de0318ad37dd612a,true
user_004_gesture_2_Two_sample_4_20250721_163208.csv,datasets/gesture_csv/user_004_gesture_2_Two_sample_4_20250721_163208.csv,004,2,4,97,fedb153d5e415c03cd7f83aeda5cabf670d54fb9e85da58109d8bdae1d66554e,true
user_004_gesture_2_Two_sample_5_20250721_163211.csv,datasets/gesture_csv/user_004_gesture_2_Two_sample_5_20250721_163211.csv,004,2,5,97,499f77fde68c1537fe7e5de815fe146021c1a95393b43c511752e63ba7862ee3,true
user_004_gesture_2_Two_sample_6_20250721_163214.csv,datasets/gesture_csv/user_004_gesture_2_Two_sample_6_20250721_163214.csv,004,2,6,97,3bd792eb17294d4498442a1f3f03b72bba9ae713079ffd0514e62a97adfe82d1,true
user_004_gesture_2_Two_sample_7_20250721_163217.csv,datasets/gesture_csv/user_004_gesture_2_Two_sample_7_20250721_163217.csv,004,2,7,97,1f6d9669c2cf3b5413c87c05b5403599eac62d87bfe45534334afcaef1548d2b,true
user_004_gesture_2_Two_sample_8_20250721_163221.csv,datasets/gesture_csv/user_004_gesture_2_Two_sample_8_20250721_163221.csv,004,2,8,97,a551a452b2d78d0dc85c7a00c5efa402ca740404cd7c5d2f2ef49cafc6a84cb2,true
user_004_gesture_2_Two_sample_9_20250721_163224.csv,datasets/gesture_csv/user_004_gesture_2_Two_sample_9_20250721_163224.csv,004,2,9,97,1438628b33ec8dda5383741754e5c12129568f9023c7033b0117bd1ec6e900a0,true
user_004_gesture_3_Three_sample_10_20250721_163313.csv,datasets/gesture_csv/user_004_gesture_3_Three_sample_10_20250721_163313.csv,004,3,10,97,a26168d566cca3264e39b194cc35078b9c0ff39734c6ecce4e722448c1ece43d,true
user_004_gesture_3_Three_sample_1_20250721_163247.csv,datasets/gesture_csv/user_004_gesture_3_Three_sample_1_20250721_163247.csv,004,3,1,97,f92eba8ce8e9cae7e6cb033c19220b961815070eac6aeddfbe75e8e88debec70,true
user_004_gesture_3_Three_sample_2_20250721_163250.csv,datasets/gesture_csv/user_004_gesture_3_Three_sample_2_20250721_163250.csv,004,3,2,97,bc6b43d5f2dd77fa846622802db4fc699501b5c212caec04ab3dd6cf1a3c0576,true
user_004_gesture_3_Three_sample_3_20250721_163253.csv,datasets/gesture_csv/user_004_gesture_3_Three_sample_3_20250721_163253.csv,004,3,3,97,9a5a8ac33fdfe25422c9af16d82331089d9913550d141be577a9dcce9200def4,true
user_004_gesture_3_Three_sample_4_20250721_163256.csv,datasets/gesture_csv/user_004_gesture_3_Three_sample_4_20250721_163256.csv,004,3,4,97,e51468b17e32ce1059253063773a1fde0e2e494ed0dbe2685d327e9c7a065048,true
user_004_gesture_3_Three_sample_5_20250721_163259.csv,datasets/gesture_csv/user_004_gesture_3_Three_sample_5_20250721_163259.csv,004,3,5,97,cd2bf5547f9c7950950d328f53e4964caa7e557beab9cd5a452e1016364629b1,true
user_004_gesture_3_Three_sample_6_20250721_163301.csv,datasets/gesture_csv/user_004_gesture_3_Three_sample_6_20250721_163301.csv,004,3,6,97,8e4c34afb4d39c00c85c0d12060a3d0d2d0dbac412399723d3009ab442a29de9,true
user_004_gesture_3_Three_sample_7_20250721_163304.csv,datasets/gesture_csv/user_004_gesture_3_Three_sample_7_20250721_163304.csv,004,3,7,97,96462cc05281a9b5a842c80e1c7b5ddac170ef196c43341828c5258268819abc,true
user_004_gesture_3_Three_sample_8_20250721_163307.csv,datasets/gesture_csv/user_004_gesture_3_Three_sample_8_20250721_163307.csv,004,3,8,97,834ec4e3eda8e507fa9c43cbc14a25077acc668ac2fd9d8dbb221c74c84b8fe5,true
user_004_gesture_3_Three_sample_9_20250721_163310.csv,datasets/gesture_csv/user_004_gesture_3_Three_sample_9_20250721_163310.csv,004,3,9,97,1eb26d0ec1fb2cf4f2e89dcb80544b3bb9c5e1ff552566e59872ab1388604713,true
user_004_gesture_4_Four_sample_10_20250721_163352.csv,datasets/gesture_csv/user_004_gesture_4_Four_sample_10_20250721_163352.csv,004,4,10,97,f7514499b28bde511c2d955e5588a944531d9e50edfd626ece52fdf8b2cbc349,true
user_004_gesture_4_Four_sample_1_20250721_163321.csv,datasets/gesture_csv/user_004_gesture_4_Four_sample_1_20250721_163321.csv,004,4,1,97,6def321ee2b2dd7c640d17c126b9d909faf8a59416c33b4292e9e2b21445c02f,true
user_004_gesture_4_Four_sample_2_20250721_163324.csv,datasets/gesture_csv/user_004_gesture_4_Four_sample_2_20250721_163324.csv,004,4,2,97,8a62badbf07a2acb22f5f540d776891ab13e621d19d1e9bad128917a491fc927,true
user_004_gesture_4_Four_sample_3_20250721_163327.csv,datasets/gesture_csv/user_004_gesture_4_Four_sample_3_20250721_163327.csv,004,4,3,97,61cfdc39e9e5b3ecedbd7d8cc8a543584dcd3e28ec0ce34fa51257ffe7130b7d,true
user_004_gesture_4_Four_sample_4_20250721_163330.csv,datasets/gesture_csv/user_004_gesture_4_Four_sample_4_20250721_163330.csv,004,4,4,97,3646635a32bbee7cbec229e3c71ea757f9485e687b752a85343177c52adee9e9,true
user_004_gesture_4_Four_sample_5_20250721_163333.csv,datasets/gesture_csv/user_004_gesture_4_Four_sample_5_20250721_163333.csv,004,4,5,97,e6376b393ca3b8c00665c5ea3c1a2d369fe6814b508f7d8fd8a3feee263375d6,true
user_004_gesture_4_Four_sample_6_20250721_163336.csv,datasets/gesture_csv/user_004_gesture_4_Four_sample_6_20250721_163336.csv,004,4,6,97,1a056b6df2b516747f49d66ed7874cfdeeb89b13b46da5413b190ba2d8b64067,true
user_004_gesture_4_Four_sample_7_20250721_163343.csv,datasets/gesture_csv/user_004_gesture_4_Four_sample_7_20250721_163343.csv,004,4,7,97,983dfa00316825d60c2a8794a0bae87b6be63ae51dcac576421b6ea4f6e6382e,true
user_004_gesture_4_Four_sample_8_20250721_163346.csv,datasets/gesture_csv/user_004_gesture_4_Four_sample_8_20250721_163346.csv,004,4,8,97,49a3c61b200bb64d18fd36f15d1d0607a2bc0634dd1633e448bc0c45135530cd,true
user_004_gesture_4_Four_sample_9_20250721_163349.csv,datasets/gesture_csv/user_004_gesture_4_Four_sample_9_20250721_163349.csv,004,4,9,97,f98f33be1e211b39a7251609e4f92995b18df0feafef7237c72c02d2042dc941,true
user_004_gesture_5_Five_sample_10_20250721_163436.csv,datasets/gesture_csv/user_004_gesture_5_Five_sample_10_20250721_163436.csv,004,5,10,97,06c7b9d500bbb7d928c8ceb4b6f729b2f996c8d307d664375efaf0be3ef92e63,true
user_004_gesture_5_Five_sample_1_20250721_163406.csv,datasets/gesture_csv/user_004_gesture_5_Five_sample_1_20250721_163406.csv,004,5,1,97,9e798ccd5b823f930abc8a1c77faf047c64cd113d64dff70d402e0a194476a7a,true
user_004_gesture_5_Five_sample_2_20250721_163409.csv,datasets/gesture_csv/user_004_gesture_5_Five_sample_2_20250721_163409.csv,004,5,2,97,3146a6357d1c2858e78122adf63ef93b2730bdac7f9aab5cc951279042c88d89,true
user_004_gesture_5_Five_sample_3_20250721_163412.csv,datasets/gesture_csv/user_004_gesture_5_Five_sample_3_20250721_163412.csv,004,5,3,97,7348bfeccca02910517e2efe4d25abfbbdfd548abbb766a9af890a674f990256,true
user_004_gesture_5_Five_sample_4_20250721_163415.csv,datasets/gesture_csv/user_004_gesture_5_Five_sample_4_20250721_163415.csv,004,5,4,97,c7d202a501226317b727a2e25fd726799834c3c966c5d9ec7a7539c47ad97d47,true
user_004_gesture_5_Five_sample_5_20250721_163418.csv,datasets/gesture_csv/user_004_gesture_5_Five_sample_5_20250721_163418.csv,004,5,5,97,fa9806ccafa66f8d43d367bfaedc109e4d18e8f52ba2057bf3682989187acce3,true
user_004_gesture_5_Five_sample_6_20250721_163422.csv,datasets/gesture_csv/user_004_gesture_5_Five_sample_6_20250721_163422.csv,004,5,6,97,fa7fa91d0f5b292a8eaa0d9b278466e6170a84bc5af50ac2a7ac1e2d10cb00e1,true
user_004_gesture_5_Five_sample_7_20250721_163427.csv,datasets/gesture_csv/user_004_gesture_5_Five_sample_7_20250721_163427.csv,004,5,7,97,a48d33d8f008699077dea2f7eba4ed4a5178d08eff2a9eb3faadd8f533d5944d,true
user_004_gesture_5_Five_sample_8_20250721_163430.csv,datasets/gesture_csv/user_004_gesture_5_Five_sample_8_20250721_163430.csv,004,5,8,97,56a6f4dd852921378d3a936fd799d31f22320b02a3bade3c76bb0f4278a737ff,true
user_004_gesture_5_Five_sample_9_20250721_163433.csv,datasets/gesture_csv/user_004_gesture_5_Five_sample_9_20250721_163433.csv,004,5,9,97,10aeb1fbcd93a11850cff7848a35e5593b1e450480771b579e57d9bd84674375,true
user_004_gesture_6_Six_sample_10_20250721_163538.csv,datasets/gesture_csv/user_004_gesture_6_Six_sample_10_20250721_163538.csv,004,6,10,97,c192fe6c14679305c5060c4bf0fe17d06a0fea0912195d836f1476a55ced9840,true
user_004_gesture_6_Six_sample_1_20250721_163507.csv,datasets/gesture_csv/user_004_gesture_6_Six_sample_1_20250721_163507.csv,004,6,1,97,43228279098e8fca78e139461c2d46cc8c63cd63d4613794bd37a0201b76b484,true
user_004_gesture_6_Six_sample_2_20250721_163510.csv,datasets/gesture_csv/user_004_gesture_6_Six_sample_2_20250721_163510.csv,004,6,2,96,c70848845fb785387600327052466d6981d9b598bbca170a26187407a85010d1,true
user_004_gesture_6_Six_sample_3_20250721_163513.csv,datasets/gesture_csv/user_004_gesture_6_Six_sample_3_20250721_163513.csv,004,6,3,97,00a1b59cfaaea62e83497832c147425c9dfc5482c8bf59aa7c4426fbc457551e,true
user_004_gesture_6_Six_sample_4_20250721_163516.csv,datasets/gesture_csv/user_004_gesture_6_Six_sample_4_20250721_163516.csv,004,6,4,97,cc56397bf8bc0aa869eac6091b9b54d2c99f0f1f3593df97422ca056a8d8fb3e,true
user_004_gesture_6_Six_sample_5_20250721_163519.csv,datasets/gesture_csv/user_004_gesture_6_Six_sample_5_20250721_163519.csv,004,6,5,97,27f4bb79b0770d1cc6629508e8a40629a2254e1b13deec5a4afe70ed882c2e12,true
user_004_gesture_6_Six_sample_6_20250721_163522.csv,datasets/gesture_csv/user_004_gesture_6_Six_sample_6_20250721_163522.csv,004,6,6,97,6009946c086a8f9d9112e74daf1c4eb7218b8c69e2d8d20adcb0704c3a630478,true
user_004_gesture_6_Six_sample_7_20250721_163526.csv,datasets/gesture_csv/user_004_gesture_6_Six_sample_7_20250721_163526.csv,004,6,7,97,e865d483283a62ab999d4e14ff1cf2df8eaf34ce9bf1ba41c975804ba1bfc797,true
user_004_gesture_6_Six_sample_8_20250721_163529.csv,datasets/gesture_csv/user_004_gesture_6_Six_sample_8_20250721_163529.csv,004,6,8,96,4af2e06b4484b4217007a3c1d08418280d5142f5683f3fadd843ec78873d1731,true
user_004_gesture_6_Six_sample_9_20250721_163533.csv,datasets/gesture_csv/user_004_gesture_6_Six_sample_9_20250721_163533.csv,004,6,9,97,141500512d514c7df29615dbbac6a555c2fd73109914adf7855e48336eb96def,true
user_004_gesture_7_Seven_sample_10_20250721_163617.csv,datasets/gesture_csv/user_004_gesture_7_Seven_sample_10_20250721_163617.csv,004,7,10,97,9444023414759140914c86fc2d9880f57dd8529e98f84fa98030e862c99091c7,true
user_004_gesture_7_Seven_sample_1_20250721_163547.csv,datasets/gesture_csv/user_004_gesture_7_Seven_sample_1_20250721_163547.csv,004,7,1,97,0339a20b0340d95e2b63ad2b57538fe3807b888f9d9d4dd8055df30744f9abf3,true
user_004_gesture_7_Seven_sample_2_20250721_163552.csv,datasets/gesture_csv/user_004_gesture_7_Seven_sample_2_20250721_163552.csv,004,7,2,97,c43a7781ea26a6ced2010af32324a7bc5b71f87826991ca87649cbc1e3b0537f,true
user_004_gesture_7_Seven_sample_3_20250721_163555.csv,datasets/gesture_csv/user_004_gesture_7_Seven_sample_3_20250721_163555.csv,004,7,3,97,c52c8218daaeaec4149d6216c67091187f5456315cb147e2f2b7775faa059ae0,true
user_004_gesture_7_Seven_sample_4_20250721_163600.csv,datasets/gesture_csv/user_004_gesture_7_Seven_sample_4_20250721_163600.csv,004,7,4,97,919fe8f5bbf0df1939154cab1e164336948537476799894b4892446297bcb77b,true
user_004_gesture_7_Seven_sample_5_20250721_163602.csv,datasets/gesture_csv/user_004_gesture_7_Seven_sample_5_20250721_163602.csv,004,7,5,97,2cc1515c753f0495d678329cf30f273fcf7d6fef391f2e957ccc2da5bb52282e,true
user_004_gesture_7_Seven_sample_6_20250721_163605.csv,datasets/gesture_csv/user_004_gesture_7_Seven_sample_6_20250721_163605.csv,004,7,6,97,3daecc5fdefe548a72688df1f55c43aef84813b2d9d0580637d2e00b97a92e86,true
user_004_gesture_7_Seven_sample_7_20250721_163608.csv,datasets/gesture_csv/user_004_gesture_7_Seven_sample_7_20250721_163608.csv,004,7,7,97,7477653c606b895ad4a4d3125ebf6bee6a40e6ffc16f4f8a41e188d7e3ffb651,true
user_004_gesture_7_Seven_sample_8_20250721_163611.csv,datasets/gesture_csv/user_004_gesture_7_Seven_sample_8_20250721_163611.csv,004,7,8,97,0ccea0ab5d6a227ba00d448dd791854289ce62cac5b275b81e93776a45dd4a5c,true
user_004_gesture_7_Seven_sample_9_20250721_163614.csv,datasets/gesture_csv/user_004_gesture_7_Seven_sample_9_20250721_163614.csv,004,7,9,97,8bfe1fdb2ec7a41d55d6c4572a42d5b2dc2e4d69dffa9bb2eddda65298ba8ce4,true
user_004_gesture_8_Eight_sample_10_20250721_163656.csv,datasets/gesture_csv/user_004_gesture_8_Eight_sample_10_20250721_163656.csv,004,8,10,97,e338643b54d0890bc0892bc38ca8ea3774d17dfce3d52e744a7a7d3ec0987fa5,true
user_004_gesture_8_Eight_sample_1_20250721_163629.csv,datasets/gesture_csv/user_004_gesture_8_Eight_sample_1_20250721_163629.csv,004,8,1,97,3f94e17960d2562ab2fdf98c0d774305c17ed8852be36370268e5044f4e1cbf9,true
user_004_gesture_8_Eight_sample_2_20250721_163632.csv,datasets/gesture_csv/user_004_gesture_8_Eight_sample_2_20250721_163632.csv,004,8,2,97,2aec648ec69c044d0f3d623c5223cb06ac8ec8dd46c823f4b24777880b35233b,true
user_004_gesture_8_Eight_sample_3_20250721_163635.csv,datasets/gesture_csv/user_004_gesture_8_Eight_sample_3_20250721_163635.csv,004,8,3,97,93c2dbaba252bcc0afac21e638d46718b2aac77b2351f42ed21b7b61a7f525e1,true
user_004_gesture_8_Eight_sample_4_20250721_163638.csv,datasets/gesture_csv/user_004_gesture_8_Eight_sample_4_20250721_163638.csv,004,8,4,97,6f37ae724ba0354a41c989661d7f6c56e0516e0d73ae00a32e8cd99054d178a8,true
user_004_gesture_8_Eight_sample_5_20250721_163642.csv,datasets/gesture_csv/user_004_gesture_8_Eight_sample_5_20250721_163642.csv,004,8,5,97,323eb865ecb18375176c221daaa1585c325fe1493870b4726ce4f214d6d92fae,true
user_004_gesture_8_Eight_sample_6_20250721_163645.csv,datasets/gesture_csv/user_004_gesture_8_Eight_sample_6_20250721_163645.csv,004,8,6,97,317ead6c3d3935ff767e25e14b6a084b73a364ca47fa24b03f0eca8a7e5180a6,true
user_004_gesture_8_Eight_sample_7_20250721_163647.csv,datasets/gesture_csv/user_004_gesture_8_Eight_sample_7_20250721_163647.csv,004,8,7,97,25c5069e1fbf3bbefea00d7a1310d64c8c9ec6929b12008c35e3693f8111ad2c,true
user_004_gesture_8_Eight_sample_8_20250721_163650.csv,datasets/gesture_csv/user_004_gesture_8_Eight_sample_8_20250721_163650.csv,004,8,8,97,d1a23f334c6a1f5cad94d7b32c138fd93e9d47f6044bf93edf3fb24c099ab269,true
user_004_gesture_8_Eight_sample_9_20250721_163653.csv,datasets/gesture_csv/user_004_gesture_8_Eight_sample_9_20250721_163653.csv,004,8,9,97,54ea245fd9e4e3fb83866159f396ad6c4b1658ef0c2c89915246f0a571924037,true
user_004_gesture_9_Nine_sample_10_20250721_163741.csv,datasets/gesture_csv/user_004_gesture_9_Nine_sample_10_20250721_163741.csv,004,9,10,97,c49ee31c2d45de380ca0e060963f89bdcc86abb7b0b48622f1ceec863421f97e,true
user_004_gesture_9_Nine_sample_1_20250721_163714.csv,datasets/gesture_csv/user_004_gesture_9_Nine_sample_1_20250721_163714.csv,004,9,1,97,a8db119bb73c0b2dc4616f2c5f241936e278a64f1bc9ac1ae19e23433689b4d4,true
user_004_gesture_9_Nine_sample_2_20250721_163717.csv,datasets/gesture_csv/user_004_gesture_9_Nine_sample_2_20250721_163717.csv,004,9,2,97,a6dadcbd067839f1d927d9f342c5cff23afb56a6a98fb528e5632b2ee9c84453,true
user_004_gesture_9_Nine_sample_3_20250721_163720.csv,datasets/gesture_csv/user_004_gesture_9_Nine_sample_3_20250721_163720.csv,004,9,3,97,453b1a75c97b02fffb37ff7d5866ab196c582bb1a3eb0b7a398d7f7465cb1aa5,true
user_004_gesture_9_Nine_sample_4_20250721_163723.csv,datasets/gesture_csv/user_004_gesture_9_Nine_sample_4_20250721_163723.csv,004,9,4,97,c3f5c51ce359227afd712f932cc907c48bb33c31bbc3045768d4fef167af313d,true
user_004_gesture_9_Nine_sample_5_20250721_163726.csv,datasets/gesture_csv/user_004_gesture_9_Nine_sample_5_20250721_163726.csv,004,9,5,97,691a01ed2ddf23ee97e44f0b833d1aac5bae7034c5f820faeccfb5e21bf05af9,true
user_004_gesture_9_Nine_sample_6_20250721_163729.csv,datasets/gesture_csv/user_004_gesture_9_Nine_sample_6_20250721_163729.csv,004,9,6,97,f64feb972be2a02c6bf052b20c42ed97ad487c4c93d9b79688d5b31fe729dc96,true
user_004_gesture_9_Nine_sample_7_20250721_163732.csv,datasets/gesture_csv/user_004_gesture_9_Nine_sample_7_20250721_163732.csv,004,9,7,97,1fe77dac09447da7e9328d9ce6b0847ec6b47db9ee1fb9045684d717af77a8ba,true
user_004_gesture_9_Nine_sample_8_20250721_163735.csv,datasets/gesture_csv/user_004_gesture_9_Nine_sample_8_20250721_163735.csv,004,9,8,97,ac39924ea4e2773e8104da77e6563c4521ac6e851a22d5c18cdb2a86deb33709,true
user_004_gesture_9_Nine_sample_9_20250721_163738.csv,datasets/gesture_csv/user_004_gesture_9_Nine_sample_9_20250721_163738.csv,004,9,9,97,58947d35bbbf340e85ef57f84a736eef4f7477dbd6679ad1360849401067a10a,true
user_005_gesture_0_Zero_sample_10_20250722_181411.csv,datasets/gesture_csv/user_005_gesture_0_Zero_sample_10_20250722_181411.csv,005,0,10,97,ffaac40a01fec728e51b2c9e0756dca24c75efbb601caf313c4a7853a8938d91,true
user_005_gesture_0_Zero_sample_1_20250722_181342.csv,datasets/gesture_csv/user_005_gesture_0_Zero_sample_1_20250722_181342.csv,005,0,1,96,c0bdf00f1e05b2e73aad1f128e2c129904877522f450874ac879219696b55188,true
user_005_gesture_0_Zero_sample_2_20250722_181345.csv,datasets/gesture_csv/user_005_gesture_0_Zero_sample_2_20250722_181345.csv,005,0,2,97,74d4e096d1bcc8558cf94a3a692ce626e1ea35ec5e03cf260faddf832aa4317f,true
user_005_gesture_0_Zero_sample_3_20250722_181348.csv,datasets/gesture_csv/user_005_gesture_0_Zero_sample_3_20250722_181348.csv,005,0,3,97,26a1cc58228f10a11bb0c1beb45e592f0138e5ca562eeda0520765d73c1addf5,true
user_005_gesture_0_Zero_sample_4_20250722_181351.csv,datasets/gesture_csv/user_005_gesture_0_Zero_sample_4_20250722_181351.csv,005,0,4,97,f1262261becc3032832f5af71779b88f731182be9b3ef0f5a9d6a5cbe59d2a6e,true
user_005_gesture_0_Zero_sample_5_20250722_181354.csv,datasets/gesture_csv/user_005_gesture_0_Zero_sample_5_20250722_181354.csv,005,0,5,97,f259d692503c0953f478f57ecd935e114b8682ccaed03e9e8d070e1d3d866062,true
user_005_gesture_0_Zero_sample_6_20250722_181357.csv,datasets/gesture_csv/user_005_gesture_0_Zero_sample_6_20250722_181357.csv,005,0,6,97,1ffc1a473e700f00018770286b4dbfd9958a68f587736ee8a3c482e834b81c12,true
user_005_gesture_0_Zero_sample_7_20250722_181400.csv,datasets/gesture_csv/user_005_gesture_0_Zero_sample_7_20250722_181400.csv,005,0,7,97,4f72caeaa97d850af129169cb058e709cf83727970c39e36b999daf9339f6140,true
user_005_gesture_0_Zero_sample_8_20250722_181403.csv,datasets/gesture_csv/user_005_gesture_0_Zero_sample_8_20250722_181403.csv,005,0,8,97,3c6ffb14911d9774d805dcec932c1bea5fb8b87c3d2119610dcdcc54f90993b8,true
user_005_gesture_0_Zero_sample_9_20250722_181407.csv,datasets/gesture_csv/user_005_gesture_0_Zero_sample_9_20250722_181407.csv,005,0,9,97,73a146b87bbd52f1f1ff5ed58b73a0acf205361c3937d375ca1acdbebea46bc7,true
user_005_gesture_10_Static_sample_10_20250722_182015.csv,datasets/gesture_csv/user_005_gesture_10_Static_sample_10_20250722_182015.csv,005,10,10,97,c1d9ede80b89518185eed5fcdc20def6a2b46d0c64775bd39c42a94d32accb76,true
user_005_gesture_10_Static_sample_1_20250722_181953.csv,datasets/gesture_csv/user_005_gesture_10_Static_sample_1_20250722_181953.csv,005,10,1,97,01d18952938181638336c6ce54f14bd4bd5d2bef5ec123600a520a67ae121f2c,true
user_005_gesture_10_Static_sample_2_20250722_181956.csv,datasets/gesture_csv/user_005_gesture_10_Static_sample_2_20250722_181956.csv,005,10,2,97,9590aee192bd4c93f15fcb0295d642f152ca45b65add30477d4e895b41933fea,true
user_005_gesture_10_Static_sample_3_20250722_181958.csv,datasets/gesture_csv/user_005_gesture_10_Static_sample_3_20250722_181958.csv,005,10,3,97,5232492bc54b31e0e1257298eef2d697c512c9e2f3edd875b72574970e98404e,true
user_005_gesture_10_Static_sample_4_20250722_182000.csv,datasets/gesture_csv/user_005_gesture_10_Static_sample_4_20250722_182000.csv,005,10,4,97,faf1694443becb60a083bb128cb5da0d10c4c1edcee3d9b731125e90add503a6,true
user_005_gesture_10_Static_sample_5_20250722_182003.csv,datasets/gesture_csv/user_005_gesture_10_Static_sample_5_20250722_182003.csv,005,10,5,97,af8d9c06e47d33fdbe52da2941ca27322c67cf444847a8ad0177541f4503884d,true
user_005_gesture_10_Static_sample_6_20250722_182005.csv,datasets/gesture_csv/user_005_gesture_10_Static_sample_6_20250722_182005.csv,005,10,6,97,36d8b32daaab6900311976e8f50c394b31322f87ca7567c8c26ef0d45d24f907,true
user_005_gesture_10_Static_sample_7_20250722_182008.csv,datasets/gesture_csv/user_005_gesture_10_Static_sample_7_20250722_182008.csv,005,10,7,97,667659ce2ef7861c9e11e4c715c667bbcd2b1de0edff64192a9c805e7d5233b2,true
user_005_gesture_10_Static_sample_8_20250722_182011.csv,datasets/gesture_csv/user_005_gesture_10_Static_sample_8_20250722_182011.csv,005,10,8,97,e4d3182eaf3afa9e6cbf542ed9d014c867d150838ef89bb816df7b88dc59643a,true
user_005_gesture_10_Static_sample_9_20250722_182013.csv,datasets/gesture_csv/user_005_gesture_10_Static_sample_9_20250722_182013.csv,005,10,9,97,da164723d228a7c6f9d649d4a7de34857b48abcb28de8fda2a4fc8c65b1076a5,true
user_005_gesture_1_One_sample_10_20250722_181443.csv,datasets/gesture_csv/user_005_gesture_1_One_sample_10_20250722_181443.csv,005,1,10,97,b88f6f1c15dd9833deffab6a74ca4f1306b65b9d19dc30ffb27ebadde835e510,true
user_005_gesture_1_One_sample_1_20250722_181416.csv,datasets/gesture_csv/user_005_gesture_1_One_sample_1_20250722_181416.csv,005,1,1,97,efd0d391c8ada579bf0e244ab18c029c6b8169184ab6d3914be83213ddd0ae8c,true
user_005_gesture_1_One_sample_2_20250722_181419.csv,datasets/gesture_csv/user_005_gesture_1_One_sample_2_20250722_181419.csv,005,1,2,97,3e5419e335f6baf5d9d8429284e5d23e989a1940da436dd95c1fe40da6432fce,true
user_005_gesture_1_One_sample_3_20250722_181422.csv,datasets/gesture_csv/user_005_gesture_1_One_sample_3_20250722_181422.csv,005,1,3,97,2504b4bbeaeb60291d24a6e4e720abfde78635fc7b86854b3b8de9accc7c1c39,true
user_005_gesture_1_One_sample_4_20250722_181425.csv,datasets/gesture_csv/user_005_gesture_1_One_sample_4_20250722_181425.csv,005,1,4,96,248453487251ef829b891c4cf2d7e96cd4c4d4d9993cc84f17facc3b25f13629,true
user_005_gesture_1_One_sample_5_20250722_181428.csv,datasets/gesture_csv/user_005_gesture_1_One_sample_5_20250722_181428.csv,005,1,5,96,a213643d2105036f68014e534e30bddb7fb75aa9b2e23ac3eda31a9e1d295b77,true
user_005_gesture_1_One_sample_6_20250722_181431.csv,datasets/gesture_csv/user_005_gesture_1_One_sample_6_20250722_181431.csv,005,1,6,97,6a850f2ac1ac7ab9f8569e3f1d6d8fdf6df794745dc7c4b99328fd97e4ee32d3,true
user_005_gesture_1_One_sample_7_20250722_181434.csv,datasets/gesture_csv/user_005_gesture_1_One_sample_7_20250722_181434.csv,005,1,7,97,c5ff2166fcd22efac7cffdc1a8ab073c2653e9056c7e4538751cebf0cb26087a,true
user_005_gesture_1_One_sample_8_20250722_181437.csv,datasets/gesture_csv/user_005_gesture_1_One_sample_8_20250722_181437.csv,005,1,8,97,332f6ef9d3500767e063880aba58bfbda123ee4f80d305e6a949a3fcf9576f59,true
user_005_gesture_1_One_sample_9_20250722_181440.csv,datasets/gesture_csv/user_005_gesture_1_One_sample_9_20250722_181440.csv,005,1,9,97,564a90a04313c2927663af7bb919ba986216ec28cd6bf99fd0e361ebbb5cc2e7,true
user_005_gesture_2_Two_sample_10_20250722_181523.csv,datasets/gesture_csv/user_005_gesture_2_Two_sample_10_20250722_181523.csv,005,2,10,97,aa5386e5ea98e78dd695b2b9632554fba509cda69a089fe0891a10c3403b36ed,true
user_005_gesture_2_Two_sample_1_20250722_181449.csv,datasets/gesture_csv/user_005_gesture_2_Two_sample_1_20250722_181449.csv,005,2,1,97,ec5a90c50dc95682c65ff1769ac93427cd40ca42a24cef63b4a939ed45b63f8f,true
user_005_gesture_2_Two_sample_2_20250722_181453.csv,datasets/gesture_csv/user_005_gesture_2_Two_sample_2_20250722_181453.csv,005,2,2,97,a50e0f8ca836dd091e1fb057f04ef5889d13806a6c782a8d4eee16708d765390,true
user_005_gesture_2_Two_sample_3_20250722_181456.csv,datasets/gesture_csv/user_005_gesture_2_Two_sample_3_20250722_181456.csv,005,2,3,97,0e4ecaf1c53af4b388bab15fd3ec667527420d644122d2aea8d755f2cab0ae65,true
user_005_gesture_2_Two_sample_4_20250722_181459.csv,datasets/gesture_csv/user_005_gesture_2_Two_sample_4_20250722_181459.csv,005,2,4,97,aa2fd6070791a564ce2f3ba64af7a2bbfd868522a583346a7c22e63ca95e2069,true
user_005_gesture_2_Two_sample_5_20250722_181502.csv,datasets/gesture_csv/user_005_gesture_2_Two_sample_5_20250722_181502.csv,005,2,5,97,a816e92811dd3e2f3a61f4ecb17051c75752889e0663b4a121b2303cb6cc765b,true
user_005_gesture_2_Two_sample_6_20250722_181505.csv,datasets/gesture_csv/user_005_gesture_2_Two_sample_6_20250722_181505.csv,005,2,6,97,b1409440b5d76529de11c6c3a3472a47d39bd975bba0c440bafa6119769cc1da,true
user_005_gesture_2_Two_sample_7_20250722_181513.csv,datasets/gesture_csv/user_005_gesture_2_Two_sample_7_20250722_181513.csv,005,2,7,97,70f4c06369af20cf993c6988e0ea24fe0b9557e6691bde1863862701df1b6157,true
user_005_gesture_2_Two_sample_8_20250722_181516.csv,datasets/gesture_csv/user_005_gesture_2_Two_sample_8_20250722_181516.csv,005,2,8,97,aedf208240a3e0f605dbf9c14c60692c3b70d9605c4d746611a70848d19b3c0e,true
user_005_gesture_2_Two_sample_9_20250722_181519.csv,datasets/gesture_csv/user_005_gesture_2_Two_sample_9_20250722_181519.csv,005,2,9,97,7ae25f3de09c9a64618e5c0f555069da6e19ea55bac1dc9f0476c8c39bf41841,true
user_005_gesture_3_Three_sample_10_20250722_181609.csv,datasets/gesture_csv/user_005_gesture_3_Three_sample_10_20250722_181609.csv,005,3,10,97,ff69ac5937c01dd6ba874018129554e437b329a0fa7b14192760ba9344508890,true
user_005_gesture_3_Three_sample_1_20250722_181536.csv,datasets/gesture_csv/user_005_gesture_3_Three_sample_1_20250722_181536.csv,005,3,1,97,09efd8d7f020c3a4a7f5d08c8865edc2c03a7809f8965cbf8ad9960b588f60df,true
user_005_gesture_3_Three_sample_2_20250722_181539.csv,datasets/gesture_csv/user_005_gesture_3_Three_sample_2_20250722_181539.csv,005,3,2,97,66a376bc43ecb11fdf99779ec1cf3edafaa37abe4d855fe8f7f6155699b7ad70,true
user_005_gesture_3_Three_sample_3_20250722_181543.csv,datasets/gesture_csv/user_005_gesture_3_Three_sample_3_20250722_181543.csv,005,3,3,97,a80f811519a1d990e80593bf3167c55b11c2e70545894ae7d6384d48d860b3ca,true
user_005_gesture_3_Three_sample_4_20250722_181546.csv,datasets/gesture_csv/user_005_gesture_3_Three_sample_4_20250722_181546.csv,005,3,4,97,bbb34eb015e34ded7421755f9b8d9c6fd3a5326909eec87f23d22fa0efe7cd01,true
user_005_gesture_3_Three_sample_5_20250722_181552.csv,datasets/gesture_csv/user_005_gesture_3_Three_sample_5_20250722_181552.csv,005,3,5,97,e1fb1d8213e7357eedee62637dfc673702b4e139bf0e7c798ecdbedf3176c28a,true
user_005_gesture_3_Three_sample_6_20250722_181555.csv,datasets/gesture_csv/user_005_gesture_3_Three_sample_6_20250722_181555.csv,005,3,6,97,2407446e632560165bbac654c90ffc2faaae5f8e9b80da47aac22243c7b6bfa9,true
user_005_gesture_3_Three_sample_7_20250722_181559.csv,datasets/gesture_csv/user_005_gesture_3_Three_sample_7_20250722_181559.csv,005,3,7,97,c62c3ad61bf428f5f9cd37bebd8ecb86c0cf66b2e43362d89d882d26391b49ee,true
user_005_gesture_3_Three_sample_8_20250722_181602.csv,datasets/gesture_csv/user_005_gesture_3_Three_sample_8_20250722_181602.csv,005,3,8,97,4900ae92631c9fc2ee1aafe9380e497db689608762d7b86f78c6fb199c17d606,true
user_005_gesture_3_Three_sample_9_20250722_181606.csv,datasets/gesture_csv/user_005_gesture_3_Three_sample_9_20250722_181606.csv,005,3,9,97,e022e4ab2113eb2462a0ab567dfd718da343b94a6ed32ed5628f68345505c354,true
user_005_gesture_4_Four_sample_10_20250722_181641.csv,datasets/gesture_csv/user_005_gesture_4_Four_sample_10_20250722_181641.csv,005,4,10,97,16e0a40cb20e787f3e2445c95f987b1a78d827f69c81998769fdc1d6c7831d65,true
user_005_gesture_4_Four_sample_1_20250722_181614.csv,datasets/gesture_csv/user_005_gesture_4_Four_sample_1_20250722_181614.csv,005,4,1,97,bfa0b190512412ffdc61f582eb0ea27d2c7b30b016ea55232c994dc575b5d676,true
user_005_gesture_4_Four_sample_2_20250722_181617.csv,datasets/gesture_csv/user_005_gesture_4_Four_sample_2_20250722_181617.csv,005,4,2,97,fff2883ba3969791383bc8c4b87cb9f1244a062a4c1605d1016598856d54de7b,true
user_005_gesture_4_Four_sample_3_20250722_181620.csv,datasets/gesture_csv/user_005_gesture_4_Four_sample_3_20250722_181620.csv,005,4,3,97,49798166c464dbc98f21618e6ce085ec51fc5bd792dc79264e654bd5115d161d,true
user_005_gesture_4_Four_sample_4_20250722_181623.csv,datasets/gesture_csv/user_005_gesture_4_Four_sample_4_20250722_181623.csv,005,4,4,97,0df3be7892ba11da1e3d190e2a5f816aaa70da5305f9262237c19c20b4860035,true
user_005_gesture_4_Four_sample_5_20250722_181626.csv,datasets/gesture_csv/user_005_gesture_4_Four_sample_5_20250722_181626.csv,005,4,5,97,9681886fdf40ff4c4ce1e5983d7232ca7878f3ca9f42dfe45d0dad80f106b1cb,true
user_005_gesture_4_Four_sample_6_20250722_181629.csv,datasets/gesture_csv/user_005_gesture_4_Four_sample_6_20250722_181629.csv,005,4,6,97,a25b2de390f2e30fe551f9116cce512401253e5f52743162c33f9218270d6a39,true
user_005_gesture_4_Four_sample_7_20250722_181632.csv,datasets/gesture_csv/user_005_gesture_4_Four_sample_7_20250722_181632.csv,005,4,7,97,f32c7064637614495985a33ca83542670f0edd86c178f0b66aaa6e91d125a9b7,true
user_005_gesture_4_Four_sample_8_20250722_181635.csv,datasets/gesture_csv/user_005_gesture_4_Four_sample_8_20250722_181635.csv,005,4,8,97,2d9aa26f770e757223ab3bc6ef3ff7aa86aad5c422e33b5a00dd7b93d1ee3536,true
user_005_gesture_4_Four_sample_9_20250722_181638.csv,datasets/gesture_csv/user_005_gesture_4_Four_sample_9_20250722_181638.csv,005,4,9,97,6291508a8acd3fb5c51bffba0ec392544f26c826935d77d487859bd9e7a91a8e,true
user_005_gesture_5_Five_sample_10_20250722_181714.csv,datasets/gesture_csv/user_005_gesture_5_Five_sample_10_20250722_181714.csv,005,5,10,97,fa3c1980a3c7e1b99208e1542f97239dfc6de01fba5c9cadb9db23a97e91527f,true
user_005_gesture_5_Five_sample_1_20250722_181648.csv,datasets/gesture_csv/user_005_gesture_5_Five_sample_1_20250722_181648.csv,005,5,1,97,ae8b2c48837147ac8e7f117e680bd758f1b80cbdb22190f705fb7bee64fe804a,true
user_005_gesture_5_Five_sample_2_20250722_181651.csv,datasets/gesture_csv/user_005_gesture_5_Five_sample_2_20250722_181651.csv,005,5,2,97,2a9448f8ceb9043756c6cb037ff7c4be1a580fd99f6574677c30aff4185702f4,true
user_005_gesture_5_Five_sample_3_20250722_181654.csv,datasets/gesture_csv/user_005_gesture_5_Five_sample_3_20250722_181654.csv,005,5,3,97,5d7f448fa85ab79766aff8334141a1b28ecf5f2670bcf7abb5f59bae9dc25ddc,true
user_005_gesture_5_Five_sample_4_20250722_181657.csv,datasets/gesture_csv/user_005_gesture_5_Five_sample_4_20250722_181657.csv,005,5,4,97,00cc8fcc2f53330dbd1d764c86e4a20594a3548dc4c487ca5ccdb759991ed68d,true
user_005_gesture_5_Five_sample_5_20250722_181700.csv,datasets/gesture_csv/user_005_gesture_5_Five_sample_5_20250722_181700.csv,005,5,5,97,46e2578e802f12dd4085bb85a562fd7561a6630c760a2432cb580bcc2e3bb007,true
user_005_gesture_5_Five_sample_6_20250722_181703.csv,datasets/gesture_csv/user_005_gesture_5_Five_sample_6_20250722_181703.csv,005,5,6,97,59913815f06c0b345344ce394753c5866515c61208297ea06db87968612cf179,true
user_005_gesture_5_Five_sample_7_20250722_181706.csv,datasets/gesture_csv/user_005_gesture_5_Five_sample_7_20250722_181706.csv,005,5,7,97,c655f3aba36299041948f8c159e2c673517c18f5637fbfc26b2ab18c0dbb50a1,true
user_005_gesture_5_Five_sample_8_20250722_181708.csv,datasets/gesture_csv/user_005_gesture_5_Five_sample_8_20250722_181708.csv,005,5,8,97,c9668760bc270f869a0a8e48a108b0bb83650166b307b9a5b802cbf9545d87b1,true
user_005_gesture_5_Five_sample_9_20250722_181711.csv,datasets/gesture_csv/user_005_gesture_5_Five_sample_9_20250722_181711.csv,005,5,9,97,91f476bac7dbe3c6d6eff5abd37de1fb774af820daba2b000b6ddf18f7d36aa1,true
user_005_gesture_6_Six_sample_10_20250722_181751.csv,datasets/gesture_csv/user_005_gesture_6_Six_sample_10_20250722_181751.csv,005,6,10,97,418ccc6cb81655f9196a7c48a03d5c9ca5dcc5bb56a049fe57fc9b84c329b5f3,true
user_005_gesture_6_Six_sample_1_20250722_181724.csv,datasets/gesture_csv/user_005_gesture_6_Six_sample_1_20250722_181724.csv,005,6,1,97,bf29cce40d4535d44eb65f743a4e10f170629235ecec7f39572000343a3a6438,true
user_005_gesture_6_Six_sample_2_20250722_181727.csv,datasets/gesture_csv/user_005_gesture_6_Six_sample_2_20250722_181727.csv,005,6,2,97,7587a2f56471be8e5f2fea4acfd9ce6139078300893d6f4f6089ccca153fb399,true
user_005_gesture_6_Six_sample_3_20250722_181730.csv,datasets/gesture_csv/user_005_gesture_6_Six_sample_3_20250722_181730.csv,005,6,3,97,bbcb61e32e7900222d1283d4035d577036d1ff38c78c2cc5cbc7228e63d1fbf9,true
user_005_gesture_6_Six_sample_4_20250722_181733.csv,datasets/gesture_csv/user_005_gesture_6_Six_sample_4_20250722_181733.csv,005,6,4,97,10689f5ef0980c6ec1f8b79883bd274546b820087bfa3c2dff8d2a316390b081,true
user_005_gesture_6_Six_sample_5_20250722_181736.csv,datasets/gesture_csv/user_005_gesture_6_Six_sample_5_20250722_181736.csv,005,6,5,97,491704f33a085a2fa336d5b7aa80b439b4318e0daeaec587168140864658c418,true
user_005_gesture_6_Six_sample_6_20250722_181739.csv,datasets/gesture_csv/user_005_gesture_6_Six_sample_6_20250722_181739.csv,005,6,6,97,dde72f8f724d24d967b0731e2c1c8b93b50a817b24c20749ca0e5aa8f94ded6e,true
user_005_gesture_6_Six_sample_7_20250722_181742.csv,datasets/gesture_csv/user_005_gesture_6_Six_sample_7_20250722_181742.csv,005,6,7,97,ed3650e60172d84dd87381f5ec9d7fe8af30f833e77fd6f8a9b40d829e9c92b9,true
user_005_gesture_6_Six_sample_8_20250722_181745.csv,datasets/gesture_csv/user_005_gesture_6_Six_sample_8_20250722_181745.csv,005,6,8,97,6a0886c16cab4d8e457ca6a1353cbd4b87984769ca582cc6498dcc2427894ca2,true
user_005_gesture_6_Six_sample_9_20250722_181748.csv,datasets/gesture_csv/user_005_gesture_6_Six_sample_9_20250722_181748.csv,005,6,9,97,c162d5e1fea0d910e8280b18d033af3f5b4c14431b8177e110a619a83fe0641c,true
user_005_gesture_7_Seven_sample_10_20250722_181824.csv,datasets/gesture_csv/user_005_gesture_7_Seven_sample_10_20250722_181824.csv,005,7,10,97,5189835c2dbfb0e5ce7bc44493a6f6028dd605a8ea9d44eeb0b54927ae7adc67,true
user_005_gesture_7_Seven_sample_1_20250722_181757.csv,datasets/gesture_csv/user_005_gesture_7_Seven_sample_1_20250722_181757.csv,005,7,1,97,f7d00d68de01f904b7594688784d40141f2b3232d324d7194c22e0a8f3e5af7d,true
user_005_gesture_7_Seven_sample_2_20250722_181800.csv,datasets/gesture_csv/user_005_gesture_7_Seven_sample_2_20250722_181800.csv,005,7,2,97,b5ac3845427ea8de56fceb6f13bfb40430487f2a8c8331026790e132cbda36bf,true
user_005_gesture_7_Seven_sample_3_20250722_181803.csv,datasets/gesture_csv/user_005_gesture_7_Seven_sample_3_20250722_181803.csv,005,7,3,97,e304ed39c7731d1f2f0eed5f6dc6ee252af3f61ed3bf27746cc5544efcf30d30,true
user_005_gesture_7_Seven_sample_4_20250722_181806.csv,datasets/gesture_csv/user_005_gesture_7_Seven_sample_4_20250722_181806.csv,005,7,4,97,8eb4a605018fb854e9dc4e9132ed5b7cb5f93d207fabfdc8695d2254ffd5e5d6,true
user_005_gesture_7_Seven_sample_5_20250722_181809.csv,datasets/gesture_csv/user_005_gesture_7_Seven_sample_5_20250722_181809.csv,005,7,5,97,4bba36732d8dc94a085ce046c3fe488bb335b392c018a5b816bb432628da794a,true
user_005_gesture_7_Seven_sample_6_20250722_181812.csv,datasets/gesture_csv/user_005_gesture_7_Seven_sample_6_20250722_181812.csv,005,7,6,97,af8076c77d20ec9493103fe22d572e87340397abe5fc03eb8b86049f2950620c,true
user_005_gesture_7_Seven_sample_7_20250722_181815.csv,datasets/gesture_csv/user_005_gesture_7_Seven_sample_7_20250722_181815.csv,005,7,7,97,9f703872a45a8c72ed19e8125d6474c20365711115c7a798367601d9525e00d2,true
user_005_gesture_7_Seven_sample_8_20250722_181818.csv,datasets/gesture_csv/user_005_gesture_7_Seven_sample_8_20250722_181818.csv,005,7,8,97,03e272475bb85c516e42625a0c6b96d1181842979503b65a195e0b2f73cce537,true
user_005_gesture_7_Seven_sample_9_20250722_181821.csv,datasets/gesture_csv/user_005_gesture_7_Seven_sample_9_20250722_181821.csv,005,7,9,97,fe40334d7a54d49edcf865c307e2c3736954f013bf84af6edf525d633adcfa71,true
user_005_gesture_8_Eight_sample_10_20250722_181911.csv,datasets/gesture_csv/user_005_gesture_8_Eight_sample_10_20250722_181911.csv,005,8,10,97,d03cc36286ef08d14307cacbb3183e6209766aef2a0e68962cbab7d7172907e4,true
user_005_gesture_8_Eight_sample_1_20250722_181834.csv,datasets/gesture_csv/user_005_gesture_8_Eight_sample_1_20250722_181834.csv,005,8,1,97,9f663aa4cd653ff53214f51dedb492bb075ee5df27772eb15391065f08c92703,true
user_005_gesture_8_Eight_sample_2_20250722_181845.csv,datasets/gesture_csv/user_005_gesture_8_Eight_sample_2_20250722_181845.csv,005,8,2,97,235ef0df81702f1700f5806c80277af30c4cf4791bb8de2af3b98746dd8b73f0,true
user_005_gesture_8_Eight_sample_3_20250722_181849.csv,datasets/gesture_csv/user_005_gesture_8_Eight_sample_3_20250722_181849.csv,005,8,3,97,24e8768a9fd893ced1ca5ccbb40b57bf103a3011971461bcc0fb24eab5def0de,true
user_005_gesture_8_Eight_sample_4_20250722_181852.csv,datasets/gesture_csv/user_005_gesture_8_Eight_sample_4_20250722_181852.csv,005,8,4,97,2d0ee900d4dce33010b65574d254d47df07b23b65d768483fbe49e4280ccbc56,true
user_005_gesture_8_Eight_sample_5_20250722_181855.csv,datasets/gesture_csv/user_005_gesture_8_Eight_sample_5_20250722_181855.csv,005,8,5,97,f5a1bbaf0d0f9934401c3739fc3b6296fe9a0c8d4b8291a71bd9a3845ea446f3,true
user_005_gesture_8_Eight_sample_6_20250722_181858.csv,datasets/gesture_csv/user_005_gesture_8_Eight_sample_6_20250722_181858.csv,005,8,6,97,1b646808073cf2b8c88a6ba501458d88e844a4af3f3627d2552599b5af40b3f6,true
user_005_gesture_8_Eight_sample_7_20250722_181901.csv,datasets/gesture_csv/user_005_gesture_8_Eight_sample_7_20250722_181901.csv,005,8,7,97,e0ecfa80de290512436de6cb47763d187104dae79e9eae4c1b1b2fa31844361d,true
user_005_gesture_8_Eight_sample_8_20250722_181905.csv,datasets/gesture_csv/user_005_gesture_8_Eight_sample_8_20250722_181905.csv,005,8,8,97,fcf77edf9e9a518ef997b286414d9dfb58fe517f30826ec9b34a6b206b156e87,true
user_005_gesture_8_Eight_sample_9_20250722_181908.csv,datasets/gesture_csv/user_005_gesture_8_Eight_sample_9_20250722_181908.csv,005,8,9,97,36e4f06f154b14cfcf0eb156df6fe5c63501a6134accc2e933b53a933dda4cd2,true
user_005_gesture_9_Nine_sample_10_20250722_181948.csv,datasets/gesture_csv/user_005_gesture_9_Nine_sample_10_20250722_181948.csv,005,9,10,97,4886abc836fba5eb1dd85064cd913b5f1cbaa487dfe5dbdf9627c40e1155dcc0,true
user_005_gesture_9_Nine_sample_1_20250722_181922.csv,datasets/gesture_csv/user_005_gesture_9_Nine_sample_1_20250722_181922.csv,005,9,1,97,491f36645c7ba0d81379130477715fa6afe0152bed793f7112dd2da79eaa0356,true
user_005_gesture_9_Nine_sample_2_20250722_181925.csv,datasets/gesture_csv/user_005_gesture_9_Nine_sample_2_20250722_181925.csv,005,9,2,97,4a5da5ad90cdf837fb0e5174d487f184193a33a56ddb9e612097fc7702324da0,true
user_005_gesture_9_Nine_sample_3_20250722_181928.csv,datasets/gesture_csv/user_005_gesture_9_Nine_sample_3_20250722_181928.csv,005,9,3,97,ae73d327432c4e0f4ecbf06c26b1ee169f3c68d1d8c613b4da893cd3447ce8b8,true
user_005_gesture_9_Nine_sample_4_20250722_181931.csv,datasets/gesture_csv/user_005_gesture_9_Nine_sample_4_20250722_181931.csv,005,9,4,97,aef8a446ab82c5174786c80084c9b062cf309e94dcddcc61bdfa1a77ede92c8d,true
user_005_gesture_9_Nine_sample_5_20250722_181934.csv,datasets/gesture_csv/user_005_gesture_9_Nine_sample_5_20250722_181934.csv,005,9,5,97,5d08fff8406a2e78d9bb285073792efa65471aa2e1a1aae3b29668263be8c2a1,true
user_005_gesture_9_Nine_sample_6_20250722_181937.csv,datasets/gesture_csv/user_005_gesture_9_Nine_sample_6_20250722_181937.csv,005,9,6,97,f39735ffc310b60890760712c7c4f288d2910ef15e0613524488129850caacfb,true
user_005_gesture_9_Nine_sample_7_20250722_181940.csv,datasets/gesture_csv/user_005_gesture_9_Nine_sample_7_20250722_181940.csv,005,9,7,97,17e5c5941670fb1c71acf9a6d93550c20403d8a4d4eee693255017ecd8eb1509,true
user_005_gesture_9_Nine_sample_8_20250722_181943.csv,datasets/gesture_csv/user_005_gesture_9_Nine_sample_8_20250722_181943.csv,005,9,8,97,d90f526944da1863579234f0034fa0297117fe40078933abf63cd9e3a2f2b666,true
user_005_gesture_9_Nine_sample_9_20250722_181946.csv,datasets/gesture_csv/user_005_gesture_9_Nine_sample_9_20250722_181946.csv,005,9,9,97,532fa407ac137ed2f2d03223a5a15865ddd437ab9388af8aa4215dd10f86df97,true
user_006_gesture_0_Zero_sample_10_20250724_211107.csv,datasets/gesture_csv/user_006_gesture_0_Zero_sample_10_20250724_211107.csv,006,0,10,97,8b40659f6224cc71f92b221085a7e309f9006d2357782aeb10a9b3cbea9e89f8,true
user_006_gesture_0_Zero_sample_1_20250724_211018.csv,datasets/gesture_csv/user_006_gesture_0_Zero_sample_1_20250724_211018.csv,006,0,1,97,3f5b02e35e10d378a073dcb7e83c8efff529d8ea716fe0446b27441a3a8a4776,true
user_006_gesture_0_Zero_sample_2_20250724_211022.csv,datasets/gesture_csv/user_006_gesture_0_Zero_sample_2_20250724_211022.csv,006,0,2,97,8b72c1c3f5fe7e9df35151444344138fc6a32848daa546e3bbacf9824622a0d6,true
user_006_gesture_0_Zero_sample_3_20250724_211026.csv,datasets/gesture_csv/user_006_gesture_0_Zero_sample_3_20250724_211026.csv,006,0,3,97,3a3dbd1a2a7705d79a81ec6c079937570cadcf614c0a3d6a794ea257b3a91de6,true
user_006_gesture_0_Zero_sample_4_20250724_211035.csv,datasets/gesture_csv/user_006_gesture_0_Zero_sample_4_20250724_211035.csv,006,0,4,97,c05072e30dad940b2fa2c26e076889fbe074dbdd7893a894cb21c1b82231d844,true
user_006_gesture_0_Zero_sample_5_20250724_211039.csv,datasets/gesture_csv/user_006_gesture_0_Zero_sample_5_20250724_211039.csv,006,0,5,97,3af43e5eef20827ad41dc291d815ca7438f6422a75ddfbfe85f4f533b720d74d,true
user_006_gesture_0_Zero_sample_6_20250724_211043.csv,datasets/gesture_csv/user_006_gesture_0_Zero_sample_6_20250724_211043.csv,006,0,6,97,eb546d08f11f8d4d5113920d207965e5df12cde46411154d3b06e386b0aadcfc,true
user_006_gesture_0_Zero_sample_7_20250724_211057.csv,datasets/gesture_csv/user_006_gesture_0_Zero_sample_7_20250724_211057.csv,006,0,7,97,37fae3e79824118f3d7c0fb1b8effa5bd7665e49ca6200d718dbbd287fcf4e1f,true
user_006_gesture_0_Zero_sample_8_20250724_211101.csv,datasets/gesture_csv/user_006_gesture_0_Zero_sample_8_20250724_211101.csv,006,0,8,97,81ef840aa0978e47480767ea085430d3e3256c176dce7a9da759331f06ab04c5,true
user_006_gesture_0_Zero_sample_9_20250724_211104.csv,datasets/gesture_csv/user_006_gesture_0_Zero_sample_9_20250724_211104.csv,006,0,9,97,b9afd3ed6c46792a007f46315430306f2d072e40bbf7f5a78db8a19b7b6db365,true
user_006_gesture_10_Static_sample_10_20250724_211830.csv,datasets/gesture_csv/user_006_gesture_10_Static_sample_10_20250724_211830.csv,006,10,10,97,91666291857a4c7d5dd76ba5f7c73a32e67792b2cb194ffc1ebdd7849d800e76,true
user_006_gesture_10_Static_sample_1_20250724_211756.csv,datasets/gesture_csv/user_006_gesture_10_Static_sample_1_20250724_211756.csv,006,10,1,97,51e5fe8b5c62763aa7253ac82e82d529d77b2450f63a17de82f1f0c65e4023ab,true
user_006_gesture_10_Static_sample_2_20250724_211758.csv,datasets/gesture_csv/user_006_gesture_10_Static_sample_2_20250724_211758.csv,006,10,2,97,908f1a3b6912ce2c1338d4de3a2accfbcea41c45e82ab20610a3e3106fce8011,true
user_006_gesture_10_Static_sample_3_20250724_211803.csv,datasets/gesture_csv/user_006_gesture_10_Static_sample_3_20250724_211803.csv,006,10,3,97,6a810086a477ce58ca1a0f4b43728c8f1eb77f937b4cead0beeed35c8e76f267,true
user_006_gesture_10_Static_sample_4_20250724_211808.csv,datasets/gesture_csv/user_006_gesture_10_Static_sample_4_20250724_211808.csv,006,10,4,97,1c7d08da371426258f8a8e298ca0f609adc8772ef56163b8c688dc2fa17165ab,true
user_006_gesture_10_Static_sample_5_20250724_211813.csv,datasets/gesture_csv/user_006_gesture_10_Static_sample_5_20250724_211813.csv,006,10,5,97,b8717cf1a82039e1ef9fde4df427023c60e3d85bb64be5f67e05b9434a8f6d3f,true
user_006_gesture_10_Static_sample_6_20250724_211816.csv,datasets/gesture_csv/user_006_gesture_10_Static_sample_6_20250724_211816.csv,006,10,6,97,7f32860daa59e7c66b8a7d1f73f50877791e60505890c26c2203f7fc6fbce09a,true
user_006_gesture_10_Static_sample_7_20250724_211820.csv,datasets/gesture_csv/user_006_gesture_10_Static_sample_7_20250724_211820.csv,006,10,7,97,706daa053ba580f14bfd8d3766c028c04ea284bca625b247aea70768ac79dcfc,true
user_006_gesture_10_Static_sample_8_20250724_211823.csv,datasets/gesture_csv/user_006_gesture_10_Static_sample_8_20250724_211823.csv,006,10,8,97,cd2c8447f8f0a02531e420e0b33ecd74a2254af80836345febf9bb8ed1a95195,true
user_006_gesture_10_Static_sample_9_20250724_211827.csv,datasets/gesture_csv/user_006_gesture_10_Static_sample_9_20250724_211827.csv,006,10,9,97,61133f52b0e81b82b635756d6da3f02dfa53977349cc9e80da706623bb89f730,true
user_006_gesture_1_One_sample_10_20250724_211145.csv,datasets/gesture_csv/user_006_gesture_1_One_sample_10_20250724_211145.csv,006,1,10,97,2e0d6f8880759aa3ac88944f0b8a14cce997b2ff3cb4e2c7e01f402b1d76f20e,true
user_006_gesture_1_One_sample_1_20250724_211115.csv,datasets/gesture_csv/user_006_gesture_1_One_sample_1_20250724_211115.csv,006,1,1,97,6c99152ad009c6b6be74362626a493fece316cd3b79b8738c84f3f9dccb887b4,true
user_006_gesture_1_One_sample_2_20250724_211119.csv,datasets/gesture_csv/user_006_gesture_1_One_sample_2_20250724_211119.csv,006,1,2,97,183ee5c1fdede5832c52ec79450463eac7f32cbab6349b07f670316481c855de,true
user_006_gesture_1_One_sample_3_20250724_211122.csv,datasets/gesture_csv/user_006_gesture_1_One_sample_3_20250724_211122.csv,006,1,3,97,aa8f0817528002515b1f501113d04d74ca84d6369ef56c23f7b99e5e11e49f3c,true
user_006_gesture_1_One_sample_4_20250724_211126.csv,datasets/gesture_csv/user_006_gesture_1_One_sample_4_20250724_211126.csv,006,1,4,97,63eb261a3dfeb0846346bb015a44052d3274db0b33b547c537b535e8737cfe7c,true
user_006_gesture_1_One_sample_5_20250724_211129.csv,datasets/gesture_csv/user_006_gesture_1_One_sample_5_20250724_211129.csv,006,1,5,97,cbc95e8494e33f0c9270ccfa3abcb458c9bacd6139586ca83f4341ac6b9e40df,true
user_006_gesture_1_One_sample_6_20250724_211132.csv,datasets/gesture_csv/user_006_gesture_1_One_sample_6_20250724_211132.csv,006,1,6,97,62b33042ca94d91526f1ded3513ffd3fec2b738e8bf4e685614c2cb687ce46ed,true
user_006_gesture_1_One_sample_7_20250724_211135.csv,datasets/gesture_csv/user_006_gesture_1_One_sample_7_20250724_211135.csv,006,1,7,97,1f13451b278fde0fb840690b69604f5f80fb5c698931c18655c71ea884a3a4dd,true
user_006_gesture_1_One_sample_8_20250724_211138.csv,datasets/gesture_csv/user_006_gesture_1_One_sample_8_20250724_211138.csv,006,1,8,97,aac0ea69112705786db483cdf5bf5763bbf171ac7a7edd8146a95e1feaf5000a,true
user_006_gesture_1_One_sample_9_20250724_211141.csv,datasets/gesture_csv/user_006_gesture_1_One_sample_9_20250724_211141.csv,006,1,9,97,d2dbbaaa7cb4f812e3accf50e8bf75820a98c657306f5134e8e381a6aabab79b,true
user_006_gesture_2_Two_sample_10_20250724_211223.csv,datasets/gesture_csv/user_006_gesture_2_Two_sample_10_20250724_211223.csv,006,2,10,97,9c97a88cfa245ce30c247c29a6d7efd93ce670c90d523f4999c31a2edbdf927f,true
user_006_gesture_2_Two_sample_1_20250724_211153.csv,datasets/gesture_csv/user_006_gesture_2_Two_sample_1_20250724_211153.csv,006,2,1,97,f182344be20eec264a19291fdc7f634300b56f0b2ec88936e702e74f58288755,true
user_006_gesture_2_Two_sample_2_20250724_211157.csv,datasets/gesture_csv/user_006_gesture_2_Two_sample_2_20250724_211157.csv,006,2,2,97,d560050e496be052919a65a25ec8802395a024d5a99b5ed7ed85391446907cdc,true
user_006_gesture_2_Two_sample_3_20250724_211201.csv,datasets/gesture_csv/user_006_gesture_2_Two_sample_3_20250724_211201.csv,006,2,3,97,384549769540a7c9d5c8257a1ab96ddafcce59e4372c897d5f5eaeeae51e30e5,true
user_006_gesture_2_Two_sample_4_20250724_211204.csv,datasets/gesture_csv/user_006_gesture_2_Two_sample_4_20250724_211204.csv,006,2,4,97,4f48e495c1a5395b2ab859c1fe4bc26674882de47b82d3d29f21d6e81bc8c51b,true
user_006_gesture_2_Two_sample_5_20250724_211207.csv,datasets/gesture_csv/user_006_gesture_2_Two_sample_5_20250724_211207.csv,006,2,5,97,e37b8190c854790ade17f4400979ed0b0b1ab2cc142142f4b888dafaf81b7a2b,true
user_006_gesture_2_Two_sample_6_20250724_211210.csv,datasets/gesture_csv/user_006_gesture_2_Two_sample_6_20250724_211210.csv,006,2,6,97,83ace367538ac48ddcb48f87489cb0cca141ca18e17812e2fb93285a0693ef87,true
user_006_gesture_2_Two_sample_7_20250724_211214.csv,datasets/gesture_csv/user_006_gesture_2_Two_sample_7_20250724_211214.csv,006,2,7,97,38f447955dbb4f4c624994189f45beb48aa874248808c38c3b283421417bc239,true
user_006_gesture_2_Two_sample_8_20250724_211217.csv,datasets/gesture_csv/user_006_gesture_2_Two_sample_8_20250724_211217.csv,006,2,8,97,2b619ce67de8e849512cfa36868050ccec835acf4581d7086a98da3200d8ae07,true
user_006_gesture_2_Two_sample_9_20250724_211220.csv,datasets/gesture_csv/user_006_gesture_2_Two_sample_9_20250724_211220.csv,006,2,9,97,2b4db4060699be4bc8eeacf1cbb9154ce7b11508e002802697969aeaeb3d65ac,true
user_006_gesture_3_Three_sample_10_20250724_211347.csv,datasets/gesture_csv/user_006_gesture_3_Three_sample_10_20250724_211347.csv,006,3,10,97,cd9fe866750952513dd22be81c7b0540393ca40b4cc15fc5a5afdeeadd9640cf,true
user_006_gesture_3_Three_sample_1_20250724_211232.csv,datasets/gesture_csv/user_006_gesture_3_Three_sample_1_20250724_211232.csv,006,3,1,97,c91e7c7aa473625e9aea929dc07c971ba35d1a11ae465f23471e411c200f1cd1,true
user_006_gesture_3_Three_sample_2_20250724_211235.csv,datasets/gesture_csv/user_006_gesture_3_Three_sample_2_20250724_211235.csv,006,3,2,97,79121c717238c9e456bcab8dc98f2cbbfd9668bab56d853d814a9ff244c63135,true
user_006_gesture_3_Three_sample_3_20250724_211239.csv,datasets/gesture_csv/user_006_gesture_3_Three_sample_3_20250724_211239.csv,006,3,3,97,65e258799f099642a38cb032fd2f4e87b10fcc956e48fe045734fa41900f21aa,true
user_006_gesture_3_Three_sample_4_20250724_211242.csv,datasets/gesture_csv/user_006_gesture_3_Three_sample_4_20250724_211242.csv,006,3,4,97,568ffc1484234295d4637d09cb857c7fe7be503b381da72b0b64ce945ad61199,true
user_006_gesture_3_Three_sample_5_20250724_211246.csv,datasets/gesture_csv/user_006_gesture_3_Three_sample_5_20250724_211246.csv,006,3,5,97,2420730e2c3f4f4dcda87c7ee7cd169e9b36e3d75741c04a5a2727b79063d8d7,true
user_006_gesture_3_Three_sample_6_20250724_211333.csv,datasets/gesture_csv/user_006_gesture_3_Three_sample_6_20250724_211333.csv,006,3,6,97,c83ea7e4edf2e4f36d0dd43c115d795bac2613b1c78a8778fb6f6bae27d3b56a,true
user_006_gesture_3_Three_sample_7_20250724_211336.csv,datasets/gesture_csv/user_006_gesture_3_Three_sample_7_20250724_211336.csv,006,3,7,97,4e745f06dc4c72ee369784353b78cbcb00520202f8eb3de1e2c3f8ad479225f6,true
user_006_gesture_3_Three_sample_8_20250724_211339.csv,datasets/gesture_csv/user_006_gesture_3_Three_sample_8_20250724_211339.csv,006,3,8,97,31135749dcb93ccd82ea341f90245edc756c031cdfd3da7384bdc62174ceea0c,true
user_006_gesture_3_Three_sample_9_20250724_211342.csv,datasets/gesture_csv/user_006_gesture_3_Three_sample_9_20250724_211342.csv,006,3,9,97,3b9baf7b4b3879d6ac068e154c5c5d82044de288174ca2189070452cdd2f2886,true
user_006_gesture_4_Four_sample_10_20250724_211422.csv,datasets/gesture_csv/user_006_gesture_4_Four_sample_10_20250724_211422.csv,006,4,10,97,3c6061240c6397db0e4bd1e5383e7a6cf99454162f85fd8123ac4c471b824483,true
user_006_gesture_4_Four_sample_1_20250724_211354.csv,datasets/gesture_csv/user_006_gesture_4_Four_sample_1_20250724_211354.csv,006,4,1,97,b657a6469ac7d6e83de2deb32459aca68eae694903f97d74178975ae6a02cfe4,true
user_006_gesture_4_Four_sample_2_20250724_211357.csv,datasets/gesture_csv/user_006_gesture_4_Four_sample_2_20250724_211357.csv,006,4,2,97,18b46ba77d149767dc30b7054f5ca6591d1fa29019afb04175509d5b6c610ae9,true
user_006_gesture_4_Four_sample_3_20250724_211401.csv,datasets/gesture_csv/user_006_gesture_4_Four_sample_3_20250724_211401.csv,006,4,3,97,171ab60448ac9ce928c6b296e8253c34ad438e7d1efebecb1ce2855e36299928,true
user_006_gesture_4_Four_sample_4_20250724_211404.csv,datasets/gesture_csv/user_006_gesture_4_Four_sample_4_20250724_211404.csv,006,4,4,97,82984cf26117e72d3ec492fe524adec0f767a21b0b4cda66275ff735dae185da,true
user_006_gesture_4_Four_sample_5_20250724_211407.csv,datasets/gesture_csv/user_006_gesture_4_Four_sample_5_20250724_211407.csv,006,4,5,97,4a0b333e19c052e7de98b5d230088a7db87063057d9058d367113632ca9d0fde,true
user_006_gesture_4_Four_sample_6_20250724_211410.csv,datasets/gesture_csv/user_006_gesture_4_Four_sample_6_20250724_211410.csv,006,4,6,97,4b77dccd1b97b8bf4ca4a4f8656f590e0396d5dd7a9aca46980b8a85749a3115,true
user_006_gesture_4_Four_sample_7_20250724_211413.csv,datasets/gesture_csv/user_006_gesture_4_Four_sample_7_20250724_211413.csv,006,4,7,97,364e0856f56271237cad985069043289f1654c635519cc4796e3f2cfe6810873,true
user_006_gesture_4_Four_sample_8_20250724_211416.csv,datasets/gesture_csv/user_006_gesture_4_Four_sample_8_20250724_211416.csv,006,4,8,97,20915ccc28dc8c11dcd2b8bd5f801ba5d75c53f7cdd0e90b54afec2296c91886,true
user_006_gesture_4_Four_sample_9_20250724_211419.csv,datasets/gesture_csv/user_006_gesture_4_Four_sample_9_20250724_211419.csv,006,4,9,97,fb53cfd685af48de4f983787754e08ad11db708df26471c4ba432a240d97d81d,true
user_006_gesture_5_Five_sample_10_20250724_211456.csv,datasets/gesture_csv/user_006_gesture_5_Five_sample_10_20250724_211456.csv,006,5,10,97,e237063751f719866223de6775525d1663940b851d1be101e0d8f57d922e7f0b,true
user_006_gesture_5_Five_sample_1_20250724_211430.csv,datasets/gesture_csv/user_006_gesture_5_Five_sample_1_20250724_211430.csv,006,5,1,97,0225f1b360586d376712ee64daeb891fd98f4536db75cc47aa7a666cd2d3913d,true
user_006_gesture_5_Five_sample_2_20250724_211433.csv,datasets/gesture_csv/user_006_gesture_5_Five_sample_2_20250724_211433.csv,006,5,2,97,2349dee95ee290946a55bceeb41b09fee9cf914d624d78e847a345124fb89fd1,true
user_006_gesture_5_Five_sample_3_20250724_211436.csv,datasets/gesture_csv/user_006_gesture_5_Five_sample_3_20250724_211436.csv,006,5,3,97,3821de046faa84f36a937fa988e5073bf416810135a32d2a32bc5fecf3d775bd,true
user_006_gesture_5_Five_sample_4_20250724_211439.csv,datasets/gesture_csv/user_006_gesture_5_Five_sample_4_20250724_211439.csv,006,5,4,97,b45ff7cdac63b600a72c98413730f8ec35ebc058dc0ff36094abff2574575930,true
user_006_gesture_5_Five_sample_5_20250724_211441.csv,datasets/gesture_csv/user_006_gesture_5_Five_sample_5_20250724_211441.csv,006,5,5,97,6f3ed954d544dccd41b51c1294811fdfaabf3be09787bfc07c904455f72aa2ca,true
user_006_gesture_5_Five_sample_6_20250724_211444.csv,datasets/gesture_csv/user_006_gesture_5_Five_sample_6_20250724_211444.csv,006,5,6,97,02402dd49d96b8705cf768e6ce87034a2950adaac5e5902edf7ef8494f1d513a,true
user_006_gesture_5_Five_sample_7_20250724_211447.csv,datasets/gesture_csv/user_006_gesture_5_Five_sample_7_20250724_211447.csv,006,5,7,97,d7ec62d4342e12a14ca672b2620ee87534a81a6ff5563b26c00c066c3301eec7,true
user_006_gesture_5_Five_sample_8_20250724_211450.csv,datasets/gesture_csv/user_006_gesture_5_Five_sample_8_20250724_211450.csv,006,5,8,97,60588f44f15eb5e0f092a7fc3c07368b3e321d25833b4a4403542ae7ad41fe46,true
user_006_gesture_5_Five_sample_9_20250724_211453.csv,datasets/gesture_csv/user_006_gesture_5_Five_sample_9_20250724_211453.csv,006,5,9,97,21357d89324ab7f3fb3de037a23ba12c2a90ca24196817f2bc04879f49922725,true
user_006_gesture_6_Six_sample_10_20250724_211532.csv,datasets/gesture_csv/user_006_gesture_6_Six_sample_10_20250724_211532.csv,006,6,10,97,179fba9edf465cb41aaf733488d2347652ec3787e892cae244112eb8b0d70f0d,true
user_006_gesture_6_Six_sample_1_20250724_211504.csv,datasets/gesture_csv/user_006_gesture_6_Six_sample_1_20250724_211504.csv,006,6,1,97,c99f6950d3c35197552832d9ca48a0c750bbb2c1b0a1b615216cde4bb680a9f8,true
user_006_gesture_6_Six_sample_2_20250724_211508.csv,datasets/gesture_csv/user_006_gesture_6_Six_sample_2_20250724_211508.csv,006,6,2,97,0060be9aa9c1fcc10c99d65ef78ca51dbec2fb816899f7b935bbe9c3f65e4774,true
user_006_gesture_6_Six_sample_3_20250724_211511.csv,datasets/gesture_csv/user_006_gesture_6_Six_sample_3_20250724_211511.csv,006,6,3,97,540678f43ad01be8ceedc1199484dfda992bd85209b2aadb9641f0d9560d8534,true
user_006_gesture_6_Six_sample_4_20250724_211514.csv,datasets/gesture_csv/user_006_gesture_6_Six_sample_4_20250724_211514.csv,006,6,4,97,f473584e84b704a164ae95d19ec7df5c09c62489bb3e3a0642bc9124261d0812,true
user_006_gesture_6_Six_sample_5_20250724_211517.csv,datasets/gesture_csv/user_006_gesture_6_Six_sample_5_20250724_211517.csv,006,6,5,97,1889a62a6063b8e3e6bdc696e6dc5201a12574a8db627d34c6e02ed56380a35d,true
user_006_gesture_6_Six_sample_6_20250724_211520.csv,datasets/gesture_csv/user_006_gesture_6_Six_sample_6_20250724_211520.csv,006,6,6,97,6c17a814ab8c714dbfde37fec239f115bf9eb5fffe78ae86be54623b58829a0c,true
user_006_gesture_6_Six_sample_7_20250724_211523.csv,datasets/gesture_csv/user_006_gesture_6_Six_sample_7_20250724_211523.csv,006,6,7,97,5689c5009da15bf35fb5f861c3e432e352f869c0659359825a65a6fd0b9142ba,true
user_006_gesture_6_Six_sample_8_20250724_211526.csv,datasets/gesture_csv/user_006_gesture_6_Six_sample_8_20250724_211526.csv,006,6,8,97,31bb2157ba13cdf760dddf237827afa4587478ff3479a33e51dd71d056cc8a6e,true
user_006_gesture_6_Six_sample_9_20250724_211529.csv,datasets/gesture_csv/user_006_gesture_6_Six_sample_9_20250724_211529.csv,006,6,9,97,0556ddb9e49fd77bbbf33cc64aeb8f4a1b5c79e7c41e6b51ac6855796e465c07,true
user_006_gesture_7_Seven_sample_10_20250724_211614.csv,datasets/gesture_csv/user_006_gesture_7_Seven_sample_10_20250724_211614.csv,006,7,10,97,e3c4f362a0ec9c02f7e184c1ce2a72a19df1ec3c9d38994417ed608f36c15b51,true
user_006_gesture_7_Seven_sample_1_20250724_211540.csv,datasets/gesture_csv/user_006_gesture_7_Seven_sample_1_20250724_211540.csv,006,7,1,97,6902196052e35610dba7e5472c1aa6aa5dd1c7631003365152125b19a9c06720,true
user_006_gesture_7_Seven_sample_2_20250724_211544.csv,datasets/gesture_csv/user_006_gesture_7_Seven_sample_2_20250724_211544.csv,006,7,2,97,2b1fcb92a8f615aaac9b7317ba2448ba984b0edb379f305832eb8737a15b6c2e,true
user_006_gesture_7_Seven_sample_3_20250724_211548.csv,datasets/gesture_csv/user_006_gesture_7_Seven_sample_3_20250724_211548.csv,006,7,3,97,cb8f189ee51f15fa4a23bdf454913fdc9c267a6d8e448a55b287d5fd7648f7a1,true
user_006_gesture_7_Seven_sample_4_20250724_211553.csv,datasets/gesture_csv/user_006_gesture_7_Seven_sample_4_20250724_211553.csv,006,7,4,97,50687bbc78c7f0bc5edcd406322f9c6c01ffd272bba2090729911fb45d712695,true
user_006_gesture_7_Seven_sample_5_20250724_211557.csv,datasets/gesture_csv/user_006_gesture_7_Seven_sample_5_20250724_211557.csv,006,7,5,97,71184529524814631ff66fbbbe0ebc10487526ae2f00c39d5036b8551fe603ad,true
user_006_gesture_7_Seven_sample_6_20250724_211601.csv,datasets/gesture_csv/user_006_gesture_7_Seven_sample_6_20250724_211601.csv,006,7,6,97,e2b59f8a43d0fd0c67577eedc2507d969ba2eacdcfc7733f6d6dbced08636ce2,true
user_006_gesture_7_Seven_sample_7_20250724_211604.csv,datasets/gesture_csv/user_006_gesture_7_Seven_sample_7_20250724_211604.csv,006,7,7,97,2b9c2999959a2809c8ca57a67863f9da830154bd91eaae5d449eb884e0ec4163,true
user_006_gesture_7_Seven_sample_8_20250724_211608.csv,datasets/gesture_csv/user_006_gesture_7_Seven_sample_8_20250724_211608.csv,006,7,8,97,cfd3d8835fcf193ff75e8824b949c31bc006b7baa31ece66fa6bb5f1f8a92b82,true
user_006_gesture_7_Seven_sample_9_20250724_211611.csv,datasets/gesture_csv/user_006_gesture_7_Seven_sample_9_20250724_211611.csv,006,7,9,97,e5795735d5d755dfbba0d4055f275dac04f2be5344c5bdbb9e858dc6842a85cc,true
user_006_gesture_8_Eight_sample_10_20250724_211650.csv,datasets/gesture_csv/user_006_gesture_8_Eight_sample_10_20250724_211650.csv,006,8,10,97,6b1d7faba7ea647b25591e3ff4410f0089df9183b54038cf9c76b13dcadd619e,true
user_006_gesture_8_Eight_sample_1_20250724_211622.csv,datasets/gesture_csv/user_006_gesture_8_Eight_sample_1_20250724_211622.csv,006,8,1,97,bd5debc6ccbe1b4c2448be3ff3a3e181a48b10a5e3359222e1c07d1a8925e713,true
user_006_gesture_8_Eight_sample_2_20250724_211625.csv,datasets/gesture_csv/user_006_gesture_8_Eight_sample_2_20250724_211625.csv,006,8,2,97,f28a4a6f44f6bec616d17bee3a115fc266dd4b5fe534db9e81582468e34891cf,true
user_006_gesture_8_Eight_sample_3_20250724_211628.csv,datasets/gesture_csv/user_006_gesture_8_Eight_sample_3_20250724_211628.csv,006,8,3,97,96e95c2463f14b107833d21f39302132135965286f1786363046d9953b5bdf9d,true
user_006_gesture_8_Eight_sample_4_20250724_211631.csv,datasets/gesture_csv/user_006_gesture_8_Eight_sample_4_20250724_211631.csv,006,8,4,97,bc1e423d1014b4a80daebb178f94f63784eae95e29dfb8c31b98d825c63dfd30,true
user_006_gesture_8_Eight_sample_5_20250724_211634.csv,datasets/gesture_csv/user_006_gesture_8_Eight_sample_5_20250724_211634.csv,006,8,5,97,640095a048dfecdaa84862711476223c5945c513e0e5fe0a425bd4510f94e640,true
user_006_gesture_8_Eight_sample_6_20250724_211637.csv,datasets/gesture_csv/user_006_gesture_8_Eight_sample_6_20250724_211637.csv,006,8,6,97,15e50111c062bc01ab934fc5baec8ee9867311329ef4044ec01bb61b16265b46,true
user_006_gesture_8_Eight_sample_7_20250724_211640.csv,datasets/gesture_csv/user_006_gesture_8_Eight_sample_7_20250724_211640.csv,006,8,7,97,6be552ae151b4e3698017fb919dacfb8acb6e577bcaf2dd41fd69630e61dacbd,true
user_006_gesture_8_Eight_sample_8_20250724_211643.csv,datasets/gesture_csv/user_006_gesture_8_Eight_sample_8_20250724_211643.csv,006,8,8,97,9720bd9f585f4403e3c514593ccd2aa705563cacf99117c4660f136abfa99444,true
user_006_gesture_8_Eight_sample_9_20250724_211646.csv,datasets/gesture_csv/user_006_gesture_8_Eight_sample_9_20250724_211646.csv,006,8,9,97,a450cbde1d73296262f19f5c2cb86a20b8d3b36ef4641c1b81b7ccd18a37b08e,true
user_006_gesture_9_Nine_sample_10_20250724_211728.csv,datasets/gesture_csv/user_006_gesture_9_Nine_sample_10_20250724_211728.csv,006,9,10,97,6aa2224b53e8d80634299bdf76f15396a08c711f17ccf20e55338d6c252997d1,true
user_006_gesture_9_Nine_sample_1_20250724_211701.csv,datasets/gesture_csv/user_006_gesture_9_Nine_sample_1_20250724_211701.csv,006,9,1,97,8f65902a353e3a8019c90e9dcbfea9e8891192890a8afd22aa861669757a598f,true
user_006_gesture_9_Nine_sample_2_20250724_211704.csv,datasets/gesture_csv/user_006_gesture_9_Nine_sample_2_20250724_211704.csv,006,9,2,97,d4ccf57885707728a3b246845572aaab3d56bc9d2e482fd19c35e0ade1b7c1c9,true
user_006_gesture_9_Nine_sample_3_20250724_211707.csv,datasets/gesture_csv/user_006_gesture_9_Nine_sample_3_20250724_211707.csv,006,9,3,97,258c94eedf62d24ece975f0495a44eff93cc6f8bdd8f6bf82a5e5b53fa15c4dd,true
user_006_gesture_9_Nine_sample_4_20250724_211710.csv,datasets/gesture_csv/user_006_gesture_9_Nine_sample_4_20250724_211710.csv,006,9,4,97,c134e25994b52ebe03d575c89c1b72edfa9d76e6c699ea8bf0acdb204de1a169,true
user_006_gesture_9_Nine_sample_5_20250724_211713.csv,datasets/gesture_csv/user_006_gesture_9_Nine_sample_5_20250724_211713.csv,006,9,5,97,bc454e4ef4afe8b17565e35ab7d4ba327748aaa24f34560929fb79c3a78d5642,true
user_006_gesture_9_Nine_sample_6_20250724_211716.csv,datasets/gesture_csv/user_006_gesture_9_Nine_sample_6_20250724_211716.csv,006,9,6,97,1cd789de4f9855f28ca4718b11e1fb9388513223a92d512b1d0ed5d6710f13e3,true
user_006_gesture_9_Nine_sample_7_20250724_211719.csv,datasets/gesture_csv/user_006_gesture_9_Nine_sample_7_20250724_211719.csv,006,9,7,97,41a55a945ad2da8c6db0043d1ee26d7f205cd6ebfcf7ef48f1c41e9c4182e8d2,true
user_006_gesture_9_Nine_sample_8_20250724_211722.csv,datasets/gesture_csv/user_006_gesture_9_Nine_sample_8_20250724_211722.csv,006,9,8,97,747a33f81cf7c3602c637a2710d843929348abf5265e74cccc9554bec2666745,true
user_006_gesture_9_Nine_sample_9_20250724_211724.csv,datasets/gesture_csv/user_006_gesture_9_Nine_sample_9_20250724_211724.csv,006,9,9,97,9bc652c26ff8f27bc1180f529e6f27c55696780130688635f13402e368fdb891,true
