{
  "timestamp": "CNN_LSTM_Arduino_20250717_213740",
  "test_loss": 1.3141636848449707,
  "test_accuracy": 0.5303030014038086,
  "class_distribution": {
    "true": {
      "3": 6,
      "4": 6,
      "0": 6,
      "10": 6,
      "5": 6,
      "8": 6,
      "9": 6,
      "1": 6,
      "7": 6,
      "6": 6,
      "2": 6
    },
    "predicted": {
      "4": 12,
      "1": 14,
      "10": 9,
      "8": 7,
      "3": 2,
      "7": 10,
      "0": 1,
      "6": 2,
      "2": 6,
      "9": 1,
      "5": 2
    }
  },
  "per_class_accuracy": {
    "Zero": 0.0,
    "One": 1.0,
    "Two": 0.8333333333333334,
    "Three": 0.16666666666666666,
    "Four": 1.0,
    "Five": 0.3333333333333333,
    "Six": 0.3333333333333333,
    "Seven": 0.6666666666666666,
    "Eight": 0.3333333333333333,
    "Nine": 0.16666666666666666,
    "Static": 1.0
  },
  "confusion_matrix": [
    [
      0,
      4,
      0,
      1,
      0,
      0,
      0,
      0,
      1,
      0,
      0
    ],
    [
      0,
      6,
      0,
      0,
      0,
      0,
      0,
      0,
      0,
      0,
      0
    ],
    [
      0,
      0,
      5,
      0,
      1,
      0,
      0,
      0,
      0,
      0,
      0
    ],
    [
      0,
      0,
      0,
      1,
      5,
      0,
      0,
      0,
      0,
      0,
      0
    ],
    [
      0,
      0,
      0,
      0,
      6,
      0,
      0,
      0,
      0,
      0,
      0
    ],
    [
      0,
      1,
      0,
      0,
      0,
      2,
      0,
      1,
      0,
      0,
      2
    ],
    [
      0,
      2,
      0,
      0,
      0,
      0,
      2,
      2,
      0,
      0,
      0
    ],
    [
      1,
      1,
      0,
      0,
      0,
      0,
      0,
      4,
      0,
      0,
      0
    ],
    [
      0,
      0,
      1,
      0,
      0,
      0,
      0,
      3,
      2,
      0,
      0
    ],
    [
      0,
      0,
      0,
      0,
      0,
      0,
      0,
      0,
      4,
      1,
      1
    ],
    [
      0,
      0,
      0,
      0,
      0,
      0,
      0,
      0,
      0,
      0,
      6
    ]
  ],
  "classification_report": {
    "Zero": {
      "precision": 0.0,
      "recall": 0.0,
      "f1-score": 0.0,
      "support": 6.0
    },
    "One": {
      "precision": 0.42857142857142855,
      "recall": 1.0,
      "f1-score": 0.6,
      "support": 6.0
    },
    "Two": {
      "precision": 0.8333333333333334,
      "recall": 0.8333333333333334,
      "f1-score": 0.8333333333333334,
      "support": 6.0
    },
    "Three": {
      "precision": 0.5,
      "recall": 0.16666666666666666,
      "f1-score": 0.25,
      "support": 6.0
    },
    "Four": {
      "precision": 0.5,
      "recall": 1.0,
      "f1-score": 0.6666666666666666,
      "support": 6.0
    },
    "Five": {
      "precision": 1.0,
      "recall": 0.3333333333333333,
      "f1-score": 0.5,
      "support": 6.0
    },
    "Six": {
      "precision": 1.0,
      "recall": 0.3333333333333333,
      "f1-score": 0.5,
      "support": 6.0
    },
    "Seven": {
      "precision": 0.4,
      "recall": 0.6666666666666666,
      "f1-score": 0.5,
      "support": 6.0
    },
    "Eight": {
      "precision": 0.2857142857142857,
      "recall": 0.3333333333333333,
      "f1-score": 0.30769230769230765,
      "support": 6.0
    },
    "Nine": {
      "precision": 1.0,
      "recall": 0.16666666666666666,
      "f1-score": 0.2857142857142857,
      "support": 6.0
    },
    "Static": {
      "precision": 0.6666666666666666,
      "recall": 1.0,
      "f1-score": 0.8,
      "support": 6.0
    },
    "accuracy": 0.5303030303030303,
    "macro avg": {
      "precision": 0.6012987012987013,
      "recall": 0.5303030303030303,
      "f1-score": 0.4766733266733267,
      "support": 66.0
    },
    "weighted avg": {
      "precision": 0.6012987012987012,
      "recall": 0.5303030303030303,
      "f1-score": 0.47667332667332674,
      "support": 66.0
    }
  },
  "confidence_stats": {
    "mean": 0.36675161123275757,
    "min": 0.14362409710884094,
    "max": 0.6375409364700317,
    "std": 0.11029734462499619
  },
  "error_analysis": {
    "total_errors": 31,
    "error_rate": 0.4696969696969697,
    "low_confidence_predictions": 58
  },
  "training_history": {
    "epochs_trained": 5,
    "final_train_accuracy": 0.5687204003334045,
    "final_val_accuracy": 0.6603773832321167,
    "final_train_loss": 1.3546032905578613,
    "final_val_loss": 1.137510895729065,
    "best_val_accuracy": 0.6603773832321167,
    "best_val_accuracy_epoch": 5,
    "train_accuracy_history": [
      0.19431279599666595,
      0.29383885860443115,
      0.4265402853488922,
      0.4739336371421814,
      0.5687204003334045
    ],
    "val_accuracy_history": [
      0.2641509473323822,
      0.49056604504585266,
      0.5471698045730591,
      0.5660377144813538,
      0.6603773832321167
    ],
    "train_loss_history": [
      2.341181516647339,
      2.1773064136505127,
      1.9507322311401367,
      1.6481235027313232,
      1.3546032905578613
    ],
    "val_loss_history": [
      2.237112045288086,
      2.040055513381958,
      1.7459243535995483,
      1.4218343496322632,
      1.137510895729065
    ]
  }
}