{
  "timestamp": "CNN_LSTM_Arduino_20250717_214400",
  "test_loss": 1.9503206014633179,
  "test_accuracy": 0.43939393758773804,
  "class_distribution": {
    "true": {
      "3": 6,
      "4": 6,
      "0": 6,
      "10": 6,
      "5": 6,
      "8": 6,
      "9": 6,
      "1": 6,
      "7": 6,
      "6": 6,
      "2": 6
    },
    "predicted": {
      "3": 20,
      "1": 12,
      "10": 4,
      "5": 8,
      "6": 10,
      "9": 4,
      "7": 7,
      "2": 1
    }
  },
  "per_class_accuracy": {
    "Zero": 0.0,
    "One": 1.0,
    "Two": 0.0,
    "Three": 0.5,
    "Four": 0.0,
    "Five": 0.6666666666666666,
    "Six": 1.0,
    "Seven": 0.5,
    "Eight": 0.0,
    "Nine": 0.5,
    "Static": 0.6666666666666666
  },
  "confusion_matrix": [
    [
      0,
      3,
      0,
      1,
      0,
      0,
      2,
      0,
      0,
      0,
      0
    ],
    [
      0,
      6,
      0,
      0,
      0,
      0,
      0,
      0,
      0,
      0,
      0
    ],
    [
      0,
      0,
      0,
      6,
      0,
      0,
      0,
      0,
      0,
      0,
      0
    ],
    [
      0,
      0,
      0,
      3,
      0,
      2,
      0,
      1,
      0,
      0,
      0
    ],
    [
      0,
      0,
      1,
      5,
      0,
      0,
      0,
      0,
      0,
      0,
      0
    ],
    [
      0,
      0,
      0,
      0,
      0,
      4,
      2,
      0,
      0,
      0,
      0
    ],
    [
      0,
      0,
      0,
      0,
      0,
      0,
      6,
      0,
      0,
      0,
      0
    ],
    [
      0,
      3,
      0,
      0,
      0,
      0,
      0,
      3,
      0,
      0,
      0
    ],
    [
      0,
      0,
      0,
      2,
      0,
      0,
      0,
      3,
      0,
      1,
      0
    ],
    [
      0,
      0,
      0,
      3,
      0,
      0,
      0,
      0,
      0,
      3,
      0
    ],
    [
      0,
      0,
      0,
      0,
      0,
      2,
      0,
      0,
      0,
      0,
      4
    ]
  ],
  "classification_report": {
    "Zero": {
      "precision": 0.0,
      "recall": 0.0,
      "f1-score": 0.0,
      "support": 6.0
    },
    "One": {
      "precision": 0.5,
      "recall": 1.0,
      "f1-score": 0.6666666666666666,
      "support": 6.0
    },
    "Two": {
      "precision": 0.0,
      "recall": 0.0,
      "f1-score": 0.0,
      "support": 6.0
    },
    "Three": {
      "precision": 0.15,
      "recall": 0.5,
      "f1-score": 0.23076923076923075,
      "support": 6.0
    },
    "Four": {
      "precision": 0.0,
      "recall": 0.0,
      "f1-score": 0.0,
      "support": 6.0
    },
    "Five": {
      "precision": 0.5,
      "recall": 0.6666666666666666,
      "f1-score": 0.5714285714285715,
      "support": 6.0
    },
    "Six": {
      "precision": 0.6,
      "recall": 1.0,
      "f1-score": 0.7499999999999999,
      "support": 6.0
    },
    "Seven": {
      "precision": 0.42857142857142855,
      "recall": 0.5,
      "f1-score": 0.4615384615384615,
      "support": 6.0
    },
    "Eight": {
      "precision": 0.0,
      "recall": 0.0,
      "f1-score": 0.0,
      "support": 6.0
    },
    "Nine": {
      "precision": 0.75,
      "recall": 0.5,
      "f1-score": 0.6,
      "support": 6.0
    },
    "Static": {
      "precision": 1.0,
      "recall": 0.6666666666666666,
      "f1-score": 0.8,
      "support": 6.0
    },
    "accuracy": 0.4393939393939394,
    "macro avg": {
      "precision": 0.35714285714285715,
      "recall": 0.4393939393939394,
      "f1-score": 0.3709457209457209,
      "support": 66.0
    },
    "weighted avg": {
      "precision": 0.3571428571428571,
      "recall": 0.4393939393939394,
      "f1-score": 0.370945720945721,
      "support": 66.0
    }
  },
  "confidence_stats": {
    "mean": 0.17737005650997162,
    "min": 0.10576721280813217,
    "max": 0.31258919835090637,
    "std": 0.059484370052814484
  },
  "error_analysis": {
    "total_errors": 37,
    "error_rate": 0.5606060606060606,
    "low_confidence_predictions": 66
  },
  "training_history": {
    "epochs_trained": 3,
    "final_train_accuracy": 0.2985782027244568,
    "final_val_accuracy": 0.5471698045730591,
    "final_train_loss": 2.0648324489593506,
    "final_val_loss": 1.8628642559051514,
    "best_val_accuracy": 0.5471698045730591,
    "best_val_accuracy_epoch": 3,
    "train_accuracy_history": [
      0.13270142674446106,
      0.24170616269111633,
      0.2985782027244568
    ],
    "val_accuracy_history": [
      0.2830188572406769,
      0.4150943458080292,
      0.5471698045730591
    ],
    "train_loss_history": [
      2.3339405059814453,
      2.213134527206421,
      2.0648324489593506
    ],
    "val_loss_history": [
      2.2403159141540527,
      2.0893661975860596,
      1.8628642559051514
    ]
  }
}