{
  "timestamp": "CNN_LSTM_Arduino_20250717_230525",
  "test_loss": 0.5221022367477417,
  "test_accuracy": 0.8636363744735718,
  "class_distribution": {
    "true": {
      "3": 6,
      "4": 6,
      "0": 6,
      "10": 6,
      "5": 6,
      "8": 6,
      "9": 6,
      "1": 6,
      "7": 6,
      "6": 6,
      "2": 6
    },
    "predicted": {
      "3": 7,
      "4": 6,
      "0": 6,
      "10": 5,
      "5": 7,
      "8": 2,
      "9": 8,
      "1": 7,
      "7": 7,
      "6": 5,
      "2": 6
    }
  },
  "per_class_accuracy": {
    "Zero": 0.8333333333333334,
    "One": 1.0,
    "Two": 0.8333333333333334,
    "Three": 1.0,
    "Four": 1.0,
    "Five": 1.0,
    "Six": 0.8333333333333334,
    "Seven": 0.8333333333333334,
    "Eight": 0.3333333333333333,
    "Nine": 1.0,
    "Static": 0.8333333333333334
  },
  "confusion_matrix": [
    [
      5,
      0,
      0,
      0,
      0,
      1,
      0,
      0,
      0,
      0,
      0
    ],
    [
      0,
      6,
      0,
      0,
      0,
      0,
      0,
      0,
      0,
      0,
      0
    ],
    [
      0,
      0,
      5,
      1,
      0,
      0,
      0,
      0,
      0,
      0,
      0
    ],
    [
      0,
      0,
      0,
      6,
      0,
      0,
      0,
      0,
      0,
      0,
      0
    ],
    [
      0,
      0,
      0,
      0,
      6,
      0,
      0,
      0,
      0,
      0,
      0
    ],
    [
      0,
      0,
      0,
      0,
      0,
      6,
      0,
      0,
      0,
      0,
      0
    ],
    [
      1,
      0,
      0,
      0,
      0,
      0,
      5,
      0,
      0,
      0,
      0
    ],
    [
      0,
      1,
      0,
      0,
      0,
      0,
      0,
      5,
      0,
      0,
      0
    ],
    [
      0,
      0,
      1,
      0,
      0,
      0,
      0,
      2,
      2,
      1,
      0
    ],
    [
      0,
      0,
      0,
      0,
      0,
      0,
      0,
      0,
      0,
      6,
      0
    ],
    [
      0,
      0,
      0,
      0,
      0,
      0,
      0,
      0,
      0,
      1,
      5
    ]
  ],
  "classification_report": {
    "Zero": {
      "precision": 0.8333333333333334,
      "recall": 0.8333333333333334,
      "f1-score": 0.8333333333333334,
      "support": 6.0
    },
    "One": {
      "precision": 0.8571428571428571,
      "recall": 1.0,
      "f1-score": 0.923076923076923,
      "support": 6.0
    },
    "Two": {
      "precision": 0.8333333333333334,
      "recall": 0.8333333333333334,
      "f1-score": 0.8333333333333334,
      "support": 6.0
    },
    "Three": {
      "precision": 0.8571428571428571,
      "recall": 1.0,
      "f1-score": 0.923076923076923,
      "support": 6.0
    },
    "Four": {
      "precision": 1.0,
      "recall": 1.0,
      "f1-score": 1.0,
      "support": 6.0
    },
    "Five": {
      "precision": 0.8571428571428571,
      "recall": 1.0,
      "f1-score": 0.923076923076923,
      "support": 6.0
    },
    "Six": {
      "precision": 1.0,
      "recall": 0.8333333333333334,
      "f1-score": 0.9090909090909091,
      "support": 6.0
    },
    "Seven": {
      "precision": 0.7142857142857143,
      "recall": 0.8333333333333334,
      "f1-score": 0.7692307692307692,
      "support": 6.0
    },
    "Eight": {
      "precision": 1.0,
      "recall": 0.3333333333333333,
      "f1-score": 0.5,
      "support": 6.0
    },
    "Nine": {
      "precision": 0.75,
      "recall": 1.0,
      "f1-score": 0.8571428571428571,
      "support": 6.0
    },
    "Static": {
      "precision": 1.0,
      "recall": 0.8333333333333334,
      "f1-score": 0.9090909090909091,
      "support": 6.0
    },
    "accuracy": 0.8636363636363636,
    "macro avg": {
      "precision": 0.8820346320346321,
      "recall": 0.8636363636363638,
      "f1-score": 0.8527684436775346,
      "support": 66.0
    },
    "weighted avg": {
      "precision": 0.882034632034632,
      "recall": 0.8636363636363636,
      "f1-score": 0.8527684436775345,
      "support": 66.0
    }
  },
  "confidence_stats": {
    "mean": 0.8550773859024048,
    "min": 0.346004456281662,
    "max": 0.9795456528663635,
    "std": 0.17243947088718414
  },
  "error_analysis": {
    "total_errors": 9,
    "error_rate": 0.13636363636363635,
    "low_confidence_predictions": 7
  },
  "training_history": {
    "epochs_trained": 20,
    "final_train_accuracy": 0.9810426831245422,
    "final_val_accuracy": 0.8867924809455872,
    "final_train_loss": 0.08779935538768768,
    "final_val_loss": 0.40197494626045227,
    "best_val_accuracy": 0.9245283007621765,
    "best_val_accuracy_epoch": 9,
    "train_accuracy_history": [
      0.20853079855442047,
      0.3507108986377716,
      0.44075828790664673,
      0.5023696422576904,
      0.7630331516265869,
      0.8625592589378357,
      0.9146919250488281,
      0.928909957408905,
      0.9241706132888794,
      0.9573459625244141,
      0.9478672742843628,
      0.9099525809288025,
      0.9620853066444397,
      0.9763033390045166,
      0.9763033390045166,
      0.9857819676399231,
      0.9857819676399231,
      0.9857819676399231,
      0.9952606558799744,
      0.9810426831245422
    ],
    "val_accuracy_history": [
      0.2641509473323822,
      0.4150943458080292,
      0.49056604504585266,
      0.698113203048706,
      0.849056601524353,
      0.8679245114326477,
      0.8867924809455872,
      0.8867924809455872,
      0.9245283007621765,
      0.9056603908538818,
      0.8867924809455872,
      0.9245283007621765,
      0.9245283007621765,
      0.9245283007621765,
      0.9245283007621765,
      0.9245283007621765,
      0.9245283007621765,
      0.9056603908538818,
      0.9245283007621765,
      0.8867924809455872
    ],
    "train_loss_history": [
      2.3208200931549072,
      2.1223337650299072,
      1.85829758644104,
      1.529224157333374,
      1.1839532852172852,
      0.9012090563774109,
      0.6763079166412354,
      0.490042507648468,
      0.39190587401390076,
      0.3060719668865204,
      0.29095813632011414,
      0.33573246002197266,
      0.2149788737297058,
      0.14778068661689758,
      0.12052065879106522,
      0.096470907330513,
      0.07715504616498947,
      0.06746570765972137,
      0.056830525398254395,
      0.08779935538768768
    ],
    "val_loss_history": [
      2.197357416152954,
      1.9732264280319214,
      1.6607892513275146,
      1.3291285037994385,
      1.0407207012176514,
      0.7985364198684692,
      0.5808991193771362,
      0.5012154579162598,
      0.392497181892395,
      0.4828113317489624,
      0.38252922892570496,
      0.4187639355659485,
      0.3749181032180786,
      0.2864812910556793,
      0.27466148138046265,
      0.2835720479488373,
      0.280147910118103,
      0.3377765417098999,
      0.2953713536262512,
      0.40197494626045227
    ]
  }
}