{
  "timestamp": "CNN_LSTM_Arduino_20250718_154426",
  "test_loss": 0.613976240158081,
  "test_accuracy": 0.8484848737716675,
  "class_distribution": {
    "true": {
      "3": 6,
      "4": 6,
      "0": 6,
      "10": 6,
      "5": 6,
      "8": 6,
      "9": 6,
      "1": 6,
      "7": 6,
      "6": 6,
      "2": 6
    },
    "predicted": {
      "3": 7,
      "4": 6,
      "0": 10,
      "10": 6,
      "5": 5,
      "8": 4,
      "9": 7,
      "1": 4,
      "7": 7,
      "2": 5,
      "6": 5
    }
  },
  "per_class_accuracy": {
    "Zero": 1.0,
    "One": 0.6666666666666666,
    "Two": 0.8333333333333334,
    "Three": 1.0,
    "Four": 1.0,
    "Five": 0.8333333333333334,
    "Six": 0.8333333333333334,
    "Seven": 0.8333333333333334,
    "Eight": 0.5,
    "Nine": 0.8333333333333334,
    "Static": 1.0
  },
  "confusion_matrix": [
    [
      6,
      0,
      0,
      0,
      0,
      0,
      0,
      0,
      0,
      0,
      0
    ],
    [
      2,
      4,
      0,
      0,
      0,
      0,
      0,
      0,
      0,
      0,
      0
    ],
    [
      0,
      0,
      5,
      1,
      0,
      0,
      0,
      0,
      0,
      0,
      0
    ],
    [
      0,
      0,
      0,
      6,
      0,
      0,
      0,
      0,
      0,
      0,
      0
    ],
    [
      0,
      0,
      0,
      0,
      6,
      0,
      0,
      0,
      0,
      0,
      0
    ],
    [
      0,
      0,
      0,
      0,
      0,
      5,
      0,
      0,
      0,
      1,
      0
    ],
    [
      1,
      0,
      0,
      0,
      0,
      0,
      5,
      0,
      0,
      0,
      0
    ],
    [
      1,
      0,
      0,
      0,
      0,
      0,
      0,
      5,
      0,
      0,
      0
    ],
    [
      0,
      0,
      0,
      0,
      0,
      0,
      0,
      2,
      3,
      1,
      0
    ],
    [
      0,
      0,
      0,
      0,
      0,
      0,
      0,
      0,
      1,
      5,
      0
    ],
    [
      0,
      0,
      0,
      0,
      0,
      0,
      0,
      0,
      0,
      0,
      6
    ]
  ],
  "classification_report": {
    "Zero": {
      "precision": 0.6,
      "recall": 1.0,
      "f1-score": 0.7499999999999999,
      "support": 6.0
    },
    "One": {
      "precision": 1.0,
      "recall": 0.6666666666666666,
      "f1-score": 0.8,
      "support": 6.0
    },
    "Two": {
      "precision": 1.0,
      "recall": 0.8333333333333334,
      "f1-score": 0.9090909090909091,
      "support": 6.0
    },
    "Three": {
      "precision": 0.8571428571428571,
      "recall": 1.0,
      "f1-score": 0.923076923076923,
      "support": 6.0
    },
    "Four": {
      "precision": 1.0,
      "recall": 1.0,
      "f1-score": 1.0,
      "support": 6.0
    },
    "Five": {
      "precision": 1.0,
      "recall": 0.8333333333333334,
      "f1-score": 0.9090909090909091,
      "support": 6.0
    },
    "Six": {
      "precision": 1.0,
      "recall": 0.8333333333333334,
      "f1-score": 0.9090909090909091,
      "support": 6.0
    },
    "Seven": {
      "precision": 0.7142857142857143,
      "recall": 0.8333333333333334,
      "f1-score": 0.7692307692307692,
      "support": 6.0
    },
    "Eight": {
      "precision": 0.75,
      "recall": 0.5,
      "f1-score": 0.6,
      "support": 6.0
    },
    "Nine": {
      "precision": 0.7142857142857143,
      "recall": 0.8333333333333334,
      "f1-score": 0.7692307692307692,
      "support": 6.0
    },
    "Static": {
      "precision": 1.0,
      "recall": 1.0,
      "f1-score": 1.0,
      "support": 6.0
    },
    "accuracy": 0.8484848484848485,
    "macro avg": {
      "precision": 0.875974025974026,
      "recall": 0.8484848484848485,
      "f1-score": 0.8489828353464717,
      "support": 66.0
    },
    "weighted avg": {
      "precision": 0.8759740259740258,
      "recall": 0.8484848484848485,
      "f1-score": 0.8489828353464717,
      "support": 66.0
    }
  },
  "confidence_stats": {
    "mean": 0.8499747514724731,
    "min": 0.4258895218372345,
    "max": 0.9952660202980042,
    "std": 0.14241009950637817
  },
  "error_analysis": {
    "total_errors": 10,
    "error_rate": 0.15151515151515152,
    "low_confidence_predictions": 1
  },
  "training_history": {
    "epochs_trained": 20,
    "final_train_accuracy": 0.971563994884491,
    "final_val_accuracy": 0.8867924809455872,
    "final_train_loss": 0.12999503314495087,
    "final_val_loss": 0.4794730544090271,
    "best_val_accuracy": 0.9622641801834106,
    "best_val_accuracy_epoch": 8,
    "train_accuracy_history": [
      0.1516587734222412,
      0.24170616269111633,
      0.4123222827911377,
      0.6113743782043457,
      0.6777251362800598,
      0.7772511839866638,
      0.8436018824577332,
      0.8672986030578613,
      0.9146919250488281,
      0.9431279897689819,
      0.9526066184043884,
      0.9052132964134216,
      0.9383886456489563,
      0.9620853066444397,
      0.9526066184043884,
      0.9573459625244141,
      0.9383886456489563,
      0.9620853066444397,
      0.971563994884491,
      0.971563994884491
    ],
    "val_accuracy_history": [
      0.2075471729040146,
      0.24528302252292633,
      0.5471698045730591,
      0.6792452931404114,
      0.7169811129570007,
      0.849056601524353,
      0.8867924809455872,
      0.9622641801834106,
      0.9433962106704712,
      0.9433962106704712,
      0.9245283007621765,
      0.9056603908538818,
      0.9245283007621765,
      0.9433962106704712,
      0.9622641801834106,
      0.8679245114326477,
      0.9245283007621765,
      0.9056603908538818,
      0.9622641801834106,
      0.8867924809455872
    ],
    "train_loss_history": [
      2.279301643371582,
      2.0438992977142334,
      1.7304424047470093,
      1.3908509016036987,
      1.1190491914749146,
      0.8827385902404785,
      0.6826754808425903,
      0.5530636310577393,
      0.4480639696121216,
      0.3775573670864105,
      0.3263448178768158,
      0.4414917230606079,
      0.3163621127605438,
      0.23709069192409515,
      0.21725395321846008,
      0.21314316987991333,
      0.2298201471567154,
      0.17746156454086304,
      0.1401296705007553,
      0.12999503314495087
    ],
    "val_loss_history": [
      2.1461169719696045,
      1.8723576068878174,
      1.5175566673278809,
      1.1941542625427246,
      0.9410916566848755,
      0.7482168078422546,
      0.5921989679336548,
      0.47709381580352783,
      0.407961368560791,
      0.37302905321121216,
      0.3795190453529358,
      0.41463980078697205,
      0.33389267325401306,
      0.27094924449920654,
      0.2420676201581955,
      0.41555342078208923,
      0.256061851978302,
      0.34392431378364563,
      0.24048596620559692,
      0.4794730544090271
    ]
  }
}