{
  "best_params": {
    "use_dropout": false,
    "learning_rate": 0.0035944647947747763,
    "batch_size": 16
  },
  "model_type": "CNN_LSTM_Arduino",
  "timestamp": "20250717_213740",
  "arduino_mode": true,
  "performance": {
    "test_accuracy": 0.5303030014038086,
    "test_loss": 1.3141636848449707
  }
}