{
  "best_params": {
    "use_dropout": false,
    "learning_rate": 0.002246476783488474,
    "batch_size": 16
  },
  "model_type": "CNN_LSTM_Arduino",
  "timestamp": "20250717_230525",
  "arduino_mode": true,
  "performance": {
    "test_accuracy": 0.8636363744735718,
    "test_loss": 0.5221022367477417
  }
}