{
  "best_params": {
    "use_dropout": true,
    "learning_rate": 0.0007884399095422712,
    "batch_size": 16
  },
  "model_type": "CNN_LSTM_Arduino",
  "timestamp": "20250717_214400",
  "arduino_mode": true,
  "performance": {
    "test_accuracy": 0.43939393758773804,
    "test_loss": 1.9503206014633179
  }
}