{
  "best_params": {
    "use_dropout": false,
    "learning_rate": 0.0009057636154188062,
    "batch_size": 16
  },
  "model_type": "CNN_LSTM_Arduino",
  "timestamp": "20250718_154426",
  "arduino_mode": true,
  "performance": {
    "test_accuracy": 0.8484848737716675,
    "test_loss": 0.613976240158081
  }
}