{
  "timestamp": "20250717_223948",
  "test_accuracy": 0.803030303030303,
  "class_distribution": {
    "true": {
      "3": 6,
      "4": 6,
      "0": 6,
      "10": 6,
      "5": 6,
      "8": 6,
      "9": 6,
      "1": 6,
      "7": 6,
      "6": 6,
      "2": 6
    },
    "predicted": {
      "3": 8,
      "4": 7,
      "0": 5,
      "10": 4,
      "5": 5,
      "8": 2,
      "9": 8,
      "1": 7,
      "7": 7,
      "2": 8,
      "6": 5
    }
  },
  "per_class_accuracy": {
    "Gesture_0": 0.8333333333333334,
    "Gesture_1": 0.8333333333333334,
    "Gesture_2": 0.8333333333333334,
    "Gesture_3": 1.0,
    "Gesture_4": 1.0,
    "Gesture_5": 0.8333333333333334,
    "Gesture_6": 0.6666666666666666,
    "Gesture_7": 0.8333333333333334,
    "Gesture_8": 0.3333333333333333,
    "Gesture_9": 1.0,
    "Gesture_10": 0.6666666666666666
  },
  "confusion_matrix": [
    [
      5,
      0,
      0,
      0,
      0,
      0,
      1,
      0,
      0,
      0,
      0
    ],
    [
      0,
      5,
      0,
      0,
      0,
      0,
      0,
      1,
      0,
      0,
      0
    ],
    [
      0,
      0,
      5,
      1,
      0,
      0,
      0,
      0,
      0,
      0,
      0
    ],
    [
      0,
      0,
      0,
      6,
      0,
      0,
      0,
      0,
      0,
      0,
      0
    ],
    [
      0,
      0,
      0,
      0,
      6,
      0,
      0,
      0,
      0,
      0,
      0
    ],
    [
      0,
      0,
      0,
      1,
      0,
      5,
      0,
      0,
      0,
      0,
      0
    ],
    [
      0,
      1,
      0,
      0,
      0,
      0,
      4,
      1,
      0,
      0,
      0
    ],
    [
      0,
      1,
      0,
      0,
      0,
      0,
      0,
      5,
      0,
      0,
      0
    ],
    [
      0,
      0,
      3,
      0,
      0,
      0,
      0,
      0,
      2,
      1,
      0
    ],
    [
      0,
      0,
      0,
      0,
      0,
      0,
      0,
      0,
      0,
      6,
      0
    ],
    [
      0,
      0,
      0,
      0,
      1,
      0,
      0,
      0,
      0,
      1,
      4
    ]
  ],
  "classification_report": {
    "Gesture_0": {
      "precision": 1.0,
      "recall": 0.8333333333333334,
      "f1-score": 0.9090909090909091,
      "support": 6.0
    },
    "Gesture_1": {
      "precision": 0.7142857142857143,
      "recall": 0.8333333333333334,
      "f1-score": 0.7692307692307692,
      "support": 6.0
    },
    "Gesture_2": {
      "precision": 0.625,
      "recall": 0.8333333333333334,
      "f1-score": 0.7142857142857143,
      "support": 6.0
    },
    "Gesture_3": {
      "precision": 0.75,
      "recall": 1.0,
      "f1-score": 0.8571428571428571,
      "support": 6.0
    },
    "Gesture_4": {
      "precision": 0.8571428571428571,
      "recall": 1.0,
      "f1-score": 0.923076923076923,
      "support": 6.0
    },
    "Gesture_5": {
      "precision": 1.0,
      "recall": 0.8333333333333334,
      "f1-score": 0.9090909090909091,
      "support": 6.0
    },
    "Gesture_6": {
      "precision": 0.8,
      "recall": 0.6666666666666666,
      "f1-score": 0.7272727272727272,
      "support": 6.0
    },
    "Gesture_7": {
      "precision": 0.7142857142857143,
      "recall": 0.8333333333333334,
      "f1-score": 0.7692307692307692,
      "support": 6.0
    },
    "Gesture_8": {
      "precision": 1.0,
      "recall": 0.3333333333333333,
      "f1-score": 0.5,
      "support": 6.0
    },
    "Gesture_9": {
      "precision": 0.75,
      "recall": 1.0,
      "f1-score": 0.8571428571428571,
      "support": 6.0
    },
    "Gesture_10": {
      "precision": 1.0,
      "recall": 0.6666666666666666,
      "f1-score": 0.8,
      "support": 6.0
    },
    "accuracy": 0.803030303030303,
    "macro avg": {
      "precision": 0.8373376623376623,
      "recall": 0.8030303030303031,
      "f1-score": 0.7941422214149486,
      "support": 66.0
    },
    "weighted avg": {
      "precision": 0.8373376623376623,
      "recall": 0.803030303030303,
      "f1-score": 0.7941422214149486,
      "support": 66.0
    }
  },
  "confidence_stats": {
    "mean": 0.6892979145050049,
    "min": 0.1844201385974884,
    "max": 0.949207067489624,
    "std": 0.20985327661037445
  },
  "error_analysis": {
    "total_errors": 13,
    "error_rate": 0.19696969696969696,
    "low_confidence_predictions": 13
  }
}