{
  "timestamp": "20250717_212432",
  "test_accuracy": 0.7727272727272727,
  "class_distribution": {
    "true": {
      "3": 6,
      "4": 6,
      "0": 6,
      "10": 6,
      "5": 6,
      "8": 6,
      "9": 6,
      "1": 6,
      "7": 6,
      "6": 6,
      "2": 6
    },
    "predicted": {
      "3": 7,
      "4": 8,
      "0": 6,
      "10": 3,
      "5": 5,
      "8": 2,
      "9": 9,
      "7": 11,
      "6": 8,
      "2": 4,
      "1": 3
    }
  },
  "per_class_accuracy": {
    "Gesture_0": 0.6666666666666666,
    "Gesture_1": 0.5,
    "Gesture_2": 0.6666666666666666,
    "Gesture_3": 1.0,
    "Gesture_4": 1.0,
    "Gesture_5": 0.8333333333333334,
    "Gesture_6": 1.0,
    "Gesture_7": 1.0,
    "Gesture_8": 0.3333333333333333,
    "Gesture_9": 1.0,
    "Gesture_10": 0.5
  },
  "confusion_matrix": [
    [
      4,
      0,
      0,
      0,
      0,
      0,
      2,
      0,
      0,
      0,
      0
    ],
    [
      0,
      3,
      0,
      0,
      0,
      0,
      0,
      3,
      0,
      0,
      0
    ],
    [
      2,
      0,
      4,
      0,
      0,
      0,
      0,
      0,
      0,
      0,
      0
    ],
    [
      0,
      0,
      0,
      6,
      0,
      0,
      0,
      0,
      0,
      0,
      0
    ],
    [
      0,
      0,
      0,
      0,
      6,
      0,
      0,
      0,
      0,
      0,
      0
    ],
    [
      0,
      0,
      0,
      1,
      0,
      5,
      0,
      0,
      0,
      0,
      0
    ],
    [
      0,
      0,
      0,
      0,
      0,
      0,
      6,
      0,
      0,
      0,
      0
    ],
    [
      0,
      0,
      0,
      0,
      0,
      0,
      0,
      6,
      0,
      0,
      0
    ],
    [
      0,
      0,
      0,
      0,
      0,
      0,
      0,
      2,
      2,
      2,
      0
    ],
    [
      0,
      0,
      0,
      0,
      0,
      0,
      0,
      0,
      0,
      6,
      0
    ],
    [
      0,
      0,
      0,
      0,
      2,
      0,
      0,
      0,
      0,
      1,
      3
    ]
  ],
  "classification_report": {
    "Gesture_0": {
      "precision": 0.6666666666666666,
      "recall": 0.6666666666666666,
      "f1-score": 0.6666666666666666,
      "support": 6.0
    },
    "Gesture_1": {
      "precision": 1.0,
      "recall": 0.5,
      "f1-score": 0.6666666666666666,
      "support": 6.0
    },
    "Gesture_2": {
      "precision": 1.0,
      "recall": 0.6666666666666666,
      "f1-score": 0.8,
      "support": 6.0
    },
    "Gesture_3": {
      "precision": 0.8571428571428571,
      "recall": 1.0,
      "f1-score": 0.923076923076923,
      "support": 6.0
    },
    "Gesture_4": {
      "precision": 0.75,
      "recall": 1.0,
      "f1-score": 0.8571428571428571,
      "support": 6.0
    },
    "Gesture_5": {
      "precision": 1.0,
      "recall": 0.8333333333333334,
      "f1-score": 0.9090909090909091,
      "support": 6.0
    },
    "Gesture_6": {
      "precision": 0.75,
      "recall": 1.0,
      "f1-score": 0.8571428571428571,
      "support": 6.0
    },
    "Gesture_7": {
      "precision": 0.5454545454545454,
      "recall": 1.0,
      "f1-score": 0.7058823529411764,
      "support": 6.0
    },
    "Gesture_8": {
      "precision": 1.0,
      "recall": 0.3333333333333333,
      "f1-score": 0.5,
      "support": 6.0
    },
    "Gesture_9": {
      "precision": 0.6666666666666666,
      "recall": 1.0,
      "f1-score": 0.8,
      "support": 6.0
    },
    "Gesture_10": {
      "precision": 1.0,
      "recall": 0.5,
      "f1-score": 0.6666666666666666,
      "support": 6.0
    },
    "accuracy": 0.7727272727272727,
    "macro avg": {
      "precision": 0.8396300669027941,
      "recall": 0.7727272727272727,
      "f1-score": 0.7593032635813384,
      "support": 66.0
    },
    "weighted avg": {
      "precision": 0.8396300669027942,
      "recall": 0.7727272727272727,
      "f1-score": 0.7593032635813384,
      "support": 66.0
    }
  },
  "confidence_stats": {
    "mean": 0.12587964534759521,
    "min": 0.09484987705945969,
    "max": 0.14526081085205078,
    "std": 0.011179834604263306
  },
  "error_analysis": {
    "total_errors": 15,
    "error_rate": 0.22727272727272727,
    "low_confidence_predictions": 66
  }
}