{
  "timestamp": "20250717_222005",
  "test_accuracy": 0.8484848484848485,
  "class_distribution": {
    "true": {
      "3": 6,
      "4": 6,
      "0": 6,
      "10": 6,
      "5": 6,
      "8": 6,
      "9": 6,
      "1": 6,
      "7": 6,
      "6": 6,
      "2": 6
    },
    "predicted": {
      "3": 8,
      "4": 6,
      "0": 5,
      "10": 4,
      "5": 5,
      "8": 3,
      "9": 9,
      "1": 6,
      "7": 7,
      "2": 7,
      "6": 6
    }
  },
  "per_class_accuracy": {
    "Gesture_0": 0.8333333333333334,
    "Gesture_1": 0.8333333333333334,
    "Gesture_2": 0.8333333333333334,
    "Gesture_3": 1.0,
    "Gesture_4": 1.0,
    "Gesture_5": 0.8333333333333334,
    "Gesture_6": 0.8333333333333334,
    "Gesture_7": 1.0,
    "Gesture_8": 0.5,
    "Gesture_9": 1.0,
    "Gesture_10": 0.6666666666666666
  },
  "confusion_matrix": [
    [
      5,
      0,
      0,
      0,
      0,
      0,
      1,
      0,
      0,
      0,
      0
    ],
    [
      0,
      5,
      0,
      0,
      0,
      0,
      0,
      1,
      0,
      0,
      0
    ],
    [
      0,
      0,
      5,
      1,
      0,
      0,
      0,
      0,
      0,
      0,
      0
    ],
    [
      0,
      0,
      0,
      6,
      0,
      0,
      0,
      0,
      0,
      0,
      0
    ],
    [
      0,
      0,
      0,
      0,
      6,
      0,
      0,
      0,
      0,
      0,
      0
    ],
    [
      0,
      0,
      0,
      1,
      0,
      5,
      0,
      0,
      0,
      0,
      0
    ],
    [
      0,
      1,
      0,
      0,
      0,
      0,
      5,
      0,
      0,
      0,
      0
    ],
    [
      0,
      0,
      0,
      0,
      0,
      0,
      0,
      6,
      0,
      0,
      0
    ],
    [
      0,
      0,
      2,
      0,
      0,
      0,
      0,
      0,
      3,
      1,
      0
    ],
    [
      0,
      0,
      0,
      0,
      0,
      0,
      0,
      0,
      0,
      6,
      0
    ],
    [
      0,
      0,
      0,
      0,
      0,
      0,
      0,
      0,
      0,
      2,
      4
    ]
  ],
  "classification_report": {
    "Gesture_0": {
      "precision": 1.0,
      "recall": 0.8333333333333334,
      "f1-score": 0.9090909090909091,
      "support": 6.0
    },
    "Gesture_1": {
      "precision": 0.8333333333333334,
      "recall": 0.8333333333333334,
      "f1-score": 0.8333333333333334,
      "support": 6.0
    },
    "Gesture_2": {
      "precision": 0.7142857142857143,
      "recall": 0.8333333333333334,
      "f1-score": 0.7692307692307692,
      "support": 6.0
    },
    "Gesture_3": {
      "precision": 0.75,
      "recall": 1.0,
      "f1-score": 0.8571428571428571,
      "support": 6.0
    },
    "Gesture_4": {
      "precision": 1.0,
      "recall": 1.0,
      "f1-score": 1.0,
      "support": 6.0
    },
    "Gesture_5": {
      "precision": 1.0,
      "recall": 0.8333333333333334,
      "f1-score": 0.9090909090909091,
      "support": 6.0
    },
    "Gesture_6": {
      "precision": 0.8333333333333334,
      "recall": 0.8333333333333334,
      "f1-score": 0.8333333333333334,
      "support": 6.0
    },
    "Gesture_7": {
      "precision": 0.8571428571428571,
      "recall": 1.0,
      "f1-score": 0.923076923076923,
      "support": 6.0
    },
    "Gesture_8": {
      "precision": 1.0,
      "recall": 0.5,
      "f1-score": 0.6666666666666666,
      "support": 6.0
    },
    "Gesture_9": {
      "precision": 0.6666666666666666,
      "recall": 1.0,
      "f1-score": 0.8,
      "support": 6.0
    },
    "Gesture_10": {
      "precision": 1.0,
      "recall": 0.6666666666666666,
      "f1-score": 0.8,
      "support": 6.0
    },
    "accuracy": 0.8484848484848485,
    "macro avg": {
      "precision": 0.8777056277056278,
      "recall": 0.8484848484848485,
      "f1-score": 0.8455423364514275,
      "support": 66.0
    },
    "weighted avg": {
      "precision": 0.8777056277056278,
      "recall": 0.8484848484848485,
      "f1-score": 0.8455423364514273,
      "support": 66.0
    }
  },
  "confidence_stats": {
    "mean": 0.6415948271751404,
    "min": 0.18080765008926392,
    "max": 0.9437739253044128,
    "std": 0.20001395046710968
  },
  "error_analysis": {
    "total_errors": 10,
    "error_rate": 0.15151515151515152,
    "low_confidence_predictions": 15
  }
}