{
  "timestamp": "20250717_232033",
  "test_accuracy": 0.8333333333333334,
  "class_distribution": {
    "true": {
      "3": 6,
      "4": 6,
      "0": 6,
      "10": 6,
      "5": 6,
      "8": 6,
      "9": 6,
      "1": 6,
      "7": 6,
      "6": 6,
      "2": 6
    },
    "predicted": {
      "3": 8,
      "4": 7,
      "0": 5,
      "10": 5,
      "5": 5,
      "8": 2,
      "9": 6,
      "1": 5,
      "7": 9,
      "2": 9,
      "6": 5
    }
  },
  "per_class_accuracy": {
    "Gesture_0": 0.8333333333333334,
    "Gesture_1": 0.8333333333333334,
    "Gesture_2": 0.8333333333333334,
    "Gesture_3": 1.0,
    "Gesture_4": 1.0,
    "Gesture_5": 0.8333333333333334,
    "Gesture_6": 0.6666666666666666,
    "Gesture_7": 1.0,
    "Gesture_8": 0.3333333333333333,
    "Gesture_9": 1.0,
    "Gesture_10": 0.8333333333333334
  },
  "confusion_matrix": [
    [
      5,
      0,
      0,
      0,
      0,
      0,
      1,
      0,
      0,
      0,
      0
    ],
    [
      0,
      5,
      0,
      0,
      0,
      0,
      0,
      1,
      0,
      0,
      0
    ],
    [
      0,
      0,
      5,
      1,
      0,
      0,
      0,
      0,
      0,
      0,
      0
    ],
    [
      0,
      0,
      0,
      6,
      0,
      0,
      0,
      0,
      0,
      0,
      0
    ],
    [
      0,
      0,
      0,
      0,
      6,
      0,
      0,
      0,
      0,
      0,
      0
    ],
    [
      0,
      0,
      0,
      1,
      0,
      5,
      0,
      0,
      0,
      0,
      0
    ],
    [
      0,
      0,
      0,
      0,
      0,
      0,
      4,
      2,
      0,
      0,
      0
    ],
    [
      0,
      0,
      0,
      0,
      0,
      0,
      0,
      6,
      0,
      0,
      0
    ],
    [
      0,
      0,
      4,
      0,
      0,
      0,
      0,
      0,
      2,
      0,
      0
    ],
    [
      0,
      0,
      0,
      0,
      0,
      0,
      0,
      0,
      0,
      6,
      0
    ],
    [
      0,
      0,
      0,
      0,
      1,
      0,
      0,
      0,
      0,
      0,
      5
    ]
  ],
  "classification_report": {
    "Gesture_0": {
      "precision": 1.0,
      "recall": 0.8333333333333334,
      "f1-score": 0.9090909090909091,
      "support": 6.0
    },
    "Gesture_1": {
      "precision": 1.0,
      "recall": 0.8333333333333334,
      "f1-score": 0.9090909090909091,
      "support": 6.0
    },
    "Gesture_2": {
      "precision": 0.5555555555555556,
      "recall": 0.8333333333333334,
      "f1-score": 0.6666666666666667,
      "support": 6.0
    },
    "Gesture_3": {
      "precision": 0.75,
      "recall": 1.0,
      "f1-score": 0.8571428571428571,
      "support": 6.0
    },
    "Gesture_4": {
      "precision": 0.8571428571428571,
      "recall": 1.0,
      "f1-score": 0.923076923076923,
      "support": 6.0
    },
    "Gesture_5": {
      "precision": 1.0,
      "recall": 0.8333333333333334,
      "f1-score": 0.9090909090909091,
      "support": 6.0
    },
    "Gesture_6": {
      "precision": 0.8,
      "recall": 0.6666666666666666,
      "f1-score": 0.7272727272727272,
      "support": 6.0
    },
    "Gesture_7": {
      "precision": 0.6666666666666666,
      "recall": 1.0,
      "f1-score": 0.8,
      "support": 6.0
    },
    "Gesture_8": {
      "precision": 1.0,
      "recall": 0.3333333333333333,
      "f1-score": 0.5,
      "support": 6.0
    },
    "Gesture_9": {
      "precision": 1.0,
      "recall": 1.0,
      "f1-score": 1.0,
      "support": 6.0
    },
    "Gesture_10": {
      "precision": 1.0,
      "recall": 0.8333333333333334,
      "f1-score": 0.9090909090909091,
      "support": 6.0
    },
    "accuracy": 0.8333333333333334,
    "macro avg": {
      "precision": 0.8753968253968254,
      "recall": 0.8333333333333333,
      "f1-score": 0.8282293464111645,
      "support": 66.0
    },
    "weighted avg": {
      "precision": 0.8753968253968254,
      "recall": 0.8333333333333334,
      "f1-score": 0.8282293464111646,
      "support": 66.0
    }
  },
  "confidence_stats": {
    "mean": 0.5448349714279175,
    "min": 0.17886005342006683,
    "max": 0.8816468715667725,
    "std": 0.18974390625953674
  },
  "error_analysis": {
    "total_errors": 11,
    "error_rate": 0.16666666666666666,
    "low_confidence_predictions": 31
  }
}