{
  "best_params": {
    "n_estimators": 25,
    "max_depth": 4,
    "learning_rate": 0.2607231553371365,
    "subsample": 0.7092623702596311,
    "colsample_bytree": 0.8693539900579953,
    "gamma": 1.4724444410161328,
    "min_child_weight": 5,
    "reg_alpha": 0.3111262194546119,
    "reg_lambda": 0.10346287568327285
  },
  "model_type": "XGBoost_Arduino",
  "timestamp": "20250717_232033",
  "arduino_mode": true,
  "performance": {
    "train_acc": 0.990521327014218,
    "val_acc": 0.9245283018867925,
    "test_acc": 0.8333333333333334
  },
  "model_info": {
    "n_features": 20,
    "n_classes": 11,
    "file_size_mb": 0.0665140151977539,
    "max_estimators": 50,
    "max_depth": 4
  }
}