{
  "best_params": {
    "n_estimators": 19,
    "max_depth": 4,
    "learning_rate": 0.012433834580904062,
    "subsample": 0.8111041046004575,
    "colsample_bytree": 0.7296130976362909,
    "gamma": 0.7244359963232667,
    "min_child_weight": 5,
    "reg_alpha": 0.1220106160580714,
    "reg_lambda": 0.4411141103420936
  },
  "model_type": "XGBoost_Arduino",
  "timestamp": "20250717_212432",
  "arduino_mode": true,
  "performance": {
    "train_acc": 0.919431279620853,
    "val_acc": 0.8867924528301887,
    "test_acc": 0.7727272727272727
  },
  "model_info": {
    "n_features": 20,
    "n_classes": 11,
    "file_size_mb": 0.074127197265625,
    "max_estimators": 50,
    "max_depth": 4
  }
}