{
  "best_params": {
    "n_estimators": 47,
    "max_depth": 2,
    "learning_rate": 0.2237760583047139,
    "subsample": 0.75254972575435,
    "colsample_bytree": 0.7230854417793761,
    "gamma": 1.2804129279419352,
    "min_child_weight": 1,
    "reg_alpha": 0.004072585915137393,
    "reg_lambda": 0.3000855377238837
  },
  "model_type": "XGBoost_Arduino",
  "timestamp": "20250718_162251",
  "arduino_mode": true,
  "performance": {
    "train_acc": 1.0,
    "val_acc": 0.9245283018867925,
    "test_acc": 0.8181818181818182
  },
  "model_info": {
    "n_features": 20,
    "n_classes": 11,
    "file_size_mb": 0.10623550415039062,
    "max_estimators": 50,
    "max_depth": 4
  }
}