{
  "best_params": {
    "n_estimators": 43,
    "max_depth": 4,
    "learning_rate": 0.13488701330021216,
    "subsample": 0.8075540302325571,
    "colsample_bytree": 0.7589533182896289,
    "gamma": 0.3296385533720003,
    "min_child_weight": 2,
    "reg_alpha": 0.49624778510673534,
    "reg_lambda": 0.45842247367660227
  },
  "model_type": "XGBoost_Arduino",
  "timestamp": "20250717_223948",
  "arduino_mode": true,
  "performance": {
    "train_acc": 1.0,
    "val_acc": 0.9245283018867925,
    "test_acc": 0.803030303030303
  },
  "model_info": {
    "n_features": 20,
    "n_classes": 11,
    "file_size_mb": 0.20148754119873047,
    "max_estimators": 50,
    "max_depth": 4
  }
}