{
  "model_type": "XGBoost",
  "mode": "arduino",
  "timestamp": "20250717_211459",
  "best_params": {
    "n_estimators": 12,
    "max_depth": 3,
    "learning_rate": 0.1526268566034999,
    "subsample": 0.845108498815943,
    "colsample_bytree": 0.7134948522361457
  },
  "test_accuracy": 0.8181818181818182,
  "file_size_mb": 0.094696044921875
}