{
  "best_params": {
    "n_estimators": 49,
    "max_depth": 3,
    "learning_rate": 0.2978419492012541,
    "subsample": 0.733415444449022,
    "colsample_bytree": 0.7199292151833558,
    "gamma": 0.010641094404309867,
    "min_child_weight": 3,
    "reg_alpha": 0.23921641490934076,
    "reg_lambda": 0.26193151094850786
  },
  "model_type": "XGBoost_Arduino",
  "timestamp": "20250713_202754",
  "arduino_mode": true,
  "performance": {
    "train_acc": 1.0,
    "val_acc": 0.9433962264150944,
    "test_acc": 0.8333333333333334
  },
  "model_info": {
    "n_features": 20,
    "n_classes": 11,
    "file_size_mb": 0.141204833984375,
    "max_estimators": 50,
    "max_depth": 4
  }
}