{
  "timestamp": "Transformer_Encoder_20250708_201118",
  "test_loss": 0.10786375403404236,
  "test_accuracy": 0.9090909361839294,
  "class_distribution": {
    "true": {
      "10": 2,
      "2": 2,
      "1": 2,
      "5": 2,
      "7": 2,
      "9": 2,
      "6": 2,
      "4": 2,
      "3": 2,
      "8": 2,
      "0": 2
    },
    "predicted": {
      "10": 2,
      "1": 3,
      "5": 2,
      "7": 2,
      "9": 3,
      "6": 2,
      "4": 2,
      "3": 2,
      "8": 1,
      "2": 1,
      "0": 2
    }
  },
  "per_class_accuracy": {
    "Zero": 1.0,
    "One": 1.0,
    "Two": 0.5,
    "Three": 1.0,
    "Four": 1.0,
    "Five": 1.0,
    "Six": 1.0,
    "Seven": 1.0,
    "Eight": 0.5,
    "Nine": 1.0,
    "Static": 1.0
  },
  "confusion_matrix": [
    [
      2,
      0,
      0,
      0,
      0,
      0,
      0,
      0,
      0,
      0,
      0
    ],
    [
      0,
      2,
      0,
      0,
      0,
      0,
      0,
      0,
      0,
      0,
      0
    ],
    [
      0,
      1,
      1,
      0,
      0,
      0,
      0,
      0,
      0,
      0,
      0
    ],
    [
      0,
      0,
      0,
      2,
      0,
      0,
      0,
      0,
      0,
      0,
      0
    ],
    [
      0,
      0,
      0,
      0,
      2,
      0,
      0,
      0,
      0,
      0,
      0
    ],
    [
      0,
      0,
      0,
      0,
      0,
      2,
      0,
      0,
      0,
      0,
      0
    ],
    [
      0,
      0,
      0,
      0,
      0,
      0,
      2,
      0,
      0,
      0,
      0
    ],
    [
      0,
      0,
      0,
      0,
      0,
      0,
      0,
      2,
      0,
      0,
      0
    ],
    [
      0,
      0,
      0,
      0,
      0,
      0,
      0,
      0,
      1,
      1,
      0
    ],
    [
      0,
      0,
      0,
      0,
      0,
      0,
      0,
      0,
      0,
      2,
      0
    ],
    [
      0,
      0,
      0,
      0,
      0,
      0,
      0,
      0,
      0,
      0,
      2
    ]
  ],
  "classification_report": {
    "Zero": {
      "precision": 1.0,
      "recall": 1.0,
      "f1-score": 1.0,
      "support": 2.0
    },
    "One": {
      "precision": 0.6666666666666666,
      "recall": 1.0,
      "f1-score": 0.8,
      "support": 2.0
    },
    "Two": {
      "precision": 1.0,
      "recall": 0.5,
      "f1-score": 0.6666666666666666,
      "support": 2.0
    },
    "Three": {
      "precision": 1.0,
      "recall": 1.0,
      "f1-score": 1.0,
      "support": 2.0
    },
    "Four": {
      "precision": 1.0,
      "recall": 1.0,
      "f1-score": 1.0,
      "support": 2.0
    },
    "Five": {
      "precision": 1.0,
      "recall": 1.0,
      "f1-score": 1.0,
      "support": 2.0
    },
    "Six": {
      "precision": 1.0,
      "recall": 1.0,
      "f1-score": 1.0,
      "support": 2.0
    },
    "Seven": {
      "precision": 1.0,
      "recall": 1.0,
      "f1-score": 1.0,
      "support": 2.0
    },
    "Eight": {
      "precision": 1.0,
      "recall": 0.5,
      "f1-score": 0.6666666666666666,
      "support": 2.0
    },
    "Nine": {
      "precision": 0.6666666666666666,
      "recall": 1.0,
      "f1-score": 0.8,
      "support": 2.0
    },
    "Static": {
      "precision": 1.0,
      "recall": 1.0,
      "f1-score": 1.0,
      "support": 2.0
    },
    "accuracy": 0.9090909090909091,
    "macro avg": {
      "precision": 0.9393939393939393,
      "recall": 0.9090909090909091,
      "f1-score": 0.9030303030303031,
      "support": 22.0
    },
    "weighted avg": {
      "precision": 0.9393939393939393,
      "recall": 0.9090909090909091,
      "f1-score": 0.9030303030303031,
      "support": 22.0
    }
  },
  "confidence_stats": {
    "mean": 0.9577865600585938,
    "min": 0.5362899303436279,
    "max": 0.9997552633285522,
    "std": 0.10920248180627823
  },
  "error_analysis": {
    "total_errors": 2,
    "error_rate": 0.09090909090909091,
    "low_confidence_predictions": 0
  },
  "training_history": {
    "epochs_trained": 85,
    "final_train_accuracy": 1.0,
    "final_val_accuracy": 1.0,
    "final_train_loss": 0.028982175514101982,
    "final_val_loss": 0.01151222176849842,
    "best_val_accuracy": 1.0,
    "best_val_accuracy_epoch": 7,
    "train_accuracy_history": [
      0.11428571492433548,
      0.5285714268684387,
      0.6428571343421936,
      0.699999988079071,
      0.6285714507102966,
      0.7142857313156128,
      0.699999988079071,
      0.8142856955528259,
      0.7857142686843872,
      0.7857142686843872,
      0.8428571224212646,
      0.8285714387893677,
      0.8142856955528259,
      0.8714285492897034,
      0.8428571224212646,
      0.8285714387893677,
      0.8428571224212646,
      0.8571428656578064,
      0.8999999761581421,
      0.9285714030265808,
      0.9428571462631226,
      0.9142857193946838,
      0.9142857193946838,
      0.9285714030265808,
      0.9571428298950195,
      0.9571428298950195,
      0.9857142567634583,
      0.9571428298950195,
      0.9714285731315613,
      0.9428571462631226,
      0.9714285731315613,
      0.9857142567634583,
      0.9857142567634583,
      0.9714285731315613,
      0.9857142567634583,
      0.9428571462631226,
      0.9857142567634583,
      0.9857142567634583,
      0.9857142567634583,
      1.0,
      0.9857142567634583,
      0.9857142567634583,
      1.0,
      1.0,
      0.9714285731315613,
      0.9714285731315613,
      0.9857142567634583,
      0.9714285731315613,
      0.9857142567634583,
      0.9857142567634583,
      1.0,
      1.0,
      0.9857142567634583,
      1.0,
      1.0,
      0.9714285731315613,
      1.0,
      1.0,
      1.0,
      1.0,
      1.0,
      1.0,
      0.9857142567634583,
      1.0,
      1.0,
      1.0,
      0.9857142567634583,
      1.0,
      1.0,
      1.0,
      0.9857142567634583,
      1.0,
      0.9714285731315613,
      0.9714285731315613,
      1.0,
      1.0,
      1.0,
      1.0,
      1.0,
      1.0,
      1.0,
      1.0,
      1.0,
      0.9857142567634583,
      1.0
    ],
    "val_accuracy_history": [
      0.6666666865348816,
      0.7222222089767456,
      0.8333333134651184,
      0.7777777910232544,
      0.8888888955116272,
      0.9444444179534912,
      1.0,
      1.0,
      1.0,
      1.0,
      0.9444444179534912,
      1.0,
      0.8888888955116272,
      0.8888888955116272,
      0.9444444179534912,
      1.0,
      1.0,
      1.0,
      1.0,
      1.0,
      1.0,
      0.9444444179534912,
      1.0,
      1.0,
      1.0,
      1.0,
      1.0,
      1.0,
      1.0,
      1.0,
      1.0,
      1.0,
      1.0,
      1.0,
      0.9444444179534912,
      0.9444444179534912,
      1.0,
      1.0,
      1.0,
      1.0,
      0.9444444179534912,
      0.9444444179534912,
      1.0,
      1.0,
      1.0,
      1.0,
      0.9444444179534912,
      0.9444444179534912,
      1.0,
      1.0,
      1.0,
      1.0,
      1.0,
      1.0,
      1.0,
      1.0,
      0.9444444179534912,
      0.9444444179534912,
      1.0,
      1.0,
      1.0,
      1.0,
      1.0,
      1.0,
      1.0,
      1.0,
      1.0,
      1.0,
      1.0,
      1.0,
      0.9444444179534912,
      0.9444444179534912,
      1.0,
      1.0,
      1.0,
      1.0,
      1.0,
      1.0,
      1.0,
      1.0,
      1.0,
      1.0,
      1.0,
      1.0,
      1.0
    ],