{
  "timestamp": "Transformer_Encoder_20250718_160942",
  "test_loss": 0.6926071047782898,
  "test_accuracy": 0.8030303120613098,
  "class_distribution": {
    "true": {
      "3": 6,
      "4": 6,
      "0": 6,
      "10": 6,
      "5": 6,
      "8": 6,
      "9": 6,
      "1": 6,
      "7": 6,
      "6": 6,
      "2": 6
    },
    "predicted": {
      "3": 6,
      "4": 10,
      "0": 7,
      "10": 4,
      "5": 5,
      "8": 4,
      "9": 6,
      "7": 7,
      "6": 6,
      "2": 7,
      "1": 4
    }
  },
  "per_class_accuracy": {
    "Zero": 1.0,
    "One": 0.5,
    "Two": 0.8333333333333334,
    "Three": 0.8333333333333334,
    "Four": 1.0,
    "Five": 0.8333333333333334,
    "Six": 1.0,
    "Seven": 0.8333333333333334,
    "Eight": 0.5,
    "Nine": 0.8333333333333334,
    "Static": 0.6666666666666666
  },
  "confusion_matrix": [
    [
      6,
      0,
      0,
      0,
      0,
      0,
      0,
      0,
      0,
      0,
      0
    ],
    [
      1,
      3,
      1,
      0,
      0,
      0,
      0,
      1,
      0,
      0,
      0
    ],
    [
      0,
      0,
      5,
      1,
      0,
      0,
      0,
      0,
      0,
      0,
      0
    ],
    [
      0,
      0,
      0,
      5,
      1,
      0,
      0,
      0,
      0,
      0,
      0
    ],
    [
      0,
      0,
      0,
      0,
      6,
      0,
      0,
      0,
      0,
      0,
      0
    ],
    [
      0,
      0,
      0,
      0,
      1,
      5,
      0,
      0,
      0,
      0,
      0
    ],
    [
      0,
      0,
      0,
      0,
      0,
      0,
      6,
      0,
      0,
      0,
      0
    ],
    [
      0,
      1,
      0,
      0,
      0,
      0,
      0,
      5,
      0,
      0,
      0
    ],
    [
      0,
      0,
      1,
      0,
      0,
      0,
      0,
      1,
      3,
      1,
      0
    ],
    [
      0,
      0,
      0,
      0,
      0,
      0,
      0,
      0,
      1,
      5,
      0
    ],
    [
      0,
      0,
      0,
      0,
      2,
      0,
      0,
      0,
      0,
      0,
      4
    ]
  ],
  "classification_report": {
    "Zero": {
      "precision": 0.8571428571428571,
      "recall": 1.0,
      "f1-score": 0.923076923076923,
      "support": 6.0
    },
    "One": {
      "precision": 0.75,
      "recall": 0.5,
      "f1-score": 0.6,
      "support": 6.0
    },
    "Two": {
      "precision": 0.7142857142857143,
      "recall": 0.8333333333333334,
      "f1-score": 0.7692307692307692,
      "support": 6.0
    },
    "Three": {
      "precision": 0.8333333333333334,
      "recall": 0.8333333333333334,
      "f1-score": 0.8333333333333334,
      "support": 6.0
    },
    "Four": {
      "precision": 0.6,
      "recall": 1.0,
      "f1-score": 0.7499999999999999,
      "support": 6.0
    },
    "Five": {
      "precision": 1.0,
      "recall": 0.8333333333333334,
      "f1-score": 0.9090909090909091,
      "support": 6.0
    },
    "Six": {
      "precision": 1.0,
      "recall": 1.0,
      "f1-score": 1.0,
      "support": 6.0
    },
    "Seven": {
      "precision": 0.7142857142857143,
      "recall": 0.8333333333333334,
      "f1-score": 0.7692307692307692,
      "support": 6.0
    },
    "Eight": {
      "precision": 0.75,
      "recall": 0.5,
      "f1-score": 0.6,
      "support": 6.0
    },
    "Nine": {
      "precision": 0.8333333333333334,
      "recall": 0.8333333333333334,
      "f1-score": 0.8333333333333334,
      "support": 6.0
    },
    "Static": {
      "precision": 1.0,
      "recall": 0.6666666666666666,
      "f1-score": 0.8,
      "support": 6.0
    },
    "accuracy": 0.803030303030303,
    "macro avg": {
      "precision": 0.8229437229437231,
      "recall": 0.8030303030303031,
      "f1-score": 0.7988450942996397,
      "support": 66.0
    },
    "weighted avg": {
      "precision": 0.822943722943723,
      "recall": 0.803030303030303,
      "f1-score": 0.7988450942996398,
      "support": 66.0
    }
  },
  "confidence_stats": {
    "mean": 0.9548518061637878,
    "min": 0.5268663763999939,
    "max": 0.9999582171440125,
    "std": 0.10552225261926651
  },
  "error_analysis": {
    "total_errors": 13,
    "error_rate": 0.19696969696969696,
    "low_confidence_predictions": 0
  },
  "training_history": {
    "epochs_trained": 44,
    "final_train_accuracy": 1.0,
    "final_val_accuracy": 0.9433962106704712,
    "final_train_loss": 0.0019745139870792627,
    "final_val_loss": 0.10304111242294312,
    "best_val_accuracy": 0.9811320900917053,
    "best_val_accuracy_epoch": 4,
    "train_accuracy_history": [
      0.45497629046440125,
      0.7440758347511292,
      0.8483412265777588,
      0.8909952640533447,
      0.9194312691688538,
      0.9431279897689819,
      0.971563994884491,
      0.9620853066444397,
      0.971563994884491,
      0.9810426831245422,
      0.9763033390045166,
      0.971563994884491,
      0.9431279897689819,
      0.9573459625244141,
      0.9526066184043884,
      0.9668246507644653,
      0.971563994884491,
      0.9763033390045166,
      0.9952606558799744,
      0.9905213117599487,
      1.0,
      0.9952606558799744,
      0.9905213117599487,
      0.9905213117599487,
      1.0,
      0.9952606558799744,
      0.9952606558799744,
      0.9952606558799744,
      0.9810426831245422,
      0.9905213117599487,
      0.9952606558799744,
      0.9952606558799744,
      0.9952606558799744,
      1.0,
      1.0,
      1.0,
      1.0,
      1.0,
      1.0,
      1.0,
      1.0,
      1.0,
      1.0,
      1.0
    ],
    "val_accuracy_history": [
      0.7169811129570007,
      0.849056601524353,
      0.9622641801834106,
      0.9811320900917053,
      0.9811320900917053,
      0.9622641801834106,
      0.9622641801834106,
      0.9811320900917053,
      0.9433962106704712,
      0.9245283007621765,
      0.9622641801834106,
      0.9245283007621765,
      0.9622641801834106,
      0.9811320900917053,
      0.9622641801834106,
      0.9245283007621765,
      0.9622641801834106,
      0.9622641801834106,
      0.9245283007621765,
      0.9622641801834106,
      0.9622641801834106,
      0.9811320900917053,
      0.9811320900917053,
      0.9433962106704712,
      0.9433962106704712,
      0.9056603908538818,
      0.9433962106704712,
      0.9056603908538818,
      0.9622641801834106,
      0.9433962106704712,
      0.9245283007621765,
      0.9433962106704712,
      0.9433962106704712,
      0.9245283007621765,
      0.9245283007621765,
      0.9433962106704712,
      0.9433962106704712,
      0.9433962106704712,
      0.9433962106704712,
      0.9433962106704712,
      0.9433962106704712,
      0.9433962106704712,
      0.9433962106704712,
      0.9433962106704712
    ],
    "train_loss_history": [
      1.8110826015472412,
      1.0369131565093994,
      0.6532250642776489,
      0.42638105154037476,
      0.3068658113479614,
      0.23203910887241364,
      0.18340443074703217,
      0.1438567340373993,
      0.1160355880856514,
      0.10208382457494736,
      0.10905987024307251,
      0.12397412955760956,
      0.19029340147972107,
      0.11560219526290894,
      0.19890595972537994,
      0.10917608439922333,
      0.07578054070472717,
      0.06787092238664627,
      0.04722066968679428,
      0.04506231099367142,
      0.02538439817726612,
      0.033909764140844345,
      0.023322613909840584,
      0.034777358174324036,
      0.013516662642359734,
      0.013637218624353409,
      0.018532047048211098,
      0.037639062851667404,
      0.03165063634514809,
      0.04269951209425926,
      0.01569392904639244,
      0.018969373777508736,
      0.014527108520269394,
      0.007540470454841852,
      0.006883176974952221,
      0.005625843536108732,
      0.0036109169013798237,
      0.0037269231397658587,
      0.0034353509545326233,
      0.002511566039174795,
      0.0023188588675111532,
      0.002321965526789427,
      0.0020650941878557205,
      0.0019745139870792627
    ],