{
  "timestamp": "Transformer_Encoder_20250712_020921",
  "test_loss": 0.5160209536552429,
  "test_accuracy": 0.9090909361839294,
  "class_distribution": {
    "true": {
      "3": 6,
      "4": 6,
      "0": 6,
      "10": 6,
      "5": 6,
      "8": 6,
      "9": 6,
      "1": 6,
      "7": 6,
      "6": 6,
      "2": 6
    },
    "predicted": {
      "3": 7,
      "4": 6,
      "0": 7,
      "10": 6,
      "5": 6,
      "8": 4,
      "9": 7,
      "1": 6,
      "7": 5,
      "6": 5,
      "2": 7
    }
  },
  "per_class_accuracy": {
    "Zero": 1.0,
    "One": 0.8333333333333334,
    "Two": 0.8333333333333334,
    "Three": 1.0,
    "Four": 1.0,
    "Five": 1.0,
    "Six": 0.8333333333333334,
    "Seven": 0.8333333333333334,
    "Eight": 0.6666666666666666,
    "Nine": 1.0,
    "Static": 1.0
  },
  "confusion_matrix": [
    [
      6,
      0,
      0,
      0,
      0,
      0,
      0,
      0,
      0,
      0,
      0
    ],
    [
      0,
      5,
      1,
      0,
      0,
      0,
      0,
      0,
      0,
      0,
      0
    ],
    [
      0,
      0,
      5,
      1,
      0,
      0,
      0,
      0,
      0,
      0,
      0
    ],
    [
      0,
      0,
      0,
      6,
      0,
      0,
      0,
      0,
      0,
      0,
      0
    ],
    [
      0,
      0,
      0,
      0,
      6,
      0,
      0,
      0,
      0,
      0,
      0
    ],
    [
      0,
      0,
      0,
      0,
      0,
      6,
      0,
      0,
      0,
      0,
      0
    ],
    [
      1,
      0,
      0,
      0,
      0,
      0,
      5,
      0,
      0,
      0,
      0
    ],
    [
      0,
      1,
      0,
      0,
      0,
      0,
      0,
      5,
      0,
      0,
      0
    ],
    [
      0,
      0,
      1,
      0,
      0,
      0,
      0,
      0,
      4,
      1,
      0
    ],
    [
      0,
      0,
      0,
      0,
      0,
      0,
      0,
      0,
      0,
      6,
      0
    ],
    [
      0,
      0,
      0,
      0,
      0,
      0,
      0,
      0,
      0,
      0,
      6
    ]
  ],
  "classification_report": {
    "Zero": {
      "precision": 0.8571428571428571,
      "recall": 1.0,
      "f1-score": 0.9230769230769231,
      "support": 6.0
    },
    "One": {
      "precision": 0.8333333333333334,
      "recall": 0.8333333333333334,
      "f1-score": 0.8333333333333334,
      "support": 6.0
    },
    "Two": {
      "precision": 0.7142857142857143,
      "recall": 0.8333333333333334,
      "f1-score": 0.7692307692307693,
      "support": 6.0
    },
    "Three": {
      "precision": 0.8571428571428571,
      "recall": 1.0,
      "f1-score": 0.9230769230769231,
      "support": 6.0
    },
    "Four": {
      "precision": 1.0,
      "recall": 1.0,
      "f1-score": 1.0,
      "support": 6.0
    },
    "Five": {
      "precision": 1.0,
      "recall": 1.0,
      "f1-score": 1.0,
      "support": 6.0
    },
    "Six": {
      "precision": 1.0,
      "recall": 0.8333333333333334,
      "f1-score": 0.9090909090909091,
      "support": 6.0
    },
    "Seven": {
      "precision": 1.0,
      "recall": 0.8333333333333334,
      "f1-score": 0.9090909090909091,
      "support": 6.0
    },
    "Eight": {
      "precision": 1.0,
      "recall": 0.6666666666666666,
      "f1-score": 0.8,
      "support": 6.0
    },
    "Nine": {
      "precision": 0.8571428571428571,
      "recall": 1.0,
      "f1-score": 0.9230769230769231,
      "support": 6.0
    },
    "Static": {
      "precision": 1.0,
      "recall": 1.0,
      "f1-score": 1.0,
      "support": 6.0
    },
    "accuracy": 0.9090909090909091,
    "macro avg": {
      "precision": 0.91991341991342,
      "recall": 0.9090909090909091,
      "f1-score": 0.9081796990887901,
      "support": 66.0
    },
    "weighted avg": {
      "precision": 0.9199134199134198,
      "recall": 0.9090909090909091,
      "f1-score": 0.9081796990887899,
      "support": 66.0
    }
  },
  "confidence_stats": {
    "mean": 0.9652840495109558,
    "min": 0.571374237537384,
    "max": 0.9999147057533264,
    "std": 0.08207118511199951
  },
  "error_analysis": {
    "total_errors": 6,
    "error_rate": 0.09090909090909091,
    "low_confidence_predictions": 0
  },
  "training_history": {
    "epochs_trained": 43,
    "final_train_accuracy": 0.9810426831245422,
    "final_val_accuracy": 0.9433962106704712,
    "final_train_loss": 0.09710647165775299,
    "final_val_loss": 0.20227403938770294,
    "best_val_accuracy": 0.9811320900917053,
    "best_val_accuracy_epoch": 16,
    "train_accuracy_history": [
      0.2132701426744461,
      0.5355450510978699,
      0.6445497870445251,
      0.6587677597999573,
      0.7345971465110779,
      0.7772511839866638,
      0.7535545229911804,
      0.8436018824577332,
      0.8483412265777588,
      0.8246445655822754,
      0.8862559199333191,
      0.9194312691688538,
      0.9099525809288025,
      0.9336493015289307,
      0.9241706132888794,
      0.9336493015289307,
      0.9478672742843628,
      0.9336493015289307,
      0.9668246507644653,
      0.9763033390045166,
      0.9573459625244141,
      0.9763033390045166,
      0.9526066184043884,
      0.9336493015289307,
      0.9383886456489563,
      0.9620853066444397,
      0.9526066184043884,
      0.971563994884491,
      0.9857819676399231,
      0.9857819676399231,
      0.9620853066444397,
      0.9810426831245422,
      0.9952606558799744,
      0.9857819676399231,
      0.9857819676399231,
      0.9810426831245422,
      0.9763033390045166,
      0.9573459625244141,
      0.9431279897689819,
      0.928909957408905,
      0.9763033390045166,
      0.9763033390045166,
      0.9810426831245422
    ],
    "val_accuracy_history": [
      0.6226415038108826,
      0.8679245114326477,
      0.8679245114326477,
      0.8867924809455872,
      0.9245283007621765,
      0.9622641801834106,
      0.9433962106704712,
      0.9245283007621765,
      0.9622641801834106,
      0.9622641801834106,
      0.9433962106704712,
      0.9622641801834106,
      0.9245283007621765,
      0.9622641801834106,
      0.9622641801834106,
      0.9811320900917053,
      0.9622641801834106,
      0.9433962106704712,
      0.9811320900917053,
      0.9811320900917053,
      0.9622641801834106,
      0.9622641801834106,
      0.9245283007621765,
      0.9622641801834106,
      0.9622641801834106,
      0.9622641801834106,
      0.9811320900917053,
      0.9811320900917053,
      0.9622641801834106,
      0.9811320900917053,
      0.9622641801834106,
      0.9622641801834106,
      0.9433962106704712,
      0.9811320900917053,
      0.9622641801834106,
      0.9622641801834106,
      0.9622641801834106,
      0.9433962106704712,
      0.9245283007621765,
      0.9433962106704712,
      0.9622641801834106,
      0.9245283007621765,
      0.9433962106704712
    ],
    "train_loss_history": [
      2.1661720275878906,
      1.5095092058181763,
      1.2439779043197632,
      1.0052258968353271,
      0.8444197177886963,
      0.7427077293395996,
      0.7002261281013489,
      0.5569266080856323,
      0.4798375964164734,
      0.5240845084190369,
      0.40399283170700073,
      0.3859997093677521,
      0.358547568321228,
      0.28927168250083923,
      0.2700940668582916,
      0.3246228098869324,
      0.21743334829807281,
      0.265532910823822,
      0.2062639594078064,
      0.18650609254837036,
      0.17602482438087463,
      0.14369235932826996,
      0.18404707312583923,
      0.19543465971946716,
      0.17817118763923645,
      0.21493428945541382,
      0.19175228476524353,
      0.16160441935062408,
      0.11699517071247101,
      0.10702044516801834,
      0.14154036343097687,
      0.11264242231845856,
      0.07931119948625565,
      0.08738505840301514,
      0.08122719079256058,
      0.09082536399364471,
      0.09912262856960297,
      0.11906631290912628,
      0.2315555214881897,
      0.21756388247013092,
      0.11403574049472809,
      0.12218350917100906,
      0.09710647165775299
    ],