{
  "timestamp": "Transformer_Encoder_20250712_021803",
  "test_loss": 0.479682981967926,
  "test_accuracy": 0.8787878751754761,
  "class_distribution": {
    "true": {
      "3": 6,
      "4": 6,
      "0": 6,
      "10": 6,
      "5": 6,
      "8": 6,
      "9": 6,
      "1": 6,
      "7": 6,
      "6": 6,
      "2": 6
    },
    "predicted": {
      "3": 7,
      "4": 6,
      "0": 7,
      "10": 5,
      "5": 6,
      "8": 5,
      "9": 7,
      "7": 6,
      "6": 6,
      "2": 6,
      "1": 5
    }
  },
  "per_class_accuracy": {
    "Zero": 1.0,
    "One": 0.6666666666666666,
    "Two": 0.8333333333333334,
    "Three": 1.0,
    "Four": 1.0,
    "Five": 1.0,
    "Six": 1.0,
    "Seven": 0.8333333333333334,
    "Eight": 0.6666666666666666,
    "Nine": 0.8333333333333334,
    "Static": 0.8333333333333334
  },
  "confusion_matrix": [
    [
      6,
      0,
      0,
      0,
      0,
      0,
      0,
      0,
      0,
      0,
      0
    ],
    [
      1,
      4,
      0,
      0,
      0,
      0,
      0,
      1,
      0,
      0,
      0
    ],
    [
      0,
      0,
      5,
      1,
      0,
      0,
      0,
      0,
      0,
      0,
      0
    ],
    [
      0,
      0,
      0,
      6,
      0,
      0,
      0,
      0,
      0,
      0,
      0
    ],
    [
      0,
      0,
      0,
      0,
      6,
      0,
      0,
      0,
      0,
      0,
      0
    ],
    [
      0,
      0,
      0,
      0,
      0,
      6,
      0,
      0,
      0,
      0,
      0
    ],
    [
      0,
      0,
      0,
      0,
      0,
      0,
      6,
      0,
      0,
      0,
      0
    ],
    [
      0,
      1,
      0,
      0,
      0,
      0,
      0,
      5,
      0,
      0,
      0
    ],
    [
      0,
      0,
      1,
      0,
      0,
      0,
      0,
      0,
      4,
      1,
      0
    ],
    [
      0,
      0,
      0,
      0,
      0,
      0,
      0,
      0,
      1,
      5,
      0
    ],
    [
      0,
      0,
      0,
      0,
      0,
      0,
      0,
      0,
      0,
      1,
      5
    ]
  ],
  "classification_report": {
    "Zero": {
      "precision": 0.8571428571428571,
      "recall": 1.0,
      "f1-score": 0.9230769230769231,
      "support": 6.0
    },
    "One": {
      "precision": 0.8,
      "recall": 0.6666666666666666,
      "f1-score": 0.7272727272727273,
      "support": 6.0
    },
    "Two": {
      "precision": 0.8333333333333334,
      "recall": 0.8333333333333334,
      "f1-score": 0.8333333333333334,
      "support": 6.0
    },
    "Three": {
      "precision": 0.8571428571428571,
      "recall": 1.0,
      "f1-score": 0.9230769230769231,
      "support": 6.0
    },
    "Four": {
      "precision": 1.0,
      "recall": 1.0,
      "f1-score": 1.0,
      "support": 6.0
    },
    "Five": {
      "precision": 1.0,
      "recall": 1.0,
      "f1-score": 1.0,
      "support": 6.0
    },
    "Six": {
      "precision": 1.0,
      "recall": 1.0,
      "f1-score": 1.0,
      "support": 6.0
    },
    "Seven": {
      "precision": 0.8333333333333334,
      "recall": 0.8333333333333334,
      "f1-score": 0.8333333333333334,
      "support": 6.0
    },
    "Eight": {
      "precision": 0.8,
      "recall": 0.6666666666666666,
      "f1-score": 0.7272727272727273,
      "support": 6.0
    },
    "Nine": {
      "precision": 0.7142857142857143,
      "recall": 0.8333333333333334,
      "f1-score": 0.7692307692307693,
      "support": 6.0
    },
    "Static": {
      "precision": 1.0,
      "recall": 0.8333333333333334,
      "f1-score": 0.9090909090909091,
      "support": 6.0
    },
    "accuracy": 0.8787878787878788,
    "macro avg": {
      "precision": 0.8813852813852813,
      "recall": 0.8787878787878789,
      "f1-score": 0.8768806950625133,
      "support": 66.0
    },
    "weighted avg": {
      "precision": 0.8813852813852814,
      "recall": 0.8787878787878788,
      "f1-score": 0.8768806950625131,
      "support": 66.0
    }
  },
  "confidence_stats": {
    "mean": 0.9414530396461487,
    "min": 0.5318690538406372,
    "max": 0.9998903274536133,
    "std": 0.11424709856510162
  },
  "error_analysis": {
    "total_errors": 8,
    "error_rate": 0.12121212121212122,
    "low_confidence_predictions": 0
  },
  "training_history": {
    "epochs_trained": 45,
    "final_train_accuracy": 0.9573459625244141,
    "final_val_accuracy": 0.9433962106704712,
    "final_train_loss": 0.09904784709215164,
    "final_val_loss": 0.22218391299247742,
    "best_val_accuracy": 0.9622641801834106,
    "best_val_accuracy_epoch": 27,
    "train_accuracy_history": [
      0.19431279599666595,
      0.4881516695022583,
      0.6303317546844482,
      0.6824644804000854,
      0.6635071039199829,
      0.7345971465110779,
      0.7962085604667664,
      0.7962085604667664,
      0.8720378875732422,
      0.8530805706977844,
      0.8815165758132935,
      0.8578199148178101,
      0.9194312691688538,
      0.9336493015289307,
      0.9099525809288025,
      0.9573459625244141,
      0.9336493015289307,
      0.9383886456489563,
      0.9194312691688538,
      0.9526066184043884,
      0.9573459625244141,
      0.900473952293396,
      0.9241706132888794,
      0.9146919250488281,
      0.8957346081733704,
      0.9526066184043884,
      0.9383886456489563,
      0.9620853066444397,
      0.9573459625244141,
      0.9763033390045166,
      0.9810426831245422,
      0.9763033390045166,
      0.971563994884491,
      0.9810426831245422,
      0.9905213117599487,
      0.9952606558799744,
      0.9668246507644653,
      0.9810426831245422,
      0.971563994884491,
      0.9668246507644653,
      0.9620853066444397,
      0.9478672742843628,
      0.9857819676399231,
      0.9620853066444397,
      0.9573459625244141
    ],
    "val_accuracy_history": [
      0.6415094137191772,
      0.7547169923782349,
      0.8679245114326477,
      0.8867924809455872,
      0.8867924809455872,
      0.9245283007621765,
      0.9245283007621765,
      0.9056603908538818,
      0.9433962106704712,
      0.8867924809455872,
      0.9245283007621765,
      0.9245283007621765,
      0.9433962106704712,
      0.9433962106704712,
      0.9245283007621765,
      0.9056603908538818,
      0.9433962106704712,
      0.8867924809455872,
      0.9433962106704712,
      0.8867924809455872,
      0.9433962106704712,
      0.8867924809455872,
      0.9433962106704712,
      0.9245283007621765,
      0.9433962106704712,
      0.9433962106704712,
      0.9622641801834106,
      0.9433962106704712,
      0.9433962106704712,
      0.9622641801834106,
      0.9622641801834106,
      0.9433962106704712,
      0.9622641801834106,
      0.9622641801834106,
      0.9433962106704712,
      0.9433962106704712,
      0.9056603908538818,
      0.9245283007621765,
      0.9433962106704712,
      0.9245283007621765,
      0.8867924809455872,
      0.9245283007621765,
      0.9433962106704712,
      0.9622641801834106,
      0.9433962106704712
    ],