{
  "timestamp": "Transformer_Encoder_20250723_123945",
  "test_loss": 0.31945890188217163,
  "test_accuracy": 0.9636363387107849,
  "class_distribution": {
    "true": {
      "10": 10,
      "5": 10,
      "2": 10,
      "9": 10,
      "3": 10,
      "8": 10,
      "1": 10,
      "4": 10,
      "6": 10,
      "7": 10,
      "0": 10
    },
    "predicted": {
      "10": 10,
      "5": 10,
      "2": 8,
      "9": 11,
      "3": 12,
      "8": 9,
      "1": 11,
      "4": 10,
      "6": 10,
      "7": 9,
      "0": 10
    }
  },
  "per_class_accuracy": {
    "Zero": 1.0,
    "One": 1.0,
    "Two": 0.8,
    "Three": 1.0,
    "Four": 1.0,
    "Five": 1.0,
    "Six": 1.0,
    "Seven": 0.9,
    "Eight": 0.9,
    "Nine": 1.0,
    "Static": 1.0
  },
  "confusion_matrix": [
    [
      10,
      0,
      0,
      0,
      0,
      0,
      0,
      0,
      0,
      0,
      0
    ],
    [
      0,
      10,
      0,
      0,
      0,
      0,
      0,
      0,
      0,
      0,
      0
    ],
    [
      0,
      0,
      8,
      2,
      0,
      0,
      0,
      0,
      0,
      0,
      0
    ],
    [
      0,
      0,
      0,
      10,
      0,
      0,
      0,
      0,
      0,
      0,
      0
    ],
    [
      0,
      0,
      0,
      0,
      10,
      0,
      0,
      0,
      0,
      0,
      0
    ],
    [
      0,
      0,
      0,
      0,
      0,
      10,
      0,
      0,
      0,
      0,
      0
    ],
    [
      0,
      0,
      0,
      0,
      0,
      0,
      10,
      0,
      0,
      0,
      0
    ],
    [
      0,
      1,
      0,
      0,
      0,
      0,
      0,
      9,
      0,
      0,
      0
    ],
    [
      0,
      0,
      0,
      0,
      0,
      0,
      0,
      0,
      9,
      1,
      0
    ],
    [
      0,
      0,
      0,
      0,
      0,
      0,
      0,
      0,
      0,
      10,
      0
    ],
    [
      0,
      0,
      0,
      0,
      0,
      0,
      0,
      0,
      0,
      0,
      10
    ]
  ],
  "classification_report": {
    "Zero": {
      "precision": 1.0,
      "recall": 1.0,
      "f1-score": 1.0,
      "support": 10.0
    },
    "One": {
      "precision": 0.9090909090909091,
      "recall": 1.0,
      "f1-score": 0.9523809523809523,
      "support": 10.0
    },
    "Two": {
      "precision": 1.0,
      "recall": 0.8,
      "f1-score": 0.888888888888889,
      "support": 10.0
    },
    "Three": {
      "precision": 0.8333333333333334,
      "recall": 1.0,
      "f1-score": 0.9090909090909091,
      "support": 10.0
    },
    "Four": {
      "precision": 1.0,
      "recall": 1.0,
      "f1-score": 1.0,
      "support": 10.0
    },
    "Five": {
      "precision": 1.0,
      "recall": 1.0,
      "f1-score": 1.0,
      "support": 10.0
    },
    "Six": {
      "precision": 1.0,
      "recall": 1.0,
      "f1-score": 1.0,
      "support": 10.0
    },
    "Seven": {
      "precision": 1.0,
      "recall": 0.9,
      "f1-score": 0.9473684210526316,
      "support": 10.0
    },
    "Eight": {
      "precision": 1.0,
      "recall": 0.9,
      "f1-score": 0.9473684210526316,
      "support": 10.0
    },
    "Nine": {
      "precision": 0.9090909090909091,
      "recall": 1.0,
      "f1-score": 0.9523809523809523,
      "support": 10.0
    },
    "Static": {
      "precision": 1.0,
      "recall": 1.0,
      "f1-score": 1.0,
      "support": 10.0
    },
    "accuracy": 0.9636363636363636,
    "macro avg": {
      "precision": 0.9683195592286501,
      "recall": 0.9636363636363636,
      "f1-score": 0.9634071404406334,
      "support": 110.0
    },
    "weighted avg": {
      "precision": 0.9683195592286501,
      "recall": 0.9636363636363636,
      "f1-score": 0.9634071404406332,
      "support": 110.0
    }
  },
  "confidence_stats": {
    "mean": 0.9388169050216675,
    "min": 0.36941754817962646,
    "max": 0.9997326731681824,
    "std": 0.10998275130987167
  },
  "error_analysis": {
    "total_errors": 4,
    "error_rate": 0.03636363636363636,
    "low_confidence_predictions": 3
  },
  "training_history": {
    "epochs_trained": 35,
    "final_train_accuracy": 0.9943181872367859,
    "final_val_accuracy": 0.9318181872367859,
    "final_train_loss": 0.040270473808050156,
    "final_val_loss": 0.3193793296813965,
    "best_val_accuracy": 0.9545454382896423,
    "best_val_accuracy_epoch": 14,
    "train_accuracy_history": [
      0.2926136255264282,
      0.6136363744735718,
      0.7357954382896423,
      0.8323863744735718,
      0.8409090638160706,
      0.8778409361839294,
      0.8892045617103577,
      0.8920454382896423,
      0.9176136255264282,
      0.9119318127632141,
      0.9232954382896423,
      0.9375,
      0.9431818127632141,
      0.9517045617103577,
      0.9602272510528564,
      0.9517045617103577,
      0.9517045617103577,
      0.9602272510528564,
      0.9715909361839294,
      0.9744318127632141,
      0.9659090638160706,
      0.9744318127632141,
      0.9772727489471436,
      0.9829545617103577,
      0.9772727489471436,
      0.9715909361839294,
      0.9772727489471436,
      0.9772727489471436,
      0.9744318127632141,
      0.9801136255264282,
      0.9772727489471436,
      0.9715909361839294,
      0.9914772510528564,
      0.9886363744735718,
      0.9943181872367859
    ],
    "val_accuracy_history": [
      0.5909090638160706,
      0.75,
      0.8295454382896423,
      0.8522727489471436,
      0.8977272510528564,
      0.9204545617103577,
      0.9204545617103577,
      0.9431818127632141,
      0.9431818127632141,
      0.9431818127632141,
      0.9204545617103577,
      0.9318181872367859,
      0.9318181872367859,
      0.9545454382896423,
      0.9431818127632141,
      0.9318181872367859,
      0.9318181872367859,
      0.9318181872367859,
      0.9318181872367859,
      0.9431818127632141,
      0.9318181872367859,
      0.9545454382896423,
      0.8977272510528564,
      0.9204545617103577,
      0.9090909361839294,
      0.9204545617103577,
      0.9204545617103577,
      0.9204545617103577,
      0.9204545617103577,
      0.9431818127632141,
      0.9431818127632141,
      0.9204545617103577,
      0.9090909361839294,
      0.9431818127632141,
      0.9318181872367859
    ],
    "train_loss_history": [
      2.069521188735962,
      1.3623628616333008,
      0.9550631046295166,
      0.7049798369407654,
      0.5520608425140381,
      0.4663052260875702,
      0.39505577087402344,
      0.3684985041618347,
      0.3352861702442169,
      0.29432162642478943,
      0.27076059579849243,
      0.22397004067897797,
      0.20648294687271118,
      0.19258171319961548,
      0.16515420377254486,
      0.17567695677280426,
      0.16375499963760376,
      0.16239053010940552,
      0.12608659267425537,
      0.10383491218090057,
      0.12131457030773163,
      0.11640539765357971,
      0.09745123237371445,
      0.0957876667380333,
      0.09238126873970032,
      0.0881999060511589,
      0.09298301488161087,
      0.07681271433830261,
      0.07728088647127151,
      0.08546464890241623,
      0.09316932410001755,
      0.07677096873521805,
      0.059195831418037415,
      0.05355290323495865,
      0.040270473808050156
    ],