{
  "timestamp": "Transformer_Encoder_20250713_180353",
  "test_loss": 0.35963132977485657,
  "test_accuracy": 0.8939393758773804,
  "class_distribution": {
    "true": {
      "3": 6,
      "4": 6,
      "0": 6,
      "10": 6,
      "5": 6,
      "8": 6,
      "9": 6,
      "1": 6,
      "7": 6,
      "6": 6,
      "2": 6
    },
    "predicted": {
      "3": 7,
      "4": 6,
      "0": 6,
      "10": 5,
      "5": 6,
      "8": 4,
      "9": 8,
      "7": 6,
      "6": 6,
      "2": 7,
      "1": 5
    }
  },
  "per_class_accuracy": {
    "Zero": 1.0,
    "One": 0.6666666666666666,
    "Two": 0.8333333333333334,
    "Three": 1.0,
    "Four": 1.0,
    "Five": 1.0,
    "Six": 1.0,
    "Seven": 0.8333333333333334,
    "Eight": 0.6666666666666666,
    "Nine": 1.0,
    "Static": 0.8333333333333334
  },
  "confusion_matrix": [
    [
      6,
      0,
      0,
      0,
      0,
      0,
      0,
      0,
      0,
      0,
      0
    ],
    [
      0,
      4,
      1,
      0,
      0,
      0,
      0,
      1,
      0,
      0,
      0
    ],
    [
      0,
      0,
      5,
      1,
      0,
      0,
      0,
      0,
      0,
      0,
      0
    ],
    [
      0,
      0,
      0,
      6,
      0,
      0,
      0,
      0,
      0,
      0,
      0
    ],
    [
      0,
      0,
      0,
      0,
      6,
      0,
      0,
      0,
      0,
      0,
      0
    ],
    [
      0,
      0,
      0,
      0,
      0,
      6,
      0,
      0,
      0,
      0,
      0
    ],
    [
      0,
      0,
      0,
      0,
      0,
      0,
      6,
      0,
      0,
      0,
      0
    ],
    [
      0,
      1,
      0,
      0,
      0,
      0,
      0,
      5,
      0,
      0,
      0
    ],
    [
      0,
      0,
      1,
      0,
      0,
      0,
      0,
      0,
      4,
      1,
      0
    ],
    [
      0,
      0,
      0,
      0,
      0,
      0,
      0,
      0,
      0,
      6,
      0
    ],
    [
      0,
      0,
      0,
      0,
      0,
      0,
      0,
      0,
      0,
      1,
      5
    ]
  ],
  "classification_report": {
    "Zero": {
      "precision": 1.0,
      "recall": 1.0,
      "f1-score": 1.0,
      "support": 6.0
    },
    "One": {
      "precision": 0.8,
      "recall": 0.6666666666666666,
      "f1-score": 0.7272727272727273,
      "support": 6.0
    },
    "Two": {
      "precision": 0.7142857142857143,
      "recall": 0.8333333333333334,
      "f1-score": 0.7692307692307693,
      "support": 6.0
    },
    "Three": {
      "precision": 0.8571428571428571,
      "recall": 1.0,
      "f1-score": 0.9230769230769231,
      "support": 6.0
    },
    "Four": {
      "precision": 1.0,
      "recall": 1.0,
      "f1-score": 1.0,
      "support": 6.0
    },
    "Five": {
      "precision": 1.0,
      "recall": 1.0,
      "f1-score": 1.0,
      "support": 6.0
    },
    "Six": {
      "precision": 1.0,
      "recall": 1.0,
      "f1-score": 1.0,
      "support": 6.0
    },
    "Seven": {
      "precision": 0.8333333333333334,
      "recall": 0.8333333333333334,
      "f1-score": 0.8333333333333334,
      "support": 6.0
    },
    "Eight": {
      "precision": 1.0,
      "recall": 0.6666666666666666,
      "f1-score": 0.8,
      "support": 6.0
    },
    "Nine": {
      "precision": 0.75,
      "recall": 1.0,
      "f1-score": 0.8571428571428571,
      "support": 6.0
    },
    "Static": {
      "precision": 1.0,
      "recall": 0.8333333333333334,
      "f1-score": 0.9090909090909091,
      "support": 6.0
    },
    "accuracy": 0.8939393939393939,
    "macro avg": {
      "precision": 0.9049783549783551,
      "recall": 0.893939393939394,
      "f1-score": 0.8926497744679565,
      "support": 66.0
    },
    "weighted avg": {
      "precision": 0.904978354978355,
      "recall": 0.8939393939393939,
      "f1-score": 0.8926497744679562,
      "support": 66.0
    }
  },
  "confidence_stats": {
    "mean": 0.937103807926178,
    "min": 0.4444800913333893,
    "max": 0.9988698363304138,
    "std": 0.13032518327236176
  },
  "error_analysis": {
    "total_errors": 7,
    "error_rate": 0.10606060606060606,
    "low_confidence_predictions": 2
  },
  "training_history": {
    "epochs_trained": 72,
    "final_train_accuracy": 1.0,
    "final_val_accuracy": 0.9622641801834106,
    "final_train_loss": 0.022431401535868645,
    "final_val_loss": 0.10417276620864868,
    "best_val_accuracy": 0.9811320900917053,
    "best_val_accuracy_epoch": 59,
    "train_accuracy_history": [
      0.22748814523220062,
      0.4881516695022583,
      0.6303317546844482,
      0.6919431090354919,
      0.7393364906311035,
      0.8104265332221985,
      0.8056871891021729,
      0.8483412265777588,
      0.8578199148178101,
      0.8672986030578613,
      0.8625592589378357,
      0.8815165758132935,
      0.900473952293396,
      0.900473952293396,
      0.8862559199333191,
      0.9146919250488281,
      0.9336493015289307,
      0.9526066184043884,
      0.9146919250488281,
      0.9478672742843628,
      0.9526066184043884,
      0.9478672742843628,
      0.9336493015289307,
      0.9573459625244141,
      0.9668246507644653,
      0.928909957408905,
      0.971563994884491,
      0.9478672742843628,
      0.9620853066444397,
      0.9620853066444397,
      0.9620853066444397,
      0.9763033390045166,
      0.9857819676399231,
      0.9857819676399231,
      0.9905213117599487,
      0.971563994884491,
      0.9763033390045166,
      0.9763033390045166,
      0.9383886456489563,
      0.9478672742843628,
      0.9478672742843628,
      0.9763033390045166,
      0.9857819676399231,
      0.9857819676399231,
      0.9905213117599487,
      0.9810426831245422,
      0.971563994884491,
      0.9952606558799744,
      1.0,
      0.9905213117599487,
      0.9810426831245422,
      0.9905213117599487,
      0.9952606558799744,
      0.9905213117599487,
      0.9952606558799744,
      1.0,
      1.0,
      0.9905213117599487,
      1.0,
      0.9763033390045166,
      0.9810426831245422,
      0.9810426831245422,
      0.9905213117599487,
      0.9952606558799744,
      0.9952606558799744,
      0.9905213117599487,
      1.0,
      1.0,
      0.9952606558799744,
      0.9952606558799744,
      0.9952606558799744,
      1.0
    ],