{
  "timestamp": "Transformer_Encoder_20250717_230928",
  "test_loss": 0.492486834526062,
  "test_accuracy": 0.8636363744735718,
  "class_distribution": {
    "true": {
      "3": 6,
      "4": 6,
      "0": 6,
      "10": 6,
      "5": 6,
      "8": 6,
      "9": 6,
      "1": 6,
      "7": 6,
      "6": 6,
      "2": 6
    },
    "predicted": {
      "3": 7,
      "4": 8,
      "0": 6,
      "10": 4,
      "5": 6,
      "8": 4,
      "9": 6,
      "7": 7,
      "6": 6,
      "2": 6,
      "1": 6
    }
  },
  "per_class_accuracy": {
    "Zero": 1.0,
    "One": 0.8333333333333334,
    "Two": 0.8333333333333334,
    "Three": 1.0,
    "Four": 1.0,
    "Five": 1.0,
    "Six": 1.0,
    "Seven": 0.8333333333333334,
    "Eight": 0.5,
    "Nine": 0.8333333333333334,
    "Static": 0.6666666666666666
  },
  "confusion_matrix": [
    [
      6,
      0,
      0,
      0,
      0,
      0,
      0,
      0,
      0,
      0,
      0
    ],
    [
      0,
      5,
      0,
      0,
      0,
      0,
      0,
      1,
      0,
      0,
      0
    ],
    [
      0,
      0,
      5,
      1,
      0,
      0,
      0,
      0,
      0,
      0,
      0
    ],
    [
      0,
      0,
      0,
      6,
      0,
      0,
      0,
      0,
      0,
      0,
      0
    ],
    [
      0,
      0,
      0,
      0,
      6,
      0,
      0,
      0,
      0,
      0,
      0
    ],
    [
      0,
      0,
      0,
      0,
      0,
      6,
      0,
      0,
      0,
      0,
      0
    ],
    [
      0,
      0,
      0,
      0,
      0,
      0,
      6,
      0,
      0,
      0,
      0
    ],
    [
      0,
      1,
      0,
      0,
      0,
      0,
      0,
      5,
      0,
      0,
      0
    ],
    [
      0,
      0,
      1,
      0,
      0,
      0,
      0,
      1,
      3,
      1,
      0
    ],
    [
      0,
      0,
      0,
      0,
      0,
      0,
      0,
      0,
      1,
      5,
      0
    ],
    [
      0,
      0,
      0,
      0,
      2,
      0,
      0,
      0,
      0,
      0,
      4
    ]
  ],
  "classification_report": {
    "Zero": {
      "precision": 1.0,
      "recall": 1.0,
      "f1-score": 1.0,
      "support": 6.0
    },
    "One": {
      "precision": 0.8333333333333334,
      "recall": 0.8333333333333334,
      "f1-score": 0.8333333333333334,
      "support": 6.0
    },
    "Two": {
      "precision": 0.8333333333333334,
      "recall": 0.8333333333333334,
      "f1-score": 0.8333333333333334,
      "support": 6.0
    },
    "Three": {
      "precision": 0.8571428571428571,
      "recall": 1.0,
      "f1-score": 0.923076923076923,
      "support": 6.0
    },
    "Four": {
      "precision": 0.75,
      "recall": 1.0,
      "f1-score": 0.8571428571428571,
      "support": 6.0
    },
    "Five": {
      "precision": 1.0,
      "recall": 1.0,
      "f1-score": 1.0,
      "support": 6.0
    },
    "Six": {
      "precision": 1.0,
      "recall": 1.0,
      "f1-score": 1.0,
      "support": 6.0
    },
    "Seven": {
      "precision": 0.7142857142857143,
      "recall": 0.8333333333333334,
      "f1-score": 0.7692307692307692,
      "support": 6.0
    },
    "Eight": {
      "precision": 0.75,
      "recall": 0.5,
      "f1-score": 0.6,
      "support": 6.0
    },
    "Nine": {
      "precision": 0.8333333333333334,
      "recall": 0.8333333333333334,
      "f1-score": 0.8333333333333334,
      "support": 6.0
    },
    "Static": {
      "precision": 1.0,
      "recall": 0.6666666666666666,
      "f1-score": 0.8,
      "support": 6.0
    },
    "accuracy": 0.8636363636363636,
    "macro avg": {
      "precision": 0.8701298701298701,
      "recall": 0.8636363636363636,
      "f1-score": 0.859040959040959,
      "support": 66.0
    },
    "weighted avg": {
      "precision": 0.8701298701298702,
      "recall": 0.8636363636363636,
      "f1-score": 0.8590409590409591,
      "support": 66.0
    }
  },
  "confidence_stats": {
    "mean": 0.969738245010376,
    "min": 0.543425440788269,
    "max": 0.9998856782913208,
    "std": 0.0836179181933403
  },
  "error_analysis": {
    "total_errors": 9,
    "error_rate": 0.13636363636363635,
    "low_confidence_predictions": 0
  },
  "training_history": {
    "epochs_trained": 53,
    "final_train_accuracy": 0.9478672742843628,
    "final_val_accuracy": 0.9433962106704712,
    "final_train_loss": 0.19079209864139557,
    "final_val_loss": 0.20365239679813385,
    "best_val_accuracy": 1.0,
    "best_val_accuracy_epoch": 37,
    "train_accuracy_history": [
      0.3270142078399658,
      0.6113743782043457,
      0.6729857921600342,
      0.7488151788711548,
      0.7867298722267151,
      0.8246445655822754,
      0.829383909702301,
      0.8957346081733704,
      0.8815165758132935,
      0.9146919250488281,
      0.928909957408905,
      0.9478672742843628,
      0.9573459625244141,
      0.9620853066444397,
      0.9526066184043884,
      0.9383886456489563,
      0.9478672742843628,
      0.9478672742843628,
      0.9526066184043884,
      0.9620853066444397,
      0.9478672742843628,
      0.928909957408905,
      0.9431279897689819,
      0.9573459625244141,
      0.9668246507644653,
      0.9668246507644653,
      0.9763033390045166,
      0.9857819676399231,
      0.9905213117599487,
      0.9857819676399231,
      0.9952606558799744,
      0.9952606558799744,
      1.0,
      0.9952606558799744,
      1.0,
      0.9952606558799744,
      1.0,
      1.0,
      1.0,
      1.0,
      1.0,
      0.9952606558799744,
      1.0,
      1.0,
      1.0,
      1.0,
      1.0,
      0.9952606558799744,
      0.9905213117599487,
      0.9620853066444397,
      0.9573459625244141,
      0.9431279897689819,
      0.9478672742843628
    ],
    "val_accuracy_history": [
      0.7169811129570007,
      0.8301886916160583,
      0.8679245114326477,
      0.9056603908538818,
      0.9245283007621765,
      0.9245283007621765,
      0.9433962106704712,
      0.9245283007621765,
      0.9622641801834106,
      0.9622641801834106,
      0.9811320900917053,
      0.9811320900917053,
      0.9622641801834106,
      0.9433962106704712,
      0.9433962106704712,
      0.9433962106704712,
      0.9622641801834106,
      0.9245283007621765,
      0.9433962106704712,
      0.9622641801834106,
      0.9622641801834106,
      0.9622641801834106,
      0.9622641801834106,
      0.9056603908538818,
      0.9622641801834106,
      0.9245283007621765,
      0.9245283007621765,
      0.9811320900917053,
      0.9433962106704712,
      0.9622641801834106,
      0.9811320900917053,
      0.9622641801834106,
      0.9433962106704712,
      0.9811320900917053,
      0.9811320900917053,
      0.9811320900917053,
      1.0,
      1.0,
      0.9811320900917053,
      0.9811320900917053,
      0.9811320900917053,
      0.9811320900917053,
      0.9622641801834106,
      0.9811320900917053,
      0.9811320900917053,
      0.9811320900917053,
      1.0,
      0.9622641801834106,
      0.9622641801834106,
      0.9433962106704712,
      0.9811320900917053,
      0.9433962106704712,
      0.9433962106704712
    ],