{
  "timestamp": "Transformer_Encoder_20250722_022516",
  "test_loss": 0.3522014021873474,
  "test_accuracy": 0.9272727370262146,
  "class_distribution": {
    "true": {
      "10": 10,
      "5": 10,
      "2": 10,
      "9": 10,
      "3": 10,
      "8": 10,
      "1": 10,
      "4": 10,
      "6": 10,
      "7": 10,
      "0": 10
    },
    "predicted": {
      "10": 10,
      "5": 10,
      "2": 12,
      "4": 12,
      "3": 7,
      "8": 10,
      "1": 11,
      "6": 10,
      "7": 9,
      "9": 9,
      "0": 10
    }
  },
  "per_class_accuracy": {
    "Zero": 1.0,
    "One": 1.0,
    "Two": 1.0,
    "Three": 0.6,
    "Four": 1.0,
    "Five": 1.0,
    "Six": 1.0,
    "Seven": 0.9,
    "Eight": 1.0,
    "Nine": 0.7,
    "Static": 1.0
  },
  "confusion_matrix": [
    [
      10,
      0,
      0,
      0,
      0,
      0,
      0,
      0,
      0,
      0,
      0
    ],
    [
      0,
      10,
      0,
      0,
      0,
      0,
      0,
      0,
      0,
      0,
      0
    ],
    [
      0,
      0,
      10,
      0,
      0,
      0,
      0,
      0,
      0,
      0,
      0
    ],
    [
      0,
      0,
      2,
      6,
      0,
      0,
      0,
      0,
      0,
      2,
      0
    ],
    [
      0,
      0,
      0,
      0,
      10,
      0,
      0,
      0,
      0,
      0,
      0
    ],
    [
      0,
      0,
      0,
      0,
      0,
      10,
      0,
      0,
      0,
      0,
      0
    ],
    [
      0,
      0,
      0,
      0,
      0,
      0,
      10,
      0,
      0,
      0,
      0
    ],
    [
      0,
      1,
      0,
      0,
      0,
      0,
      0,
      9,
      0,
      0,
      0
    ],
    [
      0,
      0,
      0,
      0,
      0,
      0,
      0,
      0,
      10,
      0,
      0
    ],
    [
      0,
      0,
      0,
      1,
      2,
      0,
      0,
      0,
      0,
      7,
      0
    ],
    [
      0,
      0,
      0,
      0,
      0,
      0,
      0,
      0,
      0,
      0,
      10
    ]
  ],
  "classification_report": {
    "Zero": {
      "precision": 1.0,
      "recall": 1.0,
      "f1-score": 1.0,
      "support": 10.0
    },
    "One": {
      "precision": 0.9090909090909091,
      "recall": 1.0,
      "f1-score": 0.9523809523809523,
      "support": 10.0
    },
    "Two": {
      "precision": 0.8333333333333334,
      "recall": 1.0,
      "f1-score": 0.9090909090909091,
      "support": 10.0
    },
    "Three": {
      "precision": 0.8571428571428571,
      "recall": 0.6,
      "f1-score": 0.7058823529411764,
      "support": 10.0
    },
    "Four": {
      "precision": 0.8333333333333334,
      "recall": 1.0,
      "f1-score": 0.9090909090909091,
      "support": 10.0
    },
    "Five": {
      "precision": 1.0,
      "recall": 1.0,
      "f1-score": 1.0,
      "support": 10.0
    },
    "Six": {
      "precision": 1.0,
      "recall": 1.0,
      "f1-score": 1.0,
      "support": 10.0
    },
    "Seven": {
      "precision": 1.0,
      "recall": 0.9,
      "f1-score": 0.9473684210526316,
      "support": 10.0
    },
    "Eight": {
      "precision": 1.0,
      "recall": 1.0,
      "f1-score": 1.0,
      "support": 10.0
    },
    "Nine": {
      "precision": 0.7777777777777778,
      "recall": 0.7,
      "f1-score": 0.7368421052631577,
      "support": 10.0
    },
    "Static": {
      "precision": 1.0,
      "recall": 1.0,
      "f1-score": 1.0,
      "support": 10.0
    },
    "accuracy": 0.9272727272727272,
    "macro avg": {
      "precision": 0.9282434736980193,
      "recall": 0.9272727272727272,
      "f1-score": 0.9236959681654305,
      "support": 110.0
    },
    "weighted avg": {
      "precision": 0.9282434736980192,
      "recall": 0.9272727272727272,
      "f1-score": 0.9236959681654305,
      "support": 110.0
    }
  },
  "confidence_stats": {
    "mean": 0.9481748938560486,
    "min": 0.5240493416786194,
    "max": 0.9999402761459351,
    "std": 0.09987879544496536
  },
  "error_analysis": {
    "total_errors": 8,
    "error_rate": 0.07272727272727272,
    "low_confidence_predictions": 0
  },
  "training_history": {
    "epochs_trained": 53,
    "final_train_accuracy": 0.9971590638160706,
    "final_val_accuracy": 0.9318181872367859,
    "final_train_loss": 0.019511304795742035,
    "final_val_loss": 0.3654212951660156,
    "best_val_accuracy": 0.9545454382896423,
    "best_val_accuracy_epoch": 40,
    "train_accuracy_history": [
      0.4488636255264282,
      0.65625,
      0.8068181872367859,
      0.8551136255264282,
      0.8664772510528564,
      0.8551136255264282,
      0.90625,
      0.9176136255264282,
      0.9147727489471436,
      0.9318181872367859,
      0.9375,
      0.9176136255264282,
      0.90625,
      0.9204545617103577,
      0.9261363744735718,
      0.9517045617103577,
      0.9431818127632141,
      0.9772727489471436,
      0.9545454382896423,
      0.9545454382896423,
      0.9431818127632141,
      0.9318181872367859,
      0.9630681872367859,
      0.9261363744735718,
      0.9545454382896423,
      0.9517045617103577,
      0.9545454382896423,
      0.9630681872367859,
      0.9602272510528564,
      0.9772727489471436,
      0.9943181872367859,
      0.9801136255264282,
      0.96875,
      0.9545454382896423,
      0.9659090638160706,
      0.9346590638160706,
      0.9460227489471436,
      0.9545454382896423,
      0.9318181872367859,
      0.9715909361839294,
      0.9602272510528564,
      0.9659090638160706,
      0.9517045617103577,
      0.9460227489471436,
      0.96875,
      0.96875,
      0.96875,
      0.9829545617103577,
      0.9801136255264282,
      0.9829545617103577,
      0.9914772510528564,
      0.9971590638160706,
      0.9971590638160706
    ],
    "val_accuracy_history": [
      0.7159090638160706,
      0.6931818127632141,
      0.8522727489471436,
      0.8636363744735718,
      0.875,
      0.8977272510528564,
      0.8863636255264282,
      0.9090909361839294,
      0.9204545617103577,
      0.875,
      0.9318181872367859,
      0.8181818127632141,
      0.9431818127632141,
      0.875,
      0.9090909361839294,
      0.9204545617103577,
      0.8977272510528564,
      0.9204545617103577,
      0.9431818127632141,
      0.9090909361839294,
      0.8522727489471436,
      0.9431818127632141,
      0.9090909361839294,
      0.9204545617103577,
      0.9090909361839294,
      0.9204545617103577,
      0.9431818127632141,
      0.9090909361839294,
      0.9204545617103577,
      0.9431818127632141,
      0.9204545617103577,
      0.9431818127632141,
      0.8977272510528564,
      0.9090909361839294,
      0.8977272510528564,
      0.9204545617103577,
      0.875,
      0.9431818127632141,
      0.8977272510528564,
      0.9545454382896423,
      0.9431818127632141,
      0.875,
      0.8977272510528564,
      0.9204545617103577,
      0.8977272510528564,
      0.9090909361839294,
      0.8977272510528564,
      0.9090909361839294,
      0.9204545617103577,
      0.9431818127632141,
      0.9431818127632141,
      0.9318181872367859,
      0.9318181872367859
    ],