{
  "predictions": [
    10,
    1,
    1,
    5,
    7,
    9,
    6,
    4,
    3,
    8,
    2,
    0,
    1,
    0,
    3,
    6,
    10,
    9,
    9,
    4,
    7,
    5
  ],
  "true_labels": [
    10,
    2,
    1,
    5,
    7,
    9,
    6,
    4,
    3,
    8,
    2,
    0,
    1,
    0,
    3,
    6,
    10,
    9,
    8,
    4,
    7,
    5
  ],
  "probabilities": [
    [
      3.653947260318091e-06,
      0.00014093445497564971,
      1.5767766399221728e-06,
      2.285152049807948e-06,
      0.00032507284777238965,
      9.936841524904594e-05,
      9.733337719808333e-06,
      1.33231742438511e-06,
      2.134978331014281e-06,
      0.0008505394798703492,
      0.9985633492469788
    ],
    [
      0.0002926482993643731,
      0.7359791994094849,
      0.25383132696151733,
      3.2932462090684567e-06,
      2.6082463591592386e-05,
      3.501434184727259e-05,
      0.00014682828623335809,
      0.000901365652680397,
      0.00010785886115627363,
      0.008652524091303349,
      2.376051816099789e-05
    ],
    [
      6.32061273790896e-05,
      0.9952999949455261,
      0.0007214533980004489,
      5.661474915541476e-06,
      1.6608972146059386e-05,
      1.5264204193954356e-05,
      0.00011816762707894668,
      0.0030242300126701593,
      0.0003454984980635345,
      8.647974755149335e-05,
      0.00030345801496878266
    ],
    [
      4.596371582010761e-06,
      1.1605405234149657e-05,
      8.616158993390854e-06,
      5.74144723941572e-05,
      0.0004728189087472856,
      0.9990056157112122,
      1.3506164577847812e-05,
      6.647529176007083e-07,
      9.5830146165099e-06,
      0.00036265995004214346,
      5.3044946980662644e-05
    ],
    [
      0.0003799503610935062,
      0.11370526254177094,
      9.50483008637093e-05,
      2.3102684281184338e-05,
      0.0003007501072715968,
      7.1112121986516286e-06,
      0.0001139625019277446,
      0.8834249973297119,
      0.0017458157381042838,
      7.408915553241968e-05,
      0.00012999196769669652
    ],
    [
      4.762967819260666e-06,
      0.00014666462084278464,
      0.0002275480073876679,
      1.6287126527458895e-06,
      6.240957645786693e-06,
      0.00011967689351877198,
      2.1890311472816393e-05,
      1.2320318774072803e-06,
      1.70127023011446e-05,
      0.9994393587112427,
      1.4003279829921667e-05
    ],
    [
      0.00019755725224968046,
      0.0006371663766913116,
      4.474025899980916e-06,
      2.255778781545814e-06,
      0.00021404835570137948,
      0.00020641622541006655,
      0.9979238510131836,
      4.268707925803028e-05,
      0.00010739537538029253,
      0.0003926978970412165,
      0.00027136574499309063
    ],
    [
      3.0991486710263416e-06,
      6.321130058495328e-06,
      3.231269261050329e-07,
      0.00015037241973914206,
      0.9986526966094971,
      7.751405064482242e-05,
      2.7443729777587578e-05,
      2.1672190996469e-05,
      1.773288386175409e-05,
      0.0002311759744770825,
      0.0008117003017105162
    ],
    [
      9.347926243208349e-05,
      4.294427071727114e-06,
      0.0038721109740436077,
      0.9949678182601929,
      0.0003540043835528195,
      0.00035538687370717525,
      3.2703556485103036e-07,
      0.00021118779841344804,
      7.230747723951936e-05,
      5.759002669947222e-05,
      1.1499664651637431e-05
    ],
    [
      0.0003283661790192127,
      0.0002021091349888593,
      0.00019072035502176732,
      4.621339030563831e-05,
      0.00014814086898695678,
      5.529747431864962e-05,
      0.0013613937189802527,
      5.736323873861693e-05,
      0.9438030123710632,
      0.05376563221216202,
      4.1689603676786646e-05
    ],
    [
      0.0002845347626134753,
      0.0006898075225763023,
      0.9983357787132263,
      1.5974665075191297e-05,
      1.1132980262118508e-06,
      6.748210125806509e-06,
      1.9105837054667063e-06,
      0.00011381015065126121,
      0.00042691791895776987,
      0.00012232529115863144,
      1.0982886351484922e-06
    ],
    [
      0.9995463490486145,
      6.473570124398975e-07,
      6.502075120806694e-05,
      2.0584710000548512e-05,
      3.7976320754751214e-07,
      0.00012978237646166235,
      5.348963895812631e-06,
      0.00014954879588913172,
      5.47994532098528e-05,
      1.7631147386509838e-07,
      2.7351728931535035e-05
    ],
    [
      9.859846613835543e-06,
      0.998919665813446,
      1.1059399184887297e-05,
      6.935664487173199e-07,
      1.681218418525532e-05,
      1.0879556384679745e-06,
      0.00042243744246661663,
      0.00036399945383891463,
      9.507244976703078e-05,
      5.9203557611908764e-05,
      0.00010010614641942084
    ],
    [
      0.9997552633285522,
      7.691977543800022e-07,
      1.641115522943437e-05,
      2.6729483124654507e-06,
      2.2739024529982999e-07,
      2.3077474907040596e-05,
      1.4996949175838381e-05,
      0.00011176435509696603,
      5.528775727725588e-05,
      2.120025754948074e-07,
      1.9335888282512315e-05
    ],
    [
      4.595301561494125e-06,
      5.20023888839205e-07,
      4.258422450220678e-06,
      0.997256875038147,
      0.002502084942534566,
      0.00013029151887167245,
      1.4251764923756127e-07,
      2.2208369045984e-05,
      7.281086436705664e-05,
      1.9634649106592406e-06,
      4.151200300839264e-06
    ],
    [
      0.00017719215247780085,
      0.00037927302764728665,
      4.918902050121687e-06,
      2.1008158910262864e-06,
      0.0002073900686809793,
      0.00027067988412454724,
      0.9983250498771667,
      3.725739225046709e-05,
      9.876760304905474e-05,
      0.00029967818409204483,
      0.00019772980886045843
    ],
    [
      2.421189719825634e-06,
      0.00011947608436457813,
      7.523083240812412e-07,
      1.0436115189804696e-06,
      9.477620187681168e-05,
      2.4079436116153374e-05,
      5.265582785796141e-06,
      7.98368091636803e-07,
      1.0224985089735128e-06,
      0.00026992431958206,
      0.9994804263114929
    ],
    [
      4.849858214583946e-06,
      0.0001739218714646995,
      0.00012020074063912034,
      1.2068763908246183e-06,
      8.690496542840265e-06,
      9.901644807541743e-05,
      4.954801988787949e-05,
      7.60488262585568e-07,
      9.66705829341663e-06,
      0.9995154142379761,
      1.6833861081977375e-05
    ],
    [
      0.0008068208117038012,
      0.0018469492206349969,
      0.0004905844107270241,
      0.00011290416296105832,
      0.00032168757752515376,
      0.000190944061614573,
      0.006645426154136658,
      0.00013838584709446877,
      0.45298296213150024,
      0.5362899303436279,
      0.00017341689090244472
    ],
    [
      2.124256752722431e-06,
      4.674994670494925e-06,
      1.937021778530834e-07,
      8.366246765945107e-05,
      0.9986118674278259,
      6.60112636978738e-05,
      2.2762484150007367e-05,
      1.7996821043197997e-05,
      1.1283968888164964e-05,
      0.00021797421504743397,
      0.0009613731526769698
    ],
    [
      0.0004071889561600983,
      1.983759466384072e-05,
      1.802746919565834e-05,
      0.0002664065104909241,
      0.00012264514225535095,
      6.0415163716243114e-06,
      5.463598427013494e-07,
      0.9989816546440125,
      0.00017043983098119497,
      2.2992696813162183e-06,
      4.950712991558248e-06
    ],
    [
      1.0295719221176114e-05,
      1.6232512280112132e-05,
      1.9558387066354044e-05,
      4.1507897549308836e-05,
      0.00012101250467821956,
      0.9992272853851318,
      1.89841739484109e-05,
      6.322538297354185e-07,
      1.1423308023950085e-05,
      0.00042108172783628106,
      0.00011204973998246714
    ]
  ],