{
  "predictions": [
    10,
    2,
    1,
    5,
    7,
    9,
    6,
    4,
    3,
    8,
    2,
    0,
    1,
    0,
    3,
    6,
    10,
    9,
    8,
    4,
    7,
    5
  ],
  "true_labels": [
    10,
    2,
    1,
    5,
    7,
    9,
    6,
    4,
    3,
    8,
    2,
    0,
    1,
    0,
    3,
    6,
    10,
    9,
    8,
    4,
    7,
    5
  ],
  "probabilities": [
    [
      4.356863883003825e-06,
      2.31898980018741e-06,
      4.541621478892921e-08,
      4.586837576425751e-08,
      7.932790322229266e-05,
      1.565057630159572e-07,
      6.135409876151243e-06,
      2.1435850783291244e-07,
      7.11227343686005e-08,
      0.0012018622364848852,
      0.9987053871154785
    ],
    [
      0.0022823128383606672,
      0.23905602097511292,
      0.7097129225730896,
      0.0001863336074166,
      3.638074122136459e-05,
      0.0005462482804432511,
      3.810175621765666e-05,
      0.003990076016634703,
      0.0003341415140312165,
      0.04379506781697273,
      2.2440432076109573e-05
    ],
    [
      0.00010119492799276486,
      0.9980188608169556,
      0.00017580590792931616,
      3.06584443023894e-05,
      3.788234153034864e-06,
      0.0002568795171100646,
      5.0003977776214015e-06,
      0.001092445687390864,
      1.9704024452948943e-05,
      9.491093078395352e-05,
      0.00020073280029464513
    ],
    [
      2.827356865964248e-06,
      6.61839436588707e-08,
      6.723126261931611e-06,
      6.10455458627257e-07,
      5.373370868255734e-07,
      0.9999585747718811,
      8.84625296748709e-06,
      1.2604552068751218e-07,
      7.625935154464969e-07,
      2.088992368953768e-05,
      5.4027342599738404e-08
    ],
    [
      0.0001041907089529559,
      0.33655282855033875,
      0.00021780435054097325,
      3.4030003007501364e-05,
      8.460927347186953e-06,
      1.6856791262398474e-05,
      0.00014138456026557833,
      0.6609489321708679,
      0.0010231140768155456,
      0.000648044457193464,
      0.00030426940065808594
    ],
    [
      1.7813906652008882e-06,
      5.123562459630193e-06,
      2.6521860490902327e-05,
      5.293393314786954e-07,
      1.8561959223006852e-06,
      6.338129878713517e-07,
      4.010283305433404e-07,
      7.859605375415413e-07,
      3.968748569604941e-05,
      0.999911367893219,
      1.1318971701257396e-05
    ],
    [
      0.00011715238360920921,
      9.298962027060043e-07,
      2.271261791975121e-06,
      6.538554231383387e-08,
      9.89063437373261e-07,
      4.929734132019803e-05,
      0.9997351765632629,
      5.515774773812154e-06,
      1.2818391041946597e-06,
      2.4365756416955264e-06,
      8.478178642690182e-05
    ],
    [
      5.352449079509825e-07,
      3.5698312217391504e-07,
      1.025244387165003e-07,
      4.216683373670094e-05,
      0.999904453754425,
      2.7998717655464134e-07,
      1.993076068629307e-07,
      4.9704453886079136e-08,
      3.6558049032464623e-07,
      3.5595048757386394e-06,
      4.80947237520013e-05
    ],
    [
      1.0245177151091411e-07,
      1.9880267245753203e-06,
      0.002261882182210684,
      0.9976133108139038,
      2.790359576465562e-05,
      4.533383980742656e-05,
      5.591850822384004e-07,
      3.944208947359584e-05,
      1.3217866126069566e-06,
      8.20541026769206e-06,
      2.5595923602850235e-08
    ],
    [
      5.2814830269198865e-05,
      1.4405403817363549e-05,
      6.5031690610339865e-06,
      3.9925581063471327e-07,
      5.127448275743518e-06,
      2.212904064435861e-06,
      6.103571195126278e-06,
      1.592981061548926e-05,
      0.9936763048171997,
      0.006213996093720198,
      6.130096153356135e-06
    ],
    [
      4.2323017623857595e-06,
      6.197572020028019e-06,
      0.9999189972877502,
      1.0866305274248589e-05,
      1.2826319562009303e-07,
      6.5709027694538236e-06,
      1.3010629800191964e-06,
      1.7023237887769938e-05,
      1.564822559885215e-05,
      1.897969559649937e-05,
      9.298516623346131e-09
    ],
    [
      0.9999846816062927,
      1.0008015749463084e-07,
      1.8238496579670027e-07,
      2.9311888471994507e-09,
      6.9724143259009e-07,
      5.177119419386145e-06,
      7.2425509642926045e-06,
      6.168486379465321e-07,
      1.314199153057416e-06,
      1.5544462383942914e-09,
      1.2833866946948547e-07
    ],
    [
      9.188564035866875e-06,
      0.9999241828918457,
      3.173295510805474e-07,
      1.57583770032943e-07,
      2.0469624928409758e-07,
      1.6984424178190238e-07,
      1.9233700641052565e-06,
      4.111422185815172e-06,
      8.230734238168225e-06,
      2.8409236620063893e-05,
      2.3129521650844254e-05
    ],
    [
      0.9999776482582092,
      7.785633897583466e-07,
      1.2315361175296857e-07,
      3.138865833918203e-09,
      8.300309559672314e-07,
      2.9116897621861426e-06,
      1.5413888831972145e-05,
      5.674377234754502e-07,
      1.6555757156311302e-06,
      3.192001551965973e-09,
      1.7477704261636973e-07
    ],
    [
      4.807499731640519e-09,
      3.7952773368488124e-07,
      2.9910302146163303e-06,
      0.999920666217804,
      7.061131327645853e-05,
      2.3577315459988313e-06,
      2.6436911326754853e-08,
      2.4938567548815627e-06,
      4.0163450876207207e-07,
      2.3040473706714693e-07,
      2.2309293967737176e-08
    ],
    [
      3.3294472814304754e-05,
      2.3510588675890176e-07,
      1.6262983990600333e-06,
      2.570024904002821e-08,
      3.8574333416363515e-07,
      3.6565954360412434e-05,
      0.9998717308044434,
      2.877588940464193e-06,
      4.040867054300179e-07,
      1.6280705494864378e-06,
      5.124749804963358e-05
    ],
    [
      2.5761244160094066e-06,
      2.5448539417993743e-06,
      2.504331675368121e-08,
      2.6395023056124955e-08,
      2.8768510674126446e-05,
      6.228465565527586e-08,
      4.968409029970644e-06,
      1.523457910934667e-07,
      4.401035624823635e-08,
      0.0005309688276611269,
      0.9994298815727234
    ],
    [
      1.2189497056169785e-06,
      2.958416189358104e-06,
      2.069379661406856e-05,
      3.2748602052379283e-07,
      1.0659230156306876e-06,
      3.318889980619133e-07,
      3.974456888045097e-07,
      6.721134013787378e-07,
      3.455084515735507e-05,
      0.999930739402771,
      7.019109034445137e-06
    ],
    [
      0.00016860793402884156,
      0.0003098946763202548,
      6.93048641551286e-05,
      2.7175772174814483e-06,
      2.25846979446942e-05,
      8.388572496187408e-06,
      5.472634802572429e-05,
      0.00010347175702918321,
      0.7855682969093323,
      0.21362289786338806,
      6.914879486430436e-05
    ],
    [
      5.458401801661239e-07,
      3.508742452140723e-07,
      9.462006289595593e-08,
      2.914873039117083e-05,
      0.9999092221260071,
      3.882905446062068e-07,
      1.8804387025284086e-07,
      3.8709906391432014e-08,
      3.3018844192156394e-07,
      5.034645710111363e-06,
      5.471102849696763e-05
    ],
    [
      2.175168901885627e-06,
      1.2336377039900981e-05,
      1.7951108475244837e-06,
      1.9981356672360562e-05,
      1.002556757612183e-07,
      3.658921059468412e-07,
      3.501944547679159e-07,
      0.9999592304229736,
      1.152431877926574e-06,
      4.844168302042817e-07,
      1.966188619917375e-06
    ],
    [
      5.965969194221543e-06,
      4.606794234973677e-08,
      1.7722451275403728e-06,
      1.1324798521172852e-07,
      1.965766927014556e-07,
      0.9999827146530151,
      1.2629059256141772e-06,
      4.239899809022063e-08,
      4.629155512247962e-07,
      7.434163308062125e-06,
      1.2230560564319148e-08
    ]
  ],