subject_id,sample_index,fusion_strategy,true_label,pred_label,gate_pred_label,different_from_gate,adann_label,lgb_label,adann_conf,lgb_conf,adann_margin,lgb_margin
1,0,Confidence-gated rule,0,1,1,False,,,,,,
1,1,Confidence-gated rule,0,0,0,False,,,,,,
1,2,Confidence-gated rule,0,0,0,False,,,,,,
1,3,Confidence-gated rule,0,1,1,False,,,,,,
1,4,Confidence-gated rule,0,0,0,False,,,,,,
1,5,Confidence-gated rule,0,0,0,False,,,,,,
1,6,Confidence-gated rule,0,0,0,False,,,,,,
1,7,Confidence-gated rule,0,1,1,False,,,,,,
1,8,Confidence-gated rule,0,0,0,False,,,,,,
1,9,Confidence-gated rule,0,1,1,False,,,,,,
1,10,Confidence-gated rule,10,10,10,False,,,,,,
1,11,Confidence-gated rule,10,10,10,False,,,,,,
1,12,Confidence-gated rule,10,10,10,False,,,,,,
1,13,Confidence-gated rule,10,10,10,False,,,,,,
1,14,Confidence-gated rule,10,10,10,False,,,,,,
1,15,Confidence-gated rule,10,10,10,False,,,,,,
1,16,Confidence-gated rule,10,10,10,False,,,,,,
1,17,Confidence-gated rule,10,10,10,False,,,,,,
1,18,Confidence-gated rule,10,10,10,False,,,,,,
1,19,Confidence-gated rule,10,10,10,False,,,,,,
1,20,Confidence-gated rule,1,1,1,False,,,,,,
1,21,Confidence-gated rule,1,1,1,False,,,,,,
1,22,Confidence-gated rule,1,1,1,False,,,,,,
1,23,Confidence-gated rule,1,1,1,False,,,,,,
1,24,Confidence-gated rule,1,1,1,False,,,,,,
1,25,Confidence-gated rule,1,1,1,False,,,,,,
1,26,Confidence-gated rule,1,1,1,False,,,,,,
1,27,Confidence-gated rule,1,1,1,False,,,,,,
1,28,Confidence-gated rule,1,1,1,False,,,,,,
1,29,Confidence-gated rule,1,1,1,False,,,,,,
1,30,Confidence-gated rule,2,2,2,False,,,,,,
1,31,Confidence-gated rule,2,2,2,False,,,,,,
1,32,Confidence-gated rule,2,2,2,False,,,,,,
1,33,Confidence-gated rule,2,2,2,False,,,,,,
1,34,Confidence-gated rule,2,2,2,False,,,,,,
1,35,Confidence-gated rule,2,2,2,False,,,,,,
1,36,Confidence-gated rule,2,2,2,False,,,,,,
1,37,Confidence-gated rule,2,2,2,False,,,,,,
1,38,Confidence-gated rule,2,2,2,False,,,,,,
1,39,Confidence-gated rule,2,2,2,False,,,,,,
1,40,Confidence-gated rule,3,3,3,False,,,,,,
1,41,Confidence-gated rule,3,3,3,False,,,,,,
1,42,Confidence-gated rule,3,3,3,False,,,,,,
1,43,Confidence-gated rule,3,3,3,False,,,,,,
1,44,Confidence-gated rule,3,3,3,False,,,,,,
1,45,Confidence-gated rule,3,3,3,False,,,,,,
1,46,Confidence-gated rule,3,3,3,False,,,,,,
1,47,Confidence-gated rule,3,3,3,False,,,,,,
1,48,Confidence-gated rule,3,3,3,False,,,,,,
1,49,Confidence-gated rule,3,3,3,False,,,,,,
1,50,Confidence-gated rule,4,4,4,False,,,,,,
1,51,Confidence-gated rule,4,3,3,False,,,,,,
1,52,Confidence-gated rule,4,4,4,False,,,,,,
1,53,Confidence-gated rule,4,4,4,False,,,,,,
1,54,Confidence-gated rule,4,4,4,False,,,,,,
1,55,Confidence-gated rule,4,4,4,False,,,,,,
1,56,Confidence-gated rule,4,10,10,False,,,,,,
1,57,Confidence-gated rule,4,4,4,False,,,,,,
1,58,Confidence-gated rule,4,4,4,False,,,,,,
1,59,Confidence-gated rule,4,4,4,False,,,,,,
1,60,Confidence-gated rule,5,5,5,False,,,,,,
1,61,Confidence-gated rule,5,5,5,False,,,,,,
1,62,Confidence-gated rule,5,5,5,False,,,,,,
1,63,Confidence-gated rule,5,5,5,False,,,,,,
1,64,Confidence-gated rule,5,5,5,False,,,,,,
1,65,Confidence-gated rule,5,5,5,False,,,,,,
1,66,Confidence-gated rule,5,5,5,False,,,,,,
1,67,Confidence-gated rule,5,5,5,False,,,,,,
1,68,Confidence-gated rule,5,5,5,False,,,,,,
1,69,Confidence-gated rule,5,0,0,False,,,,,,
1,70,Confidence-gated rule,6,6,6,False,,,,,,
1,71,Confidence-gated rule,6,6,6,False,,,,,,
1,72,Confidence-gated rule,6,6,6,False,,,,,,
1,73,Confidence-gated rule,6,6,6,False,,,,,,
1,74,Confidence-gated rule,6,6,6,False,,,,,,
1,75,Confidence-gated rule,6,6,6,False,,,,,,
1,76,Confidence-gated rule,6,6,6,False,,,,,,
1,77,Confidence-gated rule,6,6,6,False,,,,,,
1,78,Confidence-gated rule,6,6,6,False,,,,,,
1,79,Confidence-gated rule,6,6,6,False,,,,,,
1,80,Confidence-gated rule,7,7,7,False,,,,,,
1,81,Confidence-gated rule,7,7,7,False,,,,,,
1,82,Confidence-gated rule,7,7,7,False,,,,,,
1,83,Confidence-gated rule,7,7,7,False,,,,,,
1,84,Confidence-gated rule,7,7,7,False,,,,,,
1,85,Confidence-gated rule,7,7,7,False,,,,,,
1,86,Confidence-gated rule,7,7,7,False,,,,,,
1,87,Confidence-gated rule,7,7,7,False,,,,,,
1,88,Confidence-gated rule,7,7,7,False,,,,,,
1,89,Confidence-gated rule,7,7,7,False,,,,,,
1,90,Confidence-gated rule,8,8,8,False,,,,,,
1,91,Confidence-gated rule,8,8,8,False,,,,,,
1,92,Confidence-gated rule,8,8,8,False,,,,,,
1,93,Confidence-gated rule,8,8,8,False,,,,,,
1,94,Confidence-gated rule,8,8,8,False,,,,,,
1,95,Confidence-gated rule,8,8,8,False,,,,,,
1,96,Confidence-gated rule,8,8,8,False,,,,,,
1,97,Confidence-gated rule,8,8,8,False,,,,,,
1,98,Confidence-gated rule,8,8,8,False,,,,,,
1,99,Confidence-gated rule,8,8,8,False,,,,,,
1,100,Confidence-gated rule,9,9,9,False,,,,,,
1,101,Confidence-gated rule,9,9,9,False,,,,,,
1,102,Confidence-gated rule,9,9,9,False,,,,,,
1,103,Confidence-gated rule,9,9,9,False,,,,,,
1,104,Confidence-gated rule,9,9,9,False,,,,,,
1,105,Confidence-gated rule,9,9,9,False,,,,,,
1,106,Confidence-gated rule,9,9,9,False,,,,,,
1,107,Confidence-gated rule,9,9,9,False,,,,,,
1,108,Confidence-gated rule,9,9,9,False,,,,,,
1,109,Confidence-gated rule,9,9,9,False,,,,,,
1,0,Calibrated probability averaging,0,1,1,False,,,,,,
1,1,Calibrated probability averaging,0,0,0,False,,,,,,
1,2,Calibrated probability averaging,0,0,0,False,,,,,,
1,3,Calibrated probability averaging,0,1,1,False,,,,,,
1,4,Calibrated probability averaging,0,1,0,True,,,,,,
1,5,Calibrated probability averaging,0,1,0,True,,,,,,
1,6,Calibrated probability averaging,0,0,0,False,,,,,,
1,7,Calibrated probability averaging,0,1,1,False,,,,,,
1,8,Calibrated probability averaging,0,0,0,False,,,,,,
1,9,Calibrated probability averaging,0,1,1,False,,,,,,
1,10,Calibrated probability averaging,10,10,10,False,,,,,,
1,11,Calibrated probability averaging,10,10,10,False,,,,,,
1,12,Calibrated probability averaging,10,10,10,False,,,,,,
1,13,Calibrated probability averaging,10,10,10,False,,,,,,
1,14,Calibrated probability averaging,10,10,10,False,,,,,,
1,15,Calibrated probability averaging,10,10,10,False,,,,,,
1,16,Calibrated probability averaging,10,10,10,False,,,,,,
1,17,Calibrated probability averaging,10,10,10,False,,,,,,
1,18,Calibrated probability averaging,10,10,10,False,,,,,,
1,19,Calibrated probability averaging,10,10,10,False,,,,,,
1,20,Calibrated probability averaging,1,1,1,False,,,,,,
1,21,Calibrated probability averaging,1,1,1,False,,,,,,
1,22,Calibrated probability averaging,1,1,1,False,,,,,,
1,23,Calibrated probability averaging,1,1,1,False,,,,,,
1,24,Calibrated probability averaging,1,1,1,False,,,,,,
1,25,Calibrated probability averaging,1,1,1,False,,,,,,
1,26,Calibrated probability averaging,1,1,1,False,,,,,,
1,27,Calibrated probability averaging,1,1,1,False,,,,,,
1,28,Calibrated probability averaging,1,1,1,False,,,,,,
1,29,Calibrated probability averaging,1,1,1,False,,,,,,
1,30,Calibrated probability averaging,2,8,2,True,,,,,,
1,31,Calibrated probability averaging,2,2,2,False,,,,,,
1,32,Calibrated probability averaging,2,2,2,False,,,,,,
1,33,Calibrated probability averaging,2,8,2,True,,,,,,
1,34,Calibrated probability averaging,2,8,2,True,,,,,,
1,35,Calibrated probability averaging,2,2,2,False,,,,,,
1,36,Calibrated probability averaging,2,8,2,True,,,,,,
1,37,Calibrated probability averaging,2,2,2,False,,,,,,
1,38,Calibrated probability averaging,2,2,2,False,,,,,,
1,39,Calibrated probability averaging,2,8,2,True,,,,,,
1,40,Calibrated probability averaging,3,3,3,False,,,,,,
1,41,Calibrated probability averaging,3,3,3,False,,,,,,
1,42,Calibrated probability averaging,3,3,3,False,,,,,,
1,43,Calibrated probability averaging,3,3,3,False,,,,,,
1,44,Calibrated probability averaging,3,3,3,False,,,,,,
1,45,Calibrated probability averaging,3,3,3,False,,,,,,
1,46,Calibrated probability averaging,3,3,3,False,,,,,,
1,47,Calibrated probability averaging,3,3,3,False,,,,,,
1,48,Calibrated probability averaging,3,3,3,False,,,,,,
1,49,Calibrated probability averaging,3,3,3,False,,,,,,
1,50,Calibrated probability averaging,4,4,4,False,,,,,,
1,51,Calibrated probability averaging,4,4,3,True,,,,,,
1,52,Calibrated probability averaging,4,4,4,False,,,,,,
1,53,Calibrated probability averaging,4,4,4,False,,,,,,
1,54,Calibrated probability averaging,4,4,4,False,,,,,,
1,55,Calibrated probability averaging,4,4,4,False,,,,,,
1,56,Calibrated probability averaging,4,10,10,False,,,,,,
1,57,Calibrated probability averaging,4,4,4,False,,,,,,
1,58,Calibrated probability averaging,4,4,4,False,,,,,,
1,59,Calibrated probability averaging,4,4,4,False,,,,,,
1,60,Calibrated probability averaging,5,5,5,False,,,,,,
1,61,Calibrated probability averaging,5,5,5,False,,,,,,
1,62,Calibrated probability averaging,5,5,5,False,,,,,,
1,63,Calibrated probability averaging,5,5,5,False,,,,,,
1,64,Calibrated probability averaging,5,5,5,False,,,,,,
1,65,Calibrated probability averaging,5,5,5,False,,,,,,
1,66,Calibrated probability averaging,5,5,5,False,,,,,,
1,67,Calibrated probability averaging,5,5,5,False,,,,,,
1,68,Calibrated probability averaging,5,5,5,False,,,,,,
1,69,Calibrated probability averaging,5,5,0,True,,,,,,
1,70,Calibrated probability averaging,6,6,6,False,,,,,,
1,71,Calibrated probability averaging,6,6,6,False,,,,,,
1,72,Calibrated probability averaging,6,6,6,False,,,,,,
1,73,Calibrated probability averaging,6,6,6,False,,,,,,
1,74,Calibrated probability averaging,6,6,6,False,,,,,,
1,75,Calibrated probability averaging,6,6,6,False,,,,,,
1,76,Calibrated probability averaging,6,6,6,False,,,,,,
1,77,Calibrated probability averaging,6,6,6,False,,,,,,
1,78,Calibrated probability averaging,6,6,6,False,,,,,,
1,79,Calibrated probability averaging,6,6,6,False,,,,,,
1,80,Calibrated probability averaging,7,7,7,False,,,,,,
1,81,Calibrated probability averaging,7,7,7,False,,,,,,
1,82,Calibrated probability averaging,7,7,7,False,,,,,,
1,83,Calibrated probability averaging,7,7,7,False,,,,,,
1,84,Calibrated probability averaging,7,7,7,False,,,,,,
1,85,Calibrated probability averaging,7,7,7,False,,,,,,
1,86,Calibrated probability averaging,7,7,7,False,,,,,,
1,87,Calibrated probability averaging,7,7,7,False,,,,,,
1,88,Calibrated probability averaging,7,7,7,False,,,,,,
1,89,Calibrated probability averaging,7,7,7,False,,,,,,
1,90,Calibrated probability averaging,8,8,8,False,,,,,,
1,91,Calibrated probability averaging,8,8,8,False,,,,,,
1,92,Calibrated probability averaging,8,8,8,False,,,,,,
1,93,Calibrated probability averaging,8,8,8,False,,,,,,
1,94,Calibrated probability averaging,8,8,8,False,,,,,,
1,95,Calibrated probability averaging,8,8,8,False,,,,,,
1,96,Calibrated probability averaging,8,8,8,False,,,,,,
1,97,Calibrated probability averaging,8,8,8,False,,,,,,
1,98,Calibrated probability averaging,8,8,8,False,,,,,,
1,99,Calibrated probability averaging,8,8,8,False,,,,,,
1,100,Calibrated probability averaging,9,9,9,False,,,,,,
1,101,Calibrated probability averaging,9,9,9,False,,,,,,
1,102,Calibrated probability averaging,9,9,9,False,,,,,,
1,103,Calibrated probability averaging,9,9,9,False,,,,,,
1,104,Calibrated probability averaging,9,9,9,False,,,,,,
1,105,Calibrated probability averaging,9,9,9,False,,,,,,
1,106,Calibrated probability averaging,9,9,9,False,,,,,,
1,107,Calibrated probability averaging,9,9,9,False,,,,,,
1,108,Calibrated probability averaging,9,9,9,False,,,,,,
1,109,Calibrated probability averaging,9,9,9,False,,,,,,
1,4,Calibrated probability averaging audit disagreement,0,1,0,True,1.0,0.0,0.9816216826438904,0.9994980096817017,0.9641923904418945,0.9990668892860413
1,5,Calibrated probability averaging audit disagreement,0,1,0,True,1.0,0.0,0.9746076464653015,0.9828135967254639,0.9497022032737732,0.9657859206199646
1,30,Calibrated probability averaging audit disagreement,2,8,2,True,8.0,2.0,0.997367799282074,0.999704122543335,0.9948891997337341,0.9995415210723877
1,33,Calibrated probability averaging audit disagreement,2,8,2,True,8.0,2.0,0.8203155994415283,0.9635974764823914,0.6678997874259949,0.9412124752998352
1,34,Calibrated probability averaging audit disagreement,2,8,2,True,8.0,2.0,0.9696466326713562,0.9994397759437561,0.9393843412399292,0.9991332292556763
1,36,Calibrated probability averaging audit disagreement,2,8,2,True,8.0,2.0,0.7572671175003052,0.9899828433990479,0.5148921012878418,0.9868062138557434
1,39,Calibrated probability averaging audit disagreement,2,8,2,True,8.0,2.0,0.9611606001853943,0.9998359084129333,0.9224027991294861,0.9997690916061401
1,51,Calibrated probability averaging audit disagreement,4,4,3,True,4.0,3.0,0.9391825795173645,0.979662299156189,0.8783659934997559,0.9626845121383667
1,69,Calibrated probability averaging audit disagreement,5,5,0,True,5.0,0.0,0.9643241167068481,0.9973932504653931,0.9294969439506531,0.994925856590271
1,0,Validation-weighted fusion,0,1,1,False,,,,,,
1,1,Validation-weighted fusion,0,0,0,False,,,,,,
1,2,Validation-weighted fusion,0,1,0,True,,,,,,
1,3,Validation-weighted fusion,0,1,1,False,,,,,,
1,4,Validation-weighted fusion,0,1,0,True,,,,,,
1,5,Validation-weighted fusion,0,1,0,True,,,,,,
1,6,Validation-weighted fusion,0,1,0,True,,,,,,
1,7,Validation-weighted fusion,0,1,1,False,,,,,,
1,8,Validation-weighted fusion,0,1,0,True,,,,,,
1,9,Validation-weighted fusion,0,1,1,False,,,,,,
1,10,Validation-weighted fusion,10,10,10,False,,,,,,
1,11,Validation-weighted fusion,10,10,10,False,,,,,,
1,12,Validation-weighted fusion,10,10,10,False,,,,,,
1,13,Validation-weighted fusion,10,10,10,False,,,,,,
1,14,Validation-weighted fusion,10,10,10,False,,,,,,
1,15,Validation-weighted fusion,10,10,10,False,,,,,,
1,16,Validation-weighted fusion,10,10,10,False,,,,,,
1,17,Validation-weighted fusion,10,10,10,False,,,,,,
1,18,Validation-weighted fusion,10,10,10,False,,,,,,
1,19,Validation-weighted fusion,10,10,10,False,,,,,,
1,20,Validation-weighted fusion,1,1,1,False,,,,,,
1,21,Validation-weighted fusion,1,1,1,False,,,,,,
1,22,Validation-weighted fusion,1,1,1,False,,,,,,
1,23,Validation-weighted fusion,1,1,1,False,,,,,,
1,24,Validation-weighted fusion,1,1,1,False,,,,,,
1,25,Validation-weighted fusion,1,1,1,False,,,,,,
1,26,Validation-weighted fusion,1,1,1,False,,,,,,
1,27,Validation-weighted fusion,1,1,1,False,,,,,,
1,28,Validation-weighted fusion,1,1,1,False,,,,,,
1,29,Validation-weighted fusion,1,1,1,False,,,,,,
1,30,Validation-weighted fusion,2,8,2,True,,,,,,
1,31,Validation-weighted fusion,2,2,2,False,,,,,,
1,32,Validation-weighted fusion,2,2,2,False,,,,,,
1,33,Validation-weighted fusion,2,8,2,True,,,,,,
1,34,Validation-weighted fusion,2,8,2,True,,,,,,
1,35,Validation-weighted fusion,2,2,2,False,,,,,,
1,36,Validation-weighted fusion,2,8,2,True,,,,,,
1,37,Validation-weighted fusion,2,2,2,False,,,,,,
1,38,Validation-weighted fusion,2,8,2,True,,,,,,
1,39,Validation-weighted fusion,2,8,2,True,,,,,,
1,40,Validation-weighted fusion,3,3,3,False,,,,,,
1,41,Validation-weighted fusion,3,3,3,False,,,,,,
1,42,Validation-weighted fusion,3,9,3,True,,,,,,
1,43,Validation-weighted fusion,3,3,3,False,,,,,,
1,44,Validation-weighted fusion,3,3,3,False,,,,,,
1,45,Validation-weighted fusion,3,3,3,False,,,,,,
1,46,Validation-weighted fusion,3,3,3,False,,,,,,
1,47,Validation-weighted fusion,3,3,3,False,,,,,,
1,48,Validation-weighted fusion,3,3,3,False,,,,,,
1,49,Validation-weighted fusion,3,3,3,False,,,,,,
1,50,Validation-weighted fusion,4,4,4,False,,,,,,
1,51,Validation-weighted fusion,4,4,3,True,,,,,,
1,52,Validation-weighted fusion,4,4,4,False,,,,,,
1,53,Validation-weighted fusion,4,4,4,False,,,,,,
1,54,Validation-weighted fusion,4,4,4,False,,,,,,
1,55,Validation-weighted fusion,4,4,4,False,,,,,,
1,56,Validation-weighted fusion,4,10,10,False,,,,,,
1,57,Validation-weighted fusion,4,4,4,False,,,,,,
1,58,Validation-weighted fusion,4,4,4,False,,,,,,
1,59,Validation-weighted fusion,4,4,4,False,,,,,,
1,60,Validation-weighted fusion,5,5,5,False,,,,,,
1,61,Validation-weighted fusion,5,5,5,False,,,,,,
1,62,Validation-weighted fusion,5,5,5,False,,,,,,
1,63,Validation-weighted fusion,5,5,5,False,,,,,,
1,64,Validation-weighted fusion,5,5,5,False,,,,,,
1,65,Validation-weighted fusion,5,5,5,False,,,,,,
1,66,Validation-weighted fusion,5,5,5,False,,,,,,
1,67,Validation-weighted fusion,5,5,5,False,,,,,,
1,68,Validation-weighted fusion,5,5,5,False,,,,,,
1,69,Validation-weighted fusion,5,5,0,True,,,,,,
1,70,Validation-weighted fusion,6,6,6,False,,,,,,
1,71,Validation-weighted fusion,6,6,6,False,,,,,,
1,72,Validation-weighted fusion,6,6,6,False,,,,,,
1,73,Validation-weighted fusion,6,6,6,False,,,,,,
1,74,Validation-weighted fusion,6,6,6,False,,,,,,
1,75,Validation-weighted fusion,6,6,6,False,,,,,,
1,76,Validation-weighted fusion,6,6,6,False,,,,,,
1,77,Validation-weighted fusion,6,6,6,False,,,,,,
1,78,Validation-weighted fusion,6,6,6,False,,,,,,
1,79,Validation-weighted fusion,6,6,6,False,,,,,,
1,80,Validation-weighted fusion,7,7,7,False,,,,,,
1,81,Validation-weighted fusion,7,7,7,False,,,,,,
1,82,Validation-weighted fusion,7,7,7,False,,,,,,
1,83,Validation-weighted fusion,7,7,7,False,,,,,,
1,84,Validation-weighted fusion,7,7,7,False,,,,,,
1,85,Validation-weighted fusion,7,7,7,False,,,,,,
1,86,Validation-weighted fusion,7,7,7,False,,,,,,
1,87,Validation-weighted fusion,7,7,7,False,,,,,,
1,88,Validation-weighted fusion,7,7,7,False,,,,,,
1,89,Validation-weighted fusion,7,7,7,False,,,,,,
1,90,Validation-weighted fusion,8,8,8,False,,,,,,
1,91,Validation-weighted fusion,8,8,8,False,,,,,,
1,92,Validation-weighted fusion,8,8,8,False,,,,,,
1,93,Validation-weighted fusion,8,8,8,False,,,,,,
1,94,Validation-weighted fusion,8,8,8,False,,,,,,
1,95,Validation-weighted fusion,8,8,8,False,,,,,,
1,96,Validation-weighted fusion,8,8,8,False,,,,,,
1,97,Validation-weighted fusion,8,8,8,False,,,,,,
1,98,Validation-weighted fusion,8,8,8,False,,,,,,
1,99,Validation-weighted fusion,8,8,8,False,,,,,,
1,100,Validation-weighted fusion,9,9,9,False,,,,,,
1,101,Validation-weighted fusion,9,9,9,False,,,,,,
1,102,Validation-weighted fusion,9,9,9,False,,,,,,
1,103,Validation-weighted fusion,9,9,9,False,,,,,,
1,104,Validation-weighted fusion,9,9,9,False,,,,,,
1,105,Validation-weighted fusion,9,9,9,False,,,,,,
1,106,Validation-weighted fusion,9,9,9,False,,,,,,
1,107,Validation-weighted fusion,9,9,9,False,,,,,,
1,108,Validation-weighted fusion,9,9,9,False,,,,,,
1,109,Validation-weighted fusion,9,9,9,False,,,,,,
1,2,Validation-weighted fusion audit disagreement,0,1,0,True,1.0,0.0,0.769083559513092,0.9996678829193115,0.5399917364120483,0.9994193315505981
1,4,Validation-weighted fusion audit disagreement,0,1,0,True,1.0,0.0,0.9816216826438904,0.9994980096817017,0.9641923904418945,0.9990668892860413
1,5,Validation-weighted fusion audit disagreement,0,1,0,True,1.0,0.0,0.9746076464653015,0.9828135967254639,0.9497022032737732,0.9657859206199646
1,6,Validation-weighted fusion audit disagreement,0,1,0,True,1.0,0.0,0.8451059460639954,0.9999900460243225,0.6973516941070557,0.9999863505363464
1,8,Validation-weighted fusion audit disagreement,0,1,0,True,1.0,0.0,0.7163008451461792,0.9779506325721741,0.43275144696235657,0.955924928188324
1,30,Validation-weighted fusion audit disagreement,2,8,2,True,8.0,2.0,0.997367799282074,0.999704122543335,0.9948891997337341,0.9995415210723877
1,33,Validation-weighted fusion audit disagreement,2,8,2,True,8.0,2.0,0.8203155994415283,0.9635974764823914,0.6678997874259949,0.9412124752998352
1,34,Validation-weighted fusion audit disagreement,2,8,2,True,8.0,2.0,0.9696466326713562,0.9994397759437561,0.9393843412399292,0.9991332292556763
1,36,Validation-weighted fusion audit disagreement,2,8,2,True,8.0,2.0,0.7572671175003052,0.9899828433990479,0.5148921012878418,0.9868062138557434
1,38,Validation-weighted fusion audit disagreement,2,8,2,True,8.0,2.0,0.7838303446769714,0.999914288520813,0.5677181482315063,0.9998617768287659
1,39,Validation-weighted fusion audit disagreement,2,8,2,True,8.0,2.0,0.9611606001853943,0.9998359084129333,0.9224027991294861,0.9997690916061401
1,42,Validation-weighted fusion audit disagreement,3,9,3,True,9.0,3.0,0.45011433959007263,0.9999955296516418,0.18867900967597961,0.9999926686286926
1,51,Validation-weighted fusion audit disagreement,4,4,3,True,4.0,3.0,0.9391825795173645,0.979662299156189,0.8783659934997559,0.9626845121383667
1,69,Validation-weighted fusion audit disagreement,5,5,0,True,5.0,0.0,0.9643241167068481,0.9973932504653931,0.9294969439506531,0.994925856590271
1,0,Maximum-confidence selection,0,1,1,False,,,,,,
1,1,Maximum-confidence selection,0,0,0,False,,,,,,
1,2,Maximum-confidence selection,0,0,0,False,,,,,,
1,3,Maximum-confidence selection,0,1,1,False,,,,,,
1,4,Maximum-confidence selection,0,0,0,False,,,,,,
1,5,Maximum-confidence selection,0,0,0,False,,,,,,
1,6,Maximum-confidence selection,0,0,0,False,,,,,,
1,7,Maximum-confidence selection,0,1,1,False,,,,,,
1,8,Maximum-confidence selection,0,0,0,False,,,,,,
1,9,Maximum-confidence selection,0,1,1,False,,,,,,
1,10,Maximum-confidence selection,10,10,10,False,,,,,,
1,11,Maximum-confidence selection,10,10,10,False,,,,,,
1,12,Maximum-confidence selection,10,10,10,False,,,,,,
1,13,Maximum-confidence selection,10,10,10,False,,,,,,
1,14,Maximum-confidence selection,10,10,10,False,,,,,,
1,15,Maximum-confidence selection,10,10,10,False,,,,,,
1,16,Maximum-confidence selection,10,10,10,False,,,,,,
1,17,Maximum-confidence selection,10,10,10,False,,,,,,
1,18,Maximum-confidence selection,10,10,10,False,,,,,,
1,19,Maximum-confidence selection,10,10,10,False,,,,,,
1,20,Maximum-confidence selection,1,1,1,False,,,,,,
1,21,Maximum-confidence selection,1,1,1,False,,,,,,
1,22,Maximum-confidence selection,1,1,1,False,,,,,,
1,23,Maximum-confidence selection,1,1,1,False,,,,,,
1,24,Maximum-confidence selection,1,1,1,False,,,,,,
1,25,Maximum-confidence selection,1,1,1,False,,,,,,
1,26,Maximum-confidence selection,1,1,1,False,,,,,,
1,27,Maximum-confidence selection,1,1,1,False,,,,,,
1,28,Maximum-confidence selection,1,1,1,False,,,,,,
1,29,Maximum-confidence selection,1,1,1,False,,,,,,
1,30,Maximum-confidence selection,2,2,2,False,,,,,,
1,31,Maximum-confidence selection,2,2,2,False,,,,,,
1,32,Maximum-confidence selection,2,2,2,False,,,,,,
1,33,Maximum-confidence selection,2,2,2,False,,,,,,
1,34,Maximum-confidence selection,2,2,2,False,,,,,,
1,35,Maximum-confidence selection,2,2,2,False,,,,,,
1,36,Maximum-confidence selection,2,2,2,False,,,,,,
1,37,Maximum-confidence selection,2,2,2,False,,,,,,
1,38,Maximum-confidence selection,2,2,2,False,,,,,,
1,39,Maximum-confidence selection,2,2,2,False,,,,,,
1,40,Maximum-confidence selection,3,3,3,False,,,,,,
1,41,Maximum-confidence selection,3,3,3,False,,,,,,
1,42,Maximum-confidence selection,3,3,3,False,,,,,,
1,43,Maximum-confidence selection,3,3,3,False,,,,,,
1,44,Maximum-confidence selection,3,3,3,False,,,,,,
1,45,Maximum-confidence selection,3,3,3,False,,,,,,
1,46,Maximum-confidence selection,3,3,3,False,,,,,,
1,47,Maximum-confidence selection,3,3,3,False,,,,,,
1,48,Maximum-confidence selection,3,3,3,False,,,,,,
1,49,Maximum-confidence selection,3,3,3,False,,,,,,
1,50,Maximum-confidence selection,4,4,4,False,,,,,,
1,51,Maximum-confidence selection,4,3,3,False,,,,,,
1,52,Maximum-confidence selection,4,4,4,False,,,,,,
1,53,Maximum-confidence selection,4,4,4,False,,,,,,
1,54,Maximum-confidence selection,4,4,4,False,,,,,,
1,55,Maximum-confidence selection,4,4,4,False,,,,,,
1,56,Maximum-confidence selection,4,10,10,False,,,,,,
1,57,Maximum-confidence selection,4,4,4,False,,,,,,
1,58,Maximum-confidence selection,4,4,4,False,,,,,,
1,59,Maximum-confidence selection,4,4,4,False,,,,,,
1,60,Maximum-confidence selection,5,5,5,False,,,,,,
1,61,Maximum-confidence selection,5,5,5,False,,,,,,
1,62,Maximum-confidence selection,5,5,5,False,,,,,,
1,63,Maximum-confidence selection,5,5,5,False,,,,,,
1,64,Maximum-confidence selection,5,5,5,False,,,,,,
1,65,Maximum-confidence selection,5,5,5,False,,,,,,
1,66,Maximum-confidence selection,5,5,5,False,,,,,,
1,67,Maximum-confidence selection,5,5,5,False,,,,,,
1,68,Maximum-confidence selection,5,5,5,False,,,,,,
1,69,Maximum-confidence selection,5,0,0,False,,,,,,
1,70,Maximum-confidence selection,6,6,6,False,,,,,,
1,71,Maximum-confidence selection,6,6,6,False,,,,,,
1,72,Maximum-confidence selection,6,6,6,False,,,,,,
1,73,Maximum-confidence selection,6,6,6,False,,,,,,
1,74,Maximum-confidence selection,6,6,6,False,,,,,,
1,75,Maximum-confidence selection,6,6,6,False,,,,,,
1,76,Maximum-confidence selection,6,6,6,False,,,,,,
1,77,Maximum-confidence selection,6,6,6,False,,,,,,
1,78,Maximum-confidence selection,6,6,6,False,,,,,,
1,79,Maximum-confidence selection,6,6,6,False,,,,,,
1,80,Maximum-confidence selection,7,7,7,False,,,,,,
1,81,Maximum-confidence selection,7,7,7,False,,,,,,
1,82,Maximum-confidence selection,7,7,7,False,,,,,,
1,83,Maximum-confidence selection,7,7,7,False,,,,,,
1,84,Maximum-confidence selection,7,7,7,False,,,,,,
1,85,Maximum-confidence selection,7,7,7,False,,,,,,
1,86,Maximum-confidence selection,7,7,7,False,,,,,,
1,87,Maximum-confidence selection,7,7,7,False,,,,,,
1,88,Maximum-confidence selection,7,7,7,False,,,,,,
1,89,Maximum-confidence selection,7,7,7,False,,,,,,
1,90,Maximum-confidence selection,8,8,8,False,,,,,,
1,91,Maximum-confidence selection,8,8,8,False,,,,,,
1,92,Maximum-confidence selection,8,8,8,False,,,,,,
1,93,Maximum-confidence selection,8,8,8,False,,,,,,
1,94,Maximum-confidence selection,8,8,8,False,,,,,,
1,95,Maximum-confidence selection,8,8,8,False,,,,,,
1,96,Maximum-confidence selection,8,8,8,False,,,,,,
1,97,Maximum-confidence selection,8,8,8,False,,,,,,
1,98,Maximum-confidence selection,8,8,8,False,,,,,,
1,99,Maximum-confidence selection,8,8,8,False,,,,,,
1,100,Maximum-confidence selection,9,9,9,False,,,,,,
1,101,Maximum-confidence selection,9,9,9,False,,,,,,
1,102,Maximum-confidence selection,9,9,9,False,,,,,,
1,103,Maximum-confidence selection,9,9,9,False,,,,,,
1,104,Maximum-confidence selection,9,9,9,False,,,,,,
1,105,Maximum-confidence selection,9,9,9,False,,,,,,
1,106,Maximum-confidence selection,9,9,9,False,,,,,,
1,107,Maximum-confidence selection,9,9,9,False,,,,,,
1,108,Maximum-confidence selection,9,9,9,False,,,,,,
1,109,Maximum-confidence selection,9,9,9,False,,,,,,
1,0,Margin-only selection,0,1,1,False,,,,,,
1,1,Margin-only selection,0,0,0,False,,,,,,
1,2,Margin-only selection,0,0,0,False,,,,,,
1,3,Margin-only selection,0,1,1,False,,,,,,
1,4,Margin-only selection,0,0,0,False,,,,,,
1,5,Margin-only selection,0,0,0,False,,,,,,
1,6,Margin-only selection,0,0,0,False,,,,,,
1,7,Margin-only selection,0,1,1,False,,,,,,
1,8,Margin-only selection,0,0,0,False,,,,,,
1,9,Margin-only selection,0,1,1,False,,,,,,
1,10,Margin-only selection,10,10,10,False,,,,,,
1,11,Margin-only selection,10,10,10,False,,,,,,
1,12,Margin-only selection,10,10,10,False,,,,,,
1,13,Margin-only selection,10,10,10,False,,,,,,
1,14,Margin-only selection,10,10,10,False,,,,,,
1,15,Margin-only selection,10,10,10,False,,,,,,
1,16,Margin-only selection,10,10,10,False,,,,,,
1,17,Margin-only selection,10,10,10,False,,,,,,
1,18,Margin-only selection,10,10,10,False,,,,,,
1,19,Margin-only selection,10,10,10,False,,,,,,
1,20,Margin-only selection,1,1,1,False,,,,,,
1,21,Margin-only selection,1,1,1,False,,,,,,
1,22,Margin-only selection,1,1,1,False,,,,,,
1,23,Margin-only selection,1,1,1,False,,,,,,
1,24,Margin-only selection,1,1,1,False,,,,,,
1,25,Margin-only selection,1,1,1,False,,,,,,
1,26,Margin-only selection,1,1,1,False,,,,,,
1,27,Margin-only selection,1,1,1,False,,,,,,
1,28,Margin-only selection,1,1,1,False,,,,,,
1,29,Margin-only selection,1,1,1,False,,,,,,
1,30,Margin-only selection,2,2,2,False,,,,,,
1,31,Margin-only selection,2,2,2,False,,,,,,
1,32,Margin-only selection,2,2,2,False,,,,,,
1,33,Margin-only selection,2,2,2,False,,,,,,
1,34,Margin-only selection,2,2,2,False,,,,,,
1,35,Margin-only selection,2,2,2,False,,,,,,
1,36,Margin-only selection,2,2,2,False,,,,,,
1,37,Margin-only selection,2,2,2,False,,,,,,
1,38,Margin-only selection,2,2,2,False,,,,,,
1,39,Margin-only selection,2,2,2,False,,,,,,
1,40,Margin-only selection,3,3,3,False,,,,,,
1,41,Margin-only selection,3,3,3,False,,,,,,
1,42,Margin-only selection,3,3,3,False,,,,,,
1,43,Margin-only selection,3,3,3,False,,,,,,
1,44,Margin-only selection,3,3,3,False,,,,,,
1,45,Margin-only selection,3,3,3,False,,,,,,
1,46,Margin-only selection,3,3,3,False,,,,,,
1,47,Margin-only selection,3,3,3,False,,,,,,
1,48,Margin-only selection,3,3,3,False,,,,,,
1,49,Margin-only selection,3,3,3,False,,,,,,
1,50,Margin-only selection,4,4,4,False,,,,,,
1,51,Margin-only selection,4,3,3,False,,,,,,
1,52,Margin-only selection,4,4,4,False,,,,,,
1,53,Margin-only selection,4,4,4,False,,,,,,
1,54,Margin-only selection,4,4,4,False,,,,,,
1,55,Margin-only selection,4,4,4,False,,,,,,
1,56,Margin-only selection,4,10,10,False,,,,,,
1,57,Margin-only selection,4,4,4,False,,,,,,
1,58,Margin-only selection,4,4,4,False,,,,,,
1,59,Margin-only selection,4,4,4,False,,,,,,
1,60,Margin-only selection,5,5,5,False,,,,,,
1,61,Margin-only selection,5,5,5,False,,,,,,
1,62,Margin-only selection,5,5,5,False,,,,,,
1,63,Margin-only selection,5,5,5,False,,,,,,
1,64,Margin-only selection,5,5,5,False,,,,,,
1,65,Margin-only selection,5,5,5,False,,,,,,
1,66,Margin-only selection,5,5,5,False,,,,,,
1,67,Margin-only selection,5,5,5,False,,,,,,
1,68,Margin-only selection,5,5,5,False,,,,,,
1,69,Margin-only selection,5,0,0,False,,,,,,
1,70,Margin-only selection,6,6,6,False,,,,,,
1,71,Margin-only selection,6,6,6,False,,,,,,
1,72,Margin-only selection,6,6,6,False,,,,,,
1,73,Margin-only selection,6,6,6,False,,,,,,
1,74,Margin-only selection,6,6,6,False,,,,,,
1,75,Margin-only selection,6,6,6,False,,,,,,
1,76,Margin-only selection,6,6,6,False,,,,,,
1,77,Margin-only selection,6,6,6,False,,,,,,
1,78,Margin-only selection,6,6,6,False,,,,,,
1,79,Margin-only selection,6,6,6,False,,,,,,
1,80,Margin-only selection,7,7,7,False,,,,,,
1,81,Margin-only selection,7,7,7,False,,,,,,
1,82,Margin-only selection,7,7,7,False,,,,,,
1,83,Margin-only selection,7,7,7,False,,,,,,
1,84,Margin-only selection,7,7,7,False,,,,,,
1,85,Margin-only selection,7,7,7,False,,,,,,
1,86,Margin-only selection,7,7,7,False,,,,,,
1,87,Margin-only selection,7,7,7,False,,,,,,
1,88,Margin-only selection,7,7,7,False,,,,,,
1,89,Margin-only selection,7,7,7,False,,,,,,
1,90,Margin-only selection,8,8,8,False,,,,,,
1,91,Margin-only selection,8,8,8,False,,,,,,
1,92,Margin-only selection,8,8,8,False,,,,,,
1,93,Margin-only selection,8,8,8,False,,,,,,
1,94,Margin-only selection,8,8,8,False,,,,,,
1,95,Margin-only selection,8,8,8,False,,,,,,
1,96,Margin-only selection,8,8,8,False,,,,,,
1,97,Margin-only selection,8,8,8,False,,,,,,
1,98,Margin-only selection,8,8,8,False,,,,,,
1,99,Margin-only selection,8,8,8,False,,,,,,
1,100,Margin-only selection,9,9,9,False,,,,,,
1,101,Margin-only selection,9,9,9,False,,,,,,
1,102,Margin-only selection,9,9,9,False,,,,,,
1,103,Margin-only selection,9,9,9,False,,,,,,
1,104,Margin-only selection,9,9,9,False,,,,,,
1,105,Margin-only selection,9,9,9,False,,,,,,
1,106,Margin-only selection,9,9,9,False,,,,,,
1,107,Margin-only selection,9,9,9,False,,,,,,
1,108,Margin-only selection,9,9,9,False,,,,,,
1,109,Margin-only selection,9,9,9,False,,,,,,
1,0,Logistic stacking,0,1,1,False,,,,,,
1,1,Logistic stacking,0,0,0,False,,,,,,
1,2,Logistic stacking,0,0,0,False,,,,,,
1,3,Logistic stacking,0,1,1,False,,,,,,
1,4,Logistic stacking,0,0,0,False,,,,,,
1,5,Logistic stacking,0,0,0,False,,,,,,
1,6,Logistic stacking,0,0,0,False,,,,,,
1,7,Logistic stacking,0,1,1,False,,,,,,
1,8,Logistic stacking,0,0,0,False,,,,,,
1,9,Logistic stacking,0,1,1,False,,,,,,
1,10,Logistic stacking,10,10,10,False,,,,,,
1,11,Logistic stacking,10,10,10,False,,,,,,
1,12,Logistic stacking,10,10,10,False,,,,,,
1,13,Logistic stacking,10,10,10,False,,,,,,
1,14,Logistic stacking,10,10,10,False,,,,,,
1,15,Logistic stacking,10,10,10,False,,,,,,
1,16,Logistic stacking,10,10,10,False,,,,,,
1,17,Logistic stacking,10,10,10,False,,,,,,
1,18,Logistic stacking,10,10,10,False,,,,,,
1,19,Logistic stacking,10,10,10,False,,,,,,
1,20,Logistic stacking,1,1,1,False,,,,,,
1,21,Logistic stacking,1,1,1,False,,,,,,
1,22,Logistic stacking,1,1,1,False,,,,,,
1,23,Logistic stacking,1,1,1,False,,,,,,
1,24,Logistic stacking,1,1,1,False,,,,,,
1,25,Logistic stacking,1,1,1,False,,,,,,
1,26,Logistic stacking,1,1,1,False,,,,,,
1,27,Logistic stacking,1,1,1,False,,,,,,
1,28,Logistic stacking,1,1,1,False,,,,,,
1,29,Logistic stacking,1,1,1,False,,,,,,
1,30,Logistic stacking,2,8,2,True,,,,,,
1,31,Logistic stacking,2,2,2,False,,,,,,
1,32,Logistic stacking,2,2,2,False,,,,,,
1,33,Logistic stacking,2,2,2,False,,,,,,
1,34,Logistic stacking,2,8,2,True,,,,,,
1,35,Logistic stacking,2,2,2,False,,,,,,
1,36,Logistic stacking,2,2,2,False,,,,,,
1,37,Logistic stacking,2,2,2,False,,,,,,
1,38,Logistic stacking,2,2,2,False,,,,,,
1,39,Logistic stacking,2,8,2,True,,,,,,
1,40,Logistic stacking,3,3,3,False,,,,,,
1,41,Logistic stacking,3,3,3,False,,,,,,
1,42,Logistic stacking,3,3,3,False,,,,,,
1,43,Logistic stacking,3,3,3,False,,,,,,
1,44,Logistic stacking,3,3,3,False,,,,,,
1,45,Logistic stacking,3,3,3,False,,,,,,
1,46,Logistic stacking,3,3,3,False,,,,,,
1,47,Logistic stacking,3,3,3,False,,,,,,
1,48,Logistic stacking,3,3,3,False,,,,,,
1,49,Logistic stacking,3,3,3,False,,,,,,
1,50,Logistic stacking,4,4,4,False,,,,,,
1,51,Logistic stacking,4,4,3,True,,,,,,
1,52,Logistic stacking,4,4,4,False,,,,,,
1,53,Logistic stacking,4,4,4,False,,,,,,
1,54,Logistic stacking,4,4,4,False,,,,,,
1,55,Logistic stacking,4,4,4,False,,,,,,
1,56,Logistic stacking,4,10,10,False,,,,,,
1,57,Logistic stacking,4,4,4,False,,,,,,
1,58,Logistic stacking,4,4,4,False,,,,,,
1,59,Logistic stacking,4,4,4,False,,,,,,
1,60,Logistic stacking,5,5,5,False,,,,,,
1,61,Logistic stacking,5,5,5,False,,,,,,
1,62,Logistic stacking,5,5,5,False,,,,,,
1,63,Logistic stacking,5,5,5,False,,,,,,
1,64,Logistic stacking,5,5,5,False,,,,,,
1,65,Logistic stacking,5,5,5,False,,,,,,
1,66,Logistic stacking,5,5,5,False,,,,,,
1,67,Logistic stacking,5,5,5,False,,,,,,
1,68,Logistic stacking,5,5,5,False,,,,,,
1,69,Logistic stacking,5,5,0,True,,,,,,
1,70,Logistic stacking,6,6,6,False,,,,,,
1,71,Logistic stacking,6,6,6,False,,,,,,
1,72,Logistic stacking,6,6,6,False,,,,,,
1,73,Logistic stacking,6,6,6,False,,,,,,
1,74,Logistic stacking,6,6,6,False,,,,,,
1,75,Logistic stacking,6,6,6,False,,,,,,
1,76,Logistic stacking,6,6,6,False,,,,,,
1,77,Logistic stacking,6,6,6,False,,,,,,
1,78,Logistic stacking,6,6,6,False,,,,,,
1,79,Logistic stacking,6,6,6,False,,,,,,
1,80,Logistic stacking,7,7,7,False,,,,,,
1,81,Logistic stacking,7,7,7,False,,,,,,
1,82,Logistic stacking,7,7,7,False,,,,,,
1,83,Logistic stacking,7,7,7,False,,,,,,
1,84,Logistic stacking,7,7,7,False,,,,,,
1,85,Logistic stacking,7,7,7,False,,,,,,
1,86,Logistic stacking,7,7,7,False,,,,,,
1,87,Logistic stacking,7,7,7,False,,,,,,
1,88,Logistic stacking,7,7,7,False,,,,,,
1,89,Logistic stacking,7,7,7,False,,,,,,
1,90,Logistic stacking,8,8,8,False,,,,,,
1,91,Logistic stacking,8,8,8,False,,,,,,
1,92,Logistic stacking,8,8,8,False,,,,,,
1,93,Logistic stacking,8,8,8,False,,,,,,
1,94,Logistic stacking,8,8,8,False,,,,,,
1,95,Logistic stacking,8,8,8,False,,,,,,
1,96,Logistic stacking,8,8,8,False,,,,,,
1,97,Logistic stacking,8,8,8,False,,,,,,
1,98,Logistic stacking,8,8,8,False,,,,,,
1,99,Logistic stacking,8,8,8,False,,,,,,
1,100,Logistic stacking,9,9,9,False,,,,,,
1,101,Logistic stacking,9,9,9,False,,,,,,
1,102,Logistic stacking,9,9,9,False,,,,,,
1,103,Logistic stacking,9,9,9,False,,,,,,
1,104,Logistic stacking,9,9,9,False,,,,,,
1,105,Logistic stacking,9,9,9,False,,,,,,
1,106,Logistic stacking,9,9,9,False,,,,,,
1,107,Logistic stacking,9,9,9,False,,,,,,
1,108,Logistic stacking,9,9,9,False,,,,,,
1,109,Logistic stacking,9,9,9,False,,,,,,
1,30,Logistic stacking audit disagreement,2,8,2,True,8.0,2.0,0.997367799282074,0.999704122543335,0.9948891997337341,0.9995415210723877
1,34,Logistic stacking audit disagreement,2,8,2,True,8.0,2.0,0.9696466326713562,0.9994397759437561,0.9393843412399292,0.9991332292556763
1,39,Logistic stacking audit disagreement,2,8,2,True,8.0,2.0,0.9611606001853943,0.9998359084129333,0.9224027991294861,0.9997690916061401
1,51,Logistic stacking audit disagreement,4,4,3,True,4.0,3.0,0.9391825795173645,0.979662299156189,0.8783659934997559,0.9626845121383667
1,69,Logistic stacking audit disagreement,5,5,0,True,5.0,0.0,0.9643241167068481,0.9973932504653931,0.9294969439506531,0.994925856590271
1,0,Parameter-weighted probability mixture,0,1,1,False,,,,,,
1,1,Parameter-weighted probability mixture,0,0,0,False,,,,,,
1,2,Parameter-weighted probability mixture,0,0,0,False,,,,,,
1,3,Parameter-weighted probability mixture,0,1,1,False,,,,,,
1,4,Parameter-weighted probability mixture,0,1,0,True,,,,,,
1,5,Parameter-weighted probability mixture,0,1,0,True,,,,,,
1,6,Parameter-weighted probability mixture,0,0,0,False,,,,,,
1,7,Parameter-weighted probability mixture,0,1,1,False,,,,,,
1,8,Parameter-weighted probability mixture,0,0,0,False,,,,,,
1,9,Parameter-weighted probability mixture,0,1,1,False,,,,,,
1,10,Parameter-weighted probability mixture,10,10,10,False,,,,,,
1,11,Parameter-weighted probability mixture,10,10,10,False,,,,,,
1,12,Parameter-weighted probability mixture,10,10,10,False,,,,,,
1,13,Parameter-weighted probability mixture,10,10,10,False,,,,,,
1,14,Parameter-weighted probability mixture,10,10,10,False,,,,,,
1,15,Parameter-weighted probability mixture,10,10,10,False,,,,,,
1,16,Parameter-weighted probability mixture,10,10,10,False,,,,,,
1,17,Parameter-weighted probability mixture,10,10,10,False,,,,,,
1,18,Parameter-weighted probability mixture,10,10,10,False,,,,,,
1,19,Parameter-weighted probability mixture,10,10,10,False,,,,,,
1,20,Parameter-weighted probability mixture,1,1,1,False,,,,,,
1,21,Parameter-weighted probability mixture,1,1,1,False,,,,,,
1,22,Parameter-weighted probability mixture,1,1,1,False,,,,,,
1,23,Parameter-weighted probability mixture,1,1,1,False,,,,,,
1,24,Parameter-weighted probability mixture,1,1,1,False,,,,,,
1,25,Parameter-weighted probability mixture,1,1,1,False,,,,,,
1,26,Parameter-weighted probability mixture,1,1,1,False,,,,,,
1,27,Parameter-weighted probability mixture,1,1,1,False,,,,,,
1,28,Parameter-weighted probability mixture,1,1,1,False,,,,,,
1,29,Parameter-weighted probability mixture,1,1,1,False,,,,,,
1,30,Parameter-weighted probability mixture,2,8,2,True,,,,,,
1,31,Parameter-weighted probability mixture,2,2,2,False,,,,,,
1,32,Parameter-weighted probability mixture,2,2,2,False,,,,,,
1,33,Parameter-weighted probability mixture,2,2,2,False,,,,,,
1,34,Parameter-weighted probability mixture,2,2,2,False,,,,,,
1,35,Parameter-weighted probability mixture,2,2,2,False,,,,,,
1,36,Parameter-weighted probability mixture,2,2,2,False,,,,,,
1,37,Parameter-weighted probability mixture,2,2,2,False,,,,,,
1,38,Parameter-weighted probability mixture,2,2,2,False,,,,,,
1,39,Parameter-weighted probability mixture,2,2,2,False,,,,,,
1,40,Parameter-weighted probability mixture,3,3,3,False,,,,,,
1,41,Parameter-weighted probability mixture,3,3,3,False,,,,,,
1,42,Parameter-weighted probability mixture,3,3,3,False,,,,,,
1,43,Parameter-weighted probability mixture,3,3,3,False,,,,,,
1,44,Parameter-weighted probability mixture,3,3,3,False,,,,,,
1,45,Parameter-weighted probability mixture,3,3,3,False,,,,,,
1,46,Parameter-weighted probability mixture,3,3,3,False,,,,,,
1,47,Parameter-weighted probability mixture,3,3,3,False,,,,,,
1,48,Parameter-weighted probability mixture,3,3,3,False,,,,,,
1,49,Parameter-weighted probability mixture,3,3,3,False,,,,,,
1,50,Parameter-weighted probability mixture,4,4,4,False,,,,,,
1,51,Parameter-weighted probability mixture,4,3,3,False,,,,,,
1,52,Parameter-weighted probability mixture,4,4,4,False,,,,,,
1,53,Parameter-weighted probability mixture,4,4,4,False,,,,,,
1,54,Parameter-weighted probability mixture,4,4,4,False,,,,,,
1,55,Parameter-weighted probability mixture,4,4,4,False,,,,,,
1,56,Parameter-weighted probability mixture,4,10,10,False,,,,,,
1,57,Parameter-weighted probability mixture,4,4,4,False,,,,,,
1,58,Parameter-weighted probability mixture,4,4,4,False,,,,,,
1,59,Parameter-weighted probability mixture,4,4,4,False,,,,,,
1,60,Parameter-weighted probability mixture,5,5,5,False,,,,,,
1,61,Parameter-weighted probability mixture,5,5,5,False,,,,,,
1,62,Parameter-weighted probability mixture,5,5,5,False,,,,,,
1,63,Parameter-weighted probability mixture,5,5,5,False,,,,,,
1,64,Parameter-weighted probability mixture,5,5,5,False,,,,,,
1,65,Parameter-weighted probability mixture,5,5,5,False,,,,,,
1,66,Parameter-weighted probability mixture,5,5,5,False,,,,,,
1,67,Parameter-weighted probability mixture,5,5,5,False,,,,,,
1,68,Parameter-weighted probability mixture,5,5,5,False,,,,,,
1,69,Parameter-weighted probability mixture,5,0,0,False,,,,,,
1,70,Parameter-weighted probability mixture,6,6,6,False,,,,,,
1,71,Parameter-weighted probability mixture,6,6,6,False,,,,,,
1,72,Parameter-weighted probability mixture,6,6,6,False,,,,,,
1,73,Parameter-weighted probability mixture,6,6,6,False,,,,,,
1,74,Parameter-weighted probability mixture,6,6,6,False,,,,,,
1,75,Parameter-weighted probability mixture,6,6,6,False,,,,,,
1,76,Parameter-weighted probability mixture,6,6,6,False,,,,,,
1,77,Parameter-weighted probability mixture,6,6,6,False,,,,,,
1,78,Parameter-weighted probability mixture,6,6,6,False,,,,,,
1,79,Parameter-weighted probability mixture,6,6,6,False,,,,,,
1,80,Parameter-weighted probability mixture,7,7,7,False,,,,,,
1,81,Parameter-weighted probability mixture,7,7,7,False,,,,,,
1,82,Parameter-weighted probability mixture,7,7,7,False,,,,,,
1,83,Parameter-weighted probability mixture,7,7,7,False,,,,,,
1,84,Parameter-weighted probability mixture,7,7,7,False,,,,,,
1,85,Parameter-weighted probability mixture,7,7,7,False,,,,,,
1,86,Parameter-weighted probability mixture,7,7,7,False,,,,,,
1,87,Parameter-weighted probability mixture,7,7,7,False,,,,,,
1,88,Parameter-weighted probability mixture,7,7,7,False,,,,,,
1,89,Parameter-weighted probability mixture,7,7,7,False,,,,,,
1,90,Parameter-weighted probability mixture,8,8,8,False,,,,,,
1,91,Parameter-weighted probability mixture,8,8,8,False,,,,,,
1,92,Parameter-weighted probability mixture,8,8,8,False,,,,,,
1,93,Parameter-weighted probability mixture,8,8,8,False,,,,,,
1,94,Parameter-weighted probability mixture,8,8,8,False,,,,,,
1,95,Parameter-weighted probability mixture,8,8,8,False,,,,,,
1,96,Parameter-weighted probability mixture,8,8,8,False,,,,,,
1,97,Parameter-weighted probability mixture,8,8,8,False,,,,,,
1,98,Parameter-weighted probability mixture,8,8,8,False,,,,,,
1,99,Parameter-weighted probability mixture,8,8,8,False,,,,,,
1,100,Parameter-weighted probability mixture,9,9,9,False,,,,,,
1,101,Parameter-weighted probability mixture,9,9,9,False,,,,,,
1,102,Parameter-weighted probability mixture,9,9,9,False,,,,,,
1,103,Parameter-weighted probability mixture,9,9,9,False,,,,,,
1,104,Parameter-weighted probability mixture,9,9,9,False,,,,,,
1,105,Parameter-weighted probability mixture,9,9,9,False,,,,,,
1,106,Parameter-weighted probability mixture,9,9,9,False,,,,,,
1,107,Parameter-weighted probability mixture,9,9,9,False,,,,,,
1,108,Parameter-weighted probability mixture,9,9,9,False,,,,,,
1,109,Parameter-weighted probability mixture,9,9,9,False,,,,,,
1,4,Parameter-weighted probability mixture audit disagreement,0,1,0,True,1.0,0.0,0.9816216826438904,0.9994980096817017,0.9641923904418945,0.9990668892860413
1,5,Parameter-weighted probability mixture audit disagreement,0,1,0,True,1.0,0.0,0.9746076464653015,0.9828135967254639,0.9497022032737732,0.9657859206199646
1,30,Parameter-weighted probability mixture audit disagreement,2,8,2,True,8.0,2.0,0.997367799282074,0.999704122543335,0.9948891997337341,0.9995415210723877
2,0,Confidence-gated rule,0,5,5,False,,,,,,
2,1,Confidence-gated rule,0,0,0,False,,,,,,
2,2,Confidence-gated rule,0,0,0,False,,,,,,
2,3,Confidence-gated rule,0,0,0,False,,,,,,
2,4,Confidence-gated rule,0,0,0,False,,,,,,
2,5,Confidence-gated rule,0,0,0,False,,,,,,
2,6,Confidence-gated rule,0,0,0,False,,,,,,
2,7,Confidence-gated rule,0,0,0,False,,,,,,
2,8,Confidence-gated rule,0,4,4,False,,,,,,
2,9,Confidence-gated rule,0,5,5,False,,,,,,
2,10,Confidence-gated rule,10,10,10,False,,,,,,
2,11,Confidence-gated rule,10,10,10,False,,,,,,
2,12,Confidence-gated rule,10,10,10,False,,,,,,
2,13,Confidence-gated rule,10,10,10,False,,,,,,
2,14,Confidence-gated rule,10,10,10,False,,,,,,
2,15,Confidence-gated rule,10,10,10,False,,,,,,
2,16,Confidence-gated rule,10,10,10,False,,,,,,
2,17,Confidence-gated rule,10,4,4,False,,,,,,
2,18,Confidence-gated rule,10,10,10,False,,,,,,
2,19,Confidence-gated rule,10,10,10,False,,,,,,
2,20,Confidence-gated rule,1,7,7,False,,,,,,
2,21,Confidence-gated rule,1,1,1,False,,,,,,
2,22,Confidence-gated rule,1,1,1,False,,,,,,
2,23,Confidence-gated rule,1,1,1,False,,,,,,
2,24,Confidence-gated rule,1,1,1,False,,,,,,
2,25,Confidence-gated rule,1,7,7,False,,,,,,
2,26,Confidence-gated rule,1,1,1,False,,,,,,
2,27,Confidence-gated rule,1,7,7,False,,,,,,
2,28,Confidence-gated rule,1,7,7,False,,,,,,
2,29,Confidence-gated rule,1,1,1,False,,,,,,
2,30,Confidence-gated rule,2,8,8,False,,,,,,
2,31,Confidence-gated rule,2,2,2,False,,,,,,
2,32,Confidence-gated rule,2,2,2,False,,,,,,
2,33,Confidence-gated rule,2,2,2,False,,,,,,
2,34,Confidence-gated rule,2,2,2,False,,,,,,
2,35,Confidence-gated rule,2,8,8,False,,,,,,
2,36,Confidence-gated rule,2,8,8,False,,,,,,
2,37,Confidence-gated rule,2,2,2,False,,,,,,
2,38,Confidence-gated rule,2,2,2,False,,,,,,
2,39,Confidence-gated rule,2,2,2,False,,,,,,
2,40,Confidence-gated rule,3,2,2,False,,,,,,
2,41,Confidence-gated rule,3,2,2,False,,,,,,
2,42,Confidence-gated rule,3,2,2,False,,,,,,
2,43,Confidence-gated rule,3,2,2,False,,,,,,
2,44,Confidence-gated rule,3,2,2,False,,,,,,
2,45,Confidence-gated rule,3,2,2,False,,,,,,
2,46,Confidence-gated rule,3,2,2,False,,,,,,
2,47,Confidence-gated rule,3,4,4,False,,,,,,
2,48,Confidence-gated rule,3,2,2,False,,,,,,
2,49,Confidence-gated rule,3,2,2,False,,,,,,
2,50,Confidence-gated rule,4,4,4,False,,,,,,
2,51,Confidence-gated rule,4,4,4,False,,,,,,
2,52,Confidence-gated rule,4,4,4,False,,,,,,
2,53,Confidence-gated rule,4,4,4,False,,,,,,
2,54,Confidence-gated rule,4,4,4,False,,,,,,
2,55,Confidence-gated rule,4,4,4,False,,,,,,
2,56,Confidence-gated rule,4,4,4,False,,,,,,
2,57,Confidence-gated rule,4,4,4,False,,,,,,
2,58,Confidence-gated rule,4,4,4,False,,,,,,
2,59,Confidence-gated rule,4,4,4,False,,,,,,
2,60,Confidence-gated rule,5,5,5,False,,,,,,
2,61,Confidence-gated rule,5,5,5,False,,,,,,
2,62,Confidence-gated rule,5,5,5,False,,,,,,
2,63,Confidence-gated rule,5,5,5,False,,,,,,
2,64,Confidence-gated rule,5,5,5,False,,,,,,
2,65,Confidence-gated rule,5,5,5,False,,,,,,
2,66,Confidence-gated rule,5,5,5,False,,,,,,
2,67,Confidence-gated rule,5,5,5,False,,,,,,
2,68,Confidence-gated rule,5,5,5,False,,,,,,
2,69,Confidence-gated rule,5,5,5,False,,,,,,
2,70,Confidence-gated rule,6,0,0,False,,,,,,
2,71,Confidence-gated rule,6,0,0,False,,,,,,
2,72,Confidence-gated rule,6,0,0,False,,,,,,
2,73,Confidence-gated rule,6,0,0,False,,,,,,
2,74,Confidence-gated rule,6,0,0,False,,,,,,
2,75,Confidence-gated rule,6,0,0,False,,,,,,
2,76,Confidence-gated rule,6,0,0,False,,,,,,
2,77,Confidence-gated rule,6,0,0,False,,,,,,
2,78,Confidence-gated rule,6,0,0,False,,,,,,
2,79,Confidence-gated rule,6,0,0,False,,,,,,
2,80,Confidence-gated rule,7,7,7,False,,,,,,
2,81,Confidence-gated rule,7,1,1,False,,,,,,
2,82,Confidence-gated rule,7,1,1,False,,,,,,
2,83,Confidence-gated rule,7,1,1,False,,,,,,
2,84,Confidence-gated rule,7,1,1,False,,,,,,
2,85,Confidence-gated rule,7,1,1,False,,,,,,
2,86,Confidence-gated rule,7,1,1,False,,,,,,
2,87,Confidence-gated rule,7,1,1,False,,,,,,
2,88,Confidence-gated rule,7,1,1,False,,,,,,
2,89,Confidence-gated rule,7,7,7,False,,,,,,
2,90,Confidence-gated rule,8,2,2,False,,,,,,
2,91,Confidence-gated rule,8,8,8,False,,,,,,
2,92,Confidence-gated rule,8,2,2,False,,,,,,
2,93,Confidence-gated rule,8,2,2,False,,,,,,
2,94,Confidence-gated rule,8,2,2,False,,,,,,
2,95,Confidence-gated rule,8,8,8,False,,,,,,
2,96,Confidence-gated rule,8,2,2,False,,,,,,
2,97,Confidence-gated rule,8,2,2,False,,,,,,
2,98,Confidence-gated rule,8,8,8,False,,,,,,
2,99,Confidence-gated rule,8,2,2,False,,,,,,
2,100,Confidence-gated rule,9,9,9,False,,,,,,
2,101,Confidence-gated rule,9,9,9,False,,,,,,
2,102,Confidence-gated rule,9,9,9,False,,,,,,
2,103,Confidence-gated rule,9,9,9,False,,,,,,
2,104,Confidence-gated rule,9,9,9,False,,,,,,
2,105,Confidence-gated rule,9,9,9,False,,,,,,
2,106,Confidence-gated rule,9,9,9,False,,,,,,
2,107,Confidence-gated rule,9,9,9,False,,,,,,
2,108,Confidence-gated rule,9,9,9,False,,,,,,
2,109,Confidence-gated rule,9,9,9,False,,,,,,
2,0,Calibrated probability averaging,0,5,5,False,,,,,,
2,1,Calibrated probability averaging,0,0,0,False,,,,,,
2,2,Calibrated probability averaging,0,0,0,False,,,,,,
2,3,Calibrated probability averaging,0,0,0,False,,,,,,
2,4,Calibrated probability averaging,0,0,0,False,,,,,,
2,5,Calibrated probability averaging,0,0,0,False,,,,,,
2,6,Calibrated probability averaging,0,0,0,False,,,,,,
2,7,Calibrated probability averaging,0,0,0,False,,,,,,
2,8,Calibrated probability averaging,0,4,4,False,,,,,,
2,9,Calibrated probability averaging,0,5,5,False,,,,,,
2,10,Calibrated probability averaging,10,10,10,False,,,,,,
2,11,Calibrated probability averaging,10,10,10,False,,,,,,
2,12,Calibrated probability averaging,10,10,10,False,,,,,,
2,13,Calibrated probability averaging,10,10,10,False,,,,,,
2,14,Calibrated probability averaging,10,10,10,False,,,,,,
2,15,Calibrated probability averaging,10,10,10,False,,,,,,
2,16,Calibrated probability averaging,10,10,10,False,,,,,,
2,17,Calibrated probability averaging,10,4,4,False,,,,,,
2,18,Calibrated probability averaging,10,10,10,False,,,,,,
2,19,Calibrated probability averaging,10,10,10,False,,,,,,
2,20,Calibrated probability averaging,1,7,7,False,,,,,,
2,21,Calibrated probability averaging,1,1,1,False,,,,,,
2,22,Calibrated probability averaging,1,1,1,False,,,,,,
2,23,Calibrated probability averaging,1,1,1,False,,,,,,
2,24,Calibrated probability averaging,1,1,1,False,,,,,,
2,25,Calibrated probability averaging,1,7,7,False,,,,,,
2,26,Calibrated probability averaging,1,1,1,False,,,,,,
2,27,Calibrated probability averaging,1,7,7,False,,,,,,
2,28,Calibrated probability averaging,1,7,7,False,,,,,,
2,29,Calibrated probability averaging,1,1,1,False,,,,,,
2,30,Calibrated probability averaging,2,8,8,False,,,,,,
2,31,Calibrated probability averaging,2,2,2,False,,,,,,
2,32,Calibrated probability averaging,2,2,2,False,,,,,,
2,33,Calibrated probability averaging,2,2,2,False,,,,,,
2,34,Calibrated probability averaging,2,2,2,False,,,,,,
2,35,Calibrated probability averaging,2,8,8,False,,,,,,
2,36,Calibrated probability averaging,2,8,8,False,,,,,,
2,37,Calibrated probability averaging,2,2,2,False,,,,,,
2,38,Calibrated probability averaging,2,2,2,False,,,,,,
2,39,Calibrated probability averaging,2,2,2,False,,,,,,
2,40,Calibrated probability averaging,3,2,2,False,,,,,,
2,41,Calibrated probability averaging,3,2,2,False,,,,,,
2,42,Calibrated probability averaging,3,2,2,False,,,,,,
2,43,Calibrated probability averaging,3,2,2,False,,,,,,
2,44,Calibrated probability averaging,3,2,2,False,,,,,,
2,45,Calibrated probability averaging,3,2,2,False,,,,,,
2,46,Calibrated probability averaging,3,2,2,False,,,,,,
2,47,Calibrated probability averaging,3,4,4,False,,,,,,
2,48,Calibrated probability averaging,3,2,2,False,,,,,,
2,49,Calibrated probability averaging,3,2,2,False,,,,,,
2,50,Calibrated probability averaging,4,4,4,False,,,,,,
2,51,Calibrated probability averaging,4,4,4,False,,,,,,
2,52,Calibrated probability averaging,4,4,4,False,,,,,,
2,53,Calibrated probability averaging,4,4,4,False,,,,,,
2,54,Calibrated probability averaging,4,4,4,False,,,,,,
2,55,Calibrated probability averaging,4,4,4,False,,,,,,
2,56,Calibrated probability averaging,4,4,4,False,,,,,,
2,57,Calibrated probability averaging,4,4,4,False,,,,,,
2,58,Calibrated probability averaging,4,4,4,False,,,,,,
2,59,Calibrated probability averaging,4,4,4,False,,,,,,
2,60,Calibrated probability averaging,5,5,5,False,,,,,,
2,61,Calibrated probability averaging,5,5,5,False,,,,,,
2,62,Calibrated probability averaging,5,5,5,False,,,,,,
2,63,Calibrated probability averaging,5,5,5,False,,,,,,
2,64,Calibrated probability averaging,5,5,5,False,,,,,,
2,65,Calibrated probability averaging,5,5,5,False,,,,,,
2,66,Calibrated probability averaging,5,5,5,False,,,,,,
2,67,Calibrated probability averaging,5,5,5,False,,,,,,
2,68,Calibrated probability averaging,5,5,5,False,,,,,,
2,69,Calibrated probability averaging,5,5,5,False,,,,,,
2,70,Calibrated probability averaging,6,0,0,False,,,,,,
2,71,Calibrated probability averaging,6,0,0,False,,,,,,
2,72,Calibrated probability averaging,6,0,0,False,,,,,,
2,73,Calibrated probability averaging,6,0,0,False,,,,,,
2,74,Calibrated probability averaging,6,0,0,False,,,,,,
2,75,Calibrated probability averaging,6,0,0,False,,,,,,
2,76,Calibrated probability averaging,6,0,0,False,,,,,,
2,77,Calibrated probability averaging,6,0,0,False,,,,,,
2,78,Calibrated probability averaging,6,0,0,False,,,,,,
2,79,Calibrated probability averaging,6,0,0,False,,,,,,
2,80,Calibrated probability averaging,7,7,7,False,,,,,,
2,81,Calibrated probability averaging,7,1,1,False,,,,,,
2,82,Calibrated probability averaging,7,1,1,False,,,,,,
2,83,Calibrated probability averaging,7,1,1,False,,,,,,
2,84,Calibrated probability averaging,7,1,1,False,,,,,,
2,85,Calibrated probability averaging,7,1,1,False,,,,,,
2,86,Calibrated probability averaging,7,1,1,False,,,,,,
2,87,Calibrated probability averaging,7,1,1,False,,,,,,
2,88,Calibrated probability averaging,7,1,1,False,,,,,,
2,89,Calibrated probability averaging,7,1,7,True,,,,,,
2,90,Calibrated probability averaging,8,2,2,False,,,,,,
2,91,Calibrated probability averaging,8,2,8,True,,,,,,
2,92,Calibrated probability averaging,8,2,2,False,,,,,,
2,93,Calibrated probability averaging,8,2,2,False,,,,,,
2,94,Calibrated probability averaging,8,2,2,False,,,,,,
2,95,Calibrated probability averaging,8,8,8,False,,,,,,
2,96,Calibrated probability averaging,8,2,2,False,,,,,,
2,97,Calibrated probability averaging,8,2,2,False,,,,,,
2,98,Calibrated probability averaging,8,8,8,False,,,,,,
2,99,Calibrated probability averaging,8,2,2,False,,,,,,
2,100,Calibrated probability averaging,9,9,9,False,,,,,,
2,101,Calibrated probability averaging,9,9,9,False,,,,,,
2,102,Calibrated probability averaging,9,9,9,False,,,,,,
2,103,Calibrated probability averaging,9,9,9,False,,,,,,
2,104,Calibrated probability averaging,9,9,9,False,,,,,,
2,105,Calibrated probability averaging,9,9,9,False,,,,,,
2,106,Calibrated probability averaging,9,9,9,False,,,,,,
2,107,Calibrated probability averaging,9,9,9,False,,,,,,
2,108,Calibrated probability averaging,9,9,9,False,,,,,,
2,109,Calibrated probability averaging,9,9,9,False,,,,,,
2,89,Calibrated probability averaging audit disagreement,7,1,7,True,1.0,7.0,0.9998148083686829,0.9998953342437744,0.9996623992919922,0.9997922778129578
2,91,Calibrated probability averaging audit disagreement,8,2,8,True,2.0,8.0,0.9988771080970764,0.9990212321281433,0.9982786774635315,0.99858158826828
2,0,Validation-weighted fusion,0,5,5,False,,,,,,
2,1,Validation-weighted fusion,0,0,0,False,,,,,,
2,2,Validation-weighted fusion,0,0,0,False,,,,,,
2,3,Validation-weighted fusion,0,0,0,False,,,,,,
2,4,Validation-weighted fusion,0,0,0,False,,,,,,
2,5,Validation-weighted fusion,0,0,0,False,,,,,,
2,6,Validation-weighted fusion,0,0,0,False,,,,,,
2,7,Validation-weighted fusion,0,0,0,False,,,,,,
2,8,Validation-weighted fusion,0,4,4,False,,,,,,
2,9,Validation-weighted fusion,0,5,5,False,,,,,,
2,10,Validation-weighted fusion,10,10,10,False,,,,,,
2,11,Validation-weighted fusion,10,10,10,False,,,,,,
2,12,Validation-weighted fusion,10,10,10,False,,,,,,
2,13,Validation-weighted fusion,10,10,10,False,,,,,,
2,14,Validation-weighted fusion,10,10,10,False,,,,,,
2,15,Validation-weighted fusion,10,10,10,False,,,,,,
2,16,Validation-weighted fusion,10,10,10,False,,,,,,
2,17,Validation-weighted fusion,10,4,4,False,,,,,,
2,18,Validation-weighted fusion,10,10,10,False,,,,,,
2,19,Validation-weighted fusion,10,10,10,False,,,,,,
2,20,Validation-weighted fusion,1,7,7,False,,,,,,
2,21,Validation-weighted fusion,1,1,1,False,,,,,,
2,22,Validation-weighted fusion,1,1,1,False,,,,,,
2,23,Validation-weighted fusion,1,1,1,False,,,,,,
2,24,Validation-weighted fusion,1,1,1,False,,,,,,
2,25,Validation-weighted fusion,1,7,7,False,,,,,,
2,26,Validation-weighted fusion,1,7,1,True,,,,,,
2,27,Validation-weighted fusion,1,7,7,False,,,,,,
2,28,Validation-weighted fusion,1,7,7,False,,,,,,
2,29,Validation-weighted fusion,1,1,1,False,,,,,,
2,30,Validation-weighted fusion,2,8,8,False,,,,,,
2,31,Validation-weighted fusion,2,2,2,False,,,,,,
2,32,Validation-weighted fusion,2,2,2,False,,,,,,
2,33,Validation-weighted fusion,2,2,2,False,,,,,,
2,34,Validation-weighted fusion,2,2,2,False,,,,,,
2,35,Validation-weighted fusion,2,8,8,False,,,,,,
2,36,Validation-weighted fusion,2,8,8,False,,,,,,
2,37,Validation-weighted fusion,2,2,2,False,,,,,,
2,38,Validation-weighted fusion,2,2,2,False,,,,,,
2,39,Validation-weighted fusion,2,2,2,False,,,,,,
2,40,Validation-weighted fusion,3,2,2,False,,,,,,
2,41,Validation-weighted fusion,3,2,2,False,,,,,,
2,42,Validation-weighted fusion,3,2,2,False,,,,,,
2,43,Validation-weighted fusion,3,2,2,False,,,,,,
2,44,Validation-weighted fusion,3,2,2,False,,,,,,
2,45,Validation-weighted fusion,3,2,2,False,,,,,,
2,46,Validation-weighted fusion,3,2,2,False,,,,,,
2,47,Validation-weighted fusion,3,4,4,False,,,,,,
2,48,Validation-weighted fusion,3,2,2,False,,,,,,
2,49,Validation-weighted fusion,3,2,2,False,,,,,,
2,50,Validation-weighted fusion,4,4,4,False,,,,,,
2,51,Validation-weighted fusion,4,4,4,False,,,,,,
2,52,Validation-weighted fusion,4,4,4,False,,,,,,
2,53,Validation-weighted fusion,4,4,4,False,,,,,,
2,54,Validation-weighted fusion,4,4,4,False,,,,,,
2,55,Validation-weighted fusion,4,4,4,False,,,,,,
2,56,Validation-weighted fusion,4,4,4,False,,,,,,
2,57,Validation-weighted fusion,4,4,4,False,,,,,,
2,58,Validation-weighted fusion,4,4,4,False,,,,,,
2,59,Validation-weighted fusion,4,4,4,False,,,,,,
2,60,Validation-weighted fusion,5,5,5,False,,,,,,
2,61,Validation-weighted fusion,5,5,5,False,,,,,,
2,62,Validation-weighted fusion,5,5,5,False,,,,,,
2,63,Validation-weighted fusion,5,5,5,False,,,,,,
2,64,Validation-weighted fusion,5,5,5,False,,,,,,
2,65,Validation-weighted fusion,5,5,5,False,,,,,,
2,66,Validation-weighted fusion,5,5,5,False,,,,,,
2,67,Validation-weighted fusion,5,5,5,False,,,,,,
2,68,Validation-weighted fusion,5,5,5,False,,,,,,
2,69,Validation-weighted fusion,5,5,5,False,,,,,,
2,70,Validation-weighted fusion,6,0,0,False,,,,,,
2,71,Validation-weighted fusion,6,0,0,False,,,,,,
2,72,Validation-weighted fusion,6,0,0,False,,,,,,
2,73,Validation-weighted fusion,6,0,0,False,,,,,,
2,74,Validation-weighted fusion,6,0,0,False,,,,,,
2,75,Validation-weighted fusion,6,0,0,False,,,,,,
2,76,Validation-weighted fusion,6,0,0,False,,,,,,
2,77,Validation-weighted fusion,6,0,0,False,,,,,,
2,78,Validation-weighted fusion,6,0,0,False,,,,,,
2,79,Validation-weighted fusion,6,0,0,False,,,,,,
2,80,Validation-weighted fusion,7,7,7,False,,,,,,
2,81,Validation-weighted fusion,7,1,1,False,,,,,,
2,82,Validation-weighted fusion,7,1,1,False,,,,,,
2,83,Validation-weighted fusion,7,1,1,False,,,,,,
2,84,Validation-weighted fusion,7,1,1,False,,,,,,
2,85,Validation-weighted fusion,7,1,1,False,,,,,,
2,86,Validation-weighted fusion,7,1,1,False,,,,,,
2,87,Validation-weighted fusion,7,1,1,False,,,,,,
2,88,Validation-weighted fusion,7,1,1,False,,,,,,
2,89,Validation-weighted fusion,7,7,7,False,,,,,,
2,90,Validation-weighted fusion,8,2,2,False,,,,,,
2,91,Validation-weighted fusion,8,8,8,False,,,,,,
2,92,Validation-weighted fusion,8,2,2,False,,,,,,
2,93,Validation-weighted fusion,8,2,2,False,,,,,,
2,94,Validation-weighted fusion,8,2,2,False,,,,,,
2,95,Validation-weighted fusion,8,8,8,False,,,,,,
2,96,Validation-weighted fusion,8,2,2,False,,,,,,
2,97,Validation-weighted fusion,8,2,2,False,,,,,,
2,98,Validation-weighted fusion,8,8,8,False,,,,,,
2,99,Validation-weighted fusion,8,2,2,False,,,,,,
2,100,Validation-weighted fusion,9,9,9,False,,,,,,
2,101,Validation-weighted fusion,9,9,9,False,,,,,,
2,102,Validation-weighted fusion,9,9,9,False,,,,,,
2,103,Validation-weighted fusion,9,9,9,False,,,,,,
2,104,Validation-weighted fusion,9,9,9,False,,,,,,
2,105,Validation-weighted fusion,9,9,9,False,,,,,,
2,106,Validation-weighted fusion,9,9,9,False,,,,,,
2,107,Validation-weighted fusion,9,9,9,False,,,,,,
2,108,Validation-weighted fusion,9,9,9,False,,,,,,
2,109,Validation-weighted fusion,9,9,9,False,,,,,,
2,26,Validation-weighted fusion audit disagreement,1,7,1,True,1.0,7.0,0.9832730293273926,0.9842246174812317,0.9748014807701111,0.9720458984375
2,0,Maximum-confidence selection,0,5,5,False,,,,,,
2,1,Maximum-confidence selection,0,0,0,False,,,,,,
2,2,Maximum-confidence selection,0,0,0,False,,,,,,
2,3,Maximum-confidence selection,0,0,0,False,,,,,,
2,4,Maximum-confidence selection,0,0,0,False,,,,,,
2,5,Maximum-confidence selection,0,0,0,False,,,,,,
2,6,Maximum-confidence selection,0,0,0,False,,,,,,
2,7,Maximum-confidence selection,0,0,0,False,,,,,,
2,8,Maximum-confidence selection,0,4,4,False,,,,,,
2,9,Maximum-confidence selection,0,5,5,False,,,,,,
2,10,Maximum-confidence selection,10,10,10,False,,,,,,
2,11,Maximum-confidence selection,10,10,10,False,,,,,,
2,12,Maximum-confidence selection,10,10,10,False,,,,,,
2,13,Maximum-confidence selection,10,10,10,False,,,,,,
2,14,Maximum-confidence selection,10,10,10,False,,,,,,
2,15,Maximum-confidence selection,10,10,10,False,,,,,,
2,16,Maximum-confidence selection,10,10,10,False,,,,,,
2,17,Maximum-confidence selection,10,4,4,False,,,,,,
2,18,Maximum-confidence selection,10,10,10,False,,,,,,
2,19,Maximum-confidence selection,10,10,10,False,,,,,,
2,20,Maximum-confidence selection,1,7,7,False,,,,,,
2,21,Maximum-confidence selection,1,1,1,False,,,,,,
2,22,Maximum-confidence selection,1,1,1,False,,,,,,
2,23,Maximum-confidence selection,1,1,1,False,,,,,,
2,24,Maximum-confidence selection,1,1,1,False,,,,,,
2,25,Maximum-confidence selection,1,7,7,False,,,,,,
2,26,Maximum-confidence selection,1,7,1,True,,,,,,
2,27,Maximum-confidence selection,1,7,7,False,,,,,,
2,28,Maximum-confidence selection,1,7,7,False,,,,,,
2,29,Maximum-confidence selection,1,1,1,False,,,,,,
2,30,Maximum-confidence selection,2,8,8,False,,,,,,
2,31,Maximum-confidence selection,2,2,2,False,,,,,,
2,32,Maximum-confidence selection,2,2,2,False,,,,,,
2,33,Maximum-confidence selection,2,2,2,False,,,,,,
2,34,Maximum-confidence selection,2,2,2,False,,,,,,
2,35,Maximum-confidence selection,2,8,8,False,,,,,,
2,36,Maximum-confidence selection,2,8,8,False,,,,,,
2,37,Maximum-confidence selection,2,2,2,False,,,,,,
2,38,Maximum-confidence selection,2,2,2,False,,,,,,
2,39,Maximum-confidence selection,2,2,2,False,,,,,,
2,40,Maximum-confidence selection,3,2,2,False,,,,,,
2,41,Maximum-confidence selection,3,2,2,False,,,,,,
2,42,Maximum-confidence selection,3,2,2,False,,,,,,
2,43,Maximum-confidence selection,3,2,2,False,,,,,,
2,44,Maximum-confidence selection,3,2,2,False,,,,,,
2,45,Maximum-confidence selection,3,2,2,False,,,,,,
2,46,Maximum-confidence selection,3,2,2,False,,,,,,
2,47,Maximum-confidence selection,3,4,4,False,,,,,,
2,48,Maximum-confidence selection,3,2,2,False,,,,,,
2,49,Maximum-confidence selection,3,2,2,False,,,,,,
2,50,Maximum-confidence selection,4,4,4,False,,,,,,
2,51,Maximum-confidence selection,4,4,4,False,,,,,,
2,52,Maximum-confidence selection,4,4,4,False,,,,,,
2,53,Maximum-confidence selection,4,4,4,False,,,,,,
2,54,Maximum-confidence selection,4,4,4,False,,,,,,
2,55,Maximum-confidence selection,4,4,4,False,,,,,,
2,56,Maximum-confidence selection,4,4,4,False,,,,,,
2,57,Maximum-confidence selection,4,4,4,False,,,,,,
2,58,Maximum-confidence selection,4,4,4,False,,,,,,
2,59,Maximum-confidence selection,4,4,4,False,,,,,,
2,60,Maximum-confidence selection,5,5,5,False,,,,,,
2,61,Maximum-confidence selection,5,5,5,False,,,,,,
2,62,Maximum-confidence selection,5,5,5,False,,,,,,
2,63,Maximum-confidence selection,5,5,5,False,,,,,,
2,64,Maximum-confidence selection,5,5,5,False,,,,,,
2,65,Maximum-confidence selection,5,5,5,False,,,,,,
2,66,Maximum-confidence selection,5,5,5,False,,,,,,
2,67,Maximum-confidence selection,5,5,5,False,,,,,,
2,68,Maximum-confidence selection,5,5,5,False,,,,,,
2,69,Maximum-confidence selection,5,5,5,False,,,,,,
2,70,Maximum-confidence selection,6,0,0,False,,,,,,
2,71,Maximum-confidence selection,6,0,0,False,,,,,,
2,72,Maximum-confidence selection,6,0,0,False,,,,,,
2,73,Maximum-confidence selection,6,0,0,False,,,,,,
2,74,Maximum-confidence selection,6,0,0,False,,,,,,
2,75,Maximum-confidence selection,6,0,0,False,,,,,,
2,76,Maximum-confidence selection,6,0,0,False,,,,,,
2,77,Maximum-confidence selection,6,0,0,False,,,,,,
2,78,Maximum-confidence selection,6,0,0,False,,,,,,
2,79,Maximum-confidence selection,6,0,0,False,,,,,,
2,80,Maximum-confidence selection,7,7,7,False,,,,,,
2,81,Maximum-confidence selection,7,1,1,False,,,,,,
2,82,Maximum-confidence selection,7,1,1,False,,,,,,
2,83,Maximum-confidence selection,7,1,1,False,,,,,,
2,84,Maximum-confidence selection,7,1,1,False,,,,,,
2,85,Maximum-confidence selection,7,1,1,False,,,,,,
2,86,Maximum-confidence selection,7,1,1,False,,,,,,
2,87,Maximum-confidence selection,7,1,1,False,,,,,,
2,88,Maximum-confidence selection,7,1,1,False,,,,,,
2,89,Maximum-confidence selection,7,7,7,False,,,,,,
2,90,Maximum-confidence selection,8,2,2,False,,,,,,
2,91,Maximum-confidence selection,8,8,8,False,,,,,,
2,92,Maximum-confidence selection,8,2,2,False,,,,,,
2,93,Maximum-confidence selection,8,2,2,False,,,,,,
2,94,Maximum-confidence selection,8,2,2,False,,,,,,
2,95,Maximum-confidence selection,8,8,8,False,,,,,,
2,96,Maximum-confidence selection,8,2,2,False,,,,,,
2,97,Maximum-confidence selection,8,2,2,False,,,,,,
2,98,Maximum-confidence selection,8,8,8,False,,,,,,
2,99,Maximum-confidence selection,8,2,2,False,,,,,,
2,100,Maximum-confidence selection,9,9,9,False,,,,,,
2,101,Maximum-confidence selection,9,9,9,False,,,,,,
2,102,Maximum-confidence selection,9,9,9,False,,,,,,
2,103,Maximum-confidence selection,9,9,9,False,,,,,,
2,104,Maximum-confidence selection,9,9,9,False,,,,,,
2,105,Maximum-confidence selection,9,9,9,False,,,,,,
2,106,Maximum-confidence selection,9,9,9,False,,,,,,
2,107,Maximum-confidence selection,9,9,9,False,,,,,,
2,108,Maximum-confidence selection,9,9,9,False,,,,,,
2,109,Maximum-confidence selection,9,9,9,False,,,,,,
2,26,Maximum-confidence selection audit disagreement,1,7,1,True,1.0,7.0,0.9832730293273926,0.9842246174812317,0.9748014807701111,0.9720458984375
2,0,Margin-only selection,0,5,5,False,,,,,,
2,1,Margin-only selection,0,0,0,False,,,,,,
2,2,Margin-only selection,0,0,0,False,,,,,,
2,3,Margin-only selection,0,0,0,False,,,,,,
2,4,Margin-only selection,0,0,0,False,,,,,,
2,5,Margin-only selection,0,0,0,False,,,,,,
2,6,Margin-only selection,0,0,0,False,,,,,,
2,7,Margin-only selection,0,0,0,False,,,,,,
2,8,Margin-only selection,0,4,4,False,,,,,,
2,9,Margin-only selection,0,5,5,False,,,,,,
2,10,Margin-only selection,10,10,10,False,,,,,,
2,11,Margin-only selection,10,10,10,False,,,,,,
2,12,Margin-only selection,10,10,10,False,,,,,,
2,13,Margin-only selection,10,10,10,False,,,,,,
2,14,Margin-only selection,10,10,10,False,,,,,,
2,15,Margin-only selection,10,10,10,False,,,,,,
2,16,Margin-only selection,10,10,10,False,,,,,,
2,17,Margin-only selection,10,4,4,False,,,,,,
2,18,Margin-only selection,10,10,10,False,,,,,,
2,19,Margin-only selection,10,10,10,False,,,,,,
2,20,Margin-only selection,1,7,7,False,,,,,,
2,21,Margin-only selection,1,1,1,False,,,,,,
2,22,Margin-only selection,1,1,1,False,,,,,,
2,23,Margin-only selection,1,1,1,False,,,,,,
2,24,Margin-only selection,1,1,1,False,,,,,,
2,25,Margin-only selection,1,7,7,False,,,,,,
2,26,Margin-only selection,1,1,1,False,,,,,,
2,27,Margin-only selection,1,7,7,False,,,,,,
2,28,Margin-only selection,1,7,7,False,,,,,,
2,29,Margin-only selection,1,1,1,False,,,,,,
2,30,Margin-only selection,2,8,8,False,,,,,,
2,31,Margin-only selection,2,2,2,False,,,,,,
2,32,Margin-only selection,2,2,2,False,,,,,,
2,33,Margin-only selection,2,2,2,False,,,,,,
2,34,Margin-only selection,2,2,2,False,,,,,,
2,35,Margin-only selection,2,8,8,False,,,,,,
2,36,Margin-only selection,2,8,8,False,,,,,,
2,37,Margin-only selection,2,2,2,False,,,,,,
2,38,Margin-only selection,2,2,2,False,,,,,,
2,39,Margin-only selection,2,2,2,False,,,,,,
2,40,Margin-only selection,3,2,2,False,,,,,,
2,41,Margin-only selection,3,2,2,False,,,,,,
2,42,Margin-only selection,3,2,2,False,,,,,,
2,43,Margin-only selection,3,2,2,False,,,,,,
2,44,Margin-only selection,3,2,2,False,,,,,,
2,45,Margin-only selection,3,2,2,False,,,,,,
2,46,Margin-only selection,3,2,2,False,,,,,,
2,47,Margin-only selection,3,4,4,False,,,,,,
2,48,Margin-only selection,3,2,2,False,,,,,,
2,49,Margin-only selection,3,2,2,False,,,,,,
2,50,Margin-only selection,4,4,4,False,,,,,,
2,51,Margin-only selection,4,4,4,False,,,,,,
2,52,Margin-only selection,4,4,4,False,,,,,,
2,53,Margin-only selection,4,4,4,False,,,,,,
2,54,Margin-only selection,4,4,4,False,,,,,,
2,55,Margin-only selection,4,4,4,False,,,,,,
2,56,Margin-only selection,4,4,4,False,,,,,,
2,57,Margin-only selection,4,4,4,False,,,,,,
2,58,Margin-only selection,4,4,4,False,,,,,,
2,59,Margin-only selection,4,4,4,False,,,,,,
2,60,Margin-only selection,5,5,5,False,,,,,,
2,61,Margin-only selection,5,5,5,False,,,,,,
2,62,Margin-only selection,5,5,5,False,,,,,,
2,63,Margin-only selection,5,5,5,False,,,,,,
2,64,Margin-only selection,5,5,5,False,,,,,,
2,65,Margin-only selection,5,5,5,False,,,,,,
2,66,Margin-only selection,5,5,5,False,,,,,,
2,67,Margin-only selection,5,5,5,False,,,,,,
2,68,Margin-only selection,5,5,5,False,,,,,,
2,69,Margin-only selection,5,5,5,False,,,,,,
2,70,Margin-only selection,6,0,0,False,,,,,,
2,71,Margin-only selection,6,0,0,False,,,,,,
2,72,Margin-only selection,6,0,0,False,,,,,,
2,73,Margin-only selection,6,0,0,False,,,,,,
2,74,Margin-only selection,6,0,0,False,,,,,,
2,75,Margin-only selection,6,0,0,False,,,,,,
2,76,Margin-only selection,6,0,0,False,,,,,,
2,77,Margin-only selection,6,0,0,False,,,,,,
2,78,Margin-only selection,6,0,0,False,,,,,,
2,79,Margin-only selection,6,0,0,False,,,,,,
2,80,Margin-only selection,7,7,7,False,,,,,,
2,81,Margin-only selection,7,1,1,False,,,,,,
2,82,Margin-only selection,7,1,1,False,,,,,,
2,83,Margin-only selection,7,1,1,False,,,,,,
2,84,Margin-only selection,7,1,1,False,,,,,,
2,85,Margin-only selection,7,1,1,False,,,,,,
2,86,Margin-only selection,7,1,1,False,,,,,,
2,87,Margin-only selection,7,1,1,False,,,,,,
2,88,Margin-only selection,7,1,1,False,,,,,,
2,89,Margin-only selection,7,7,7,False,,,,,,
2,90,Margin-only selection,8,2,2,False,,,,,,
2,91,Margin-only selection,8,8,8,False,,,,,,
2,92,Margin-only selection,8,2,2,False,,,,,,
2,93,Margin-only selection,8,2,2,False,,,,,,
2,94,Margin-only selection,8,2,2,False,,,,,,
2,95,Margin-only selection,8,8,8,False,,,,,,
2,96,Margin-only selection,8,2,2,False,,,,,,
2,97,Margin-only selection,8,2,2,False,,,,,,
2,98,Margin-only selection,8,8,8,False,,,,,,
2,99,Margin-only selection,8,2,2,False,,,,,,
2,100,Margin-only selection,9,9,9,False,,,,,,
2,101,Margin-only selection,9,9,9,False,,,,,,
2,102,Margin-only selection,9,9,9,False,,,,,,
2,103,Margin-only selection,9,9,9,False,,,,,,
2,104,Margin-only selection,9,9,9,False,,,,,,
2,105,Margin-only selection,9,9,9,False,,,,,,
2,106,Margin-only selection,9,9,9,False,,,,,,
2,107,Margin-only selection,9,9,9,False,,,,,,
2,108,Margin-only selection,9,9,9,False,,,,,,
2,109,Margin-only selection,9,9,9,False,,,,,,
2,0,Logistic stacking,0,5,5,False,,,,,,
2,1,Logistic stacking,0,0,0,False,,,,,,
2,2,Logistic stacking,0,0,0,False,,,,,,
2,3,Logistic stacking,0,0,0,False,,,,,,
2,4,Logistic stacking,0,0,0,False,,,,,,
2,5,Logistic stacking,0,0,0,False,,,,,,
2,6,Logistic stacking,0,0,0,False,,,,,,
2,7,Logistic stacking,0,0,0,False,,,,,,
2,8,Logistic stacking,0,4,4,False,,,,,,
2,9,Logistic stacking,0,5,5,False,,,,,,
2,10,Logistic stacking,10,10,10,False,,,,,,
2,11,Logistic stacking,10,10,10,False,,,,,,
2,12,Logistic stacking,10,10,10,False,,,,,,
2,13,Logistic stacking,10,10,10,False,,,,,,
2,14,Logistic stacking,10,10,10,False,,,,,,
2,15,Logistic stacking,10,10,10,False,,,,,,
2,16,Logistic stacking,10,10,10,False,,,,,,
2,17,Logistic stacking,10,4,4,False,,,,,,
2,18,Logistic stacking,10,10,10,False,,,,,,
2,19,Logistic stacking,10,10,10,False,,,,,,
2,20,Logistic stacking,1,7,7,False,,,,,,
2,21,Logistic stacking,1,1,1,False,,,,,,
2,22,Logistic stacking,1,1,1,False,,,,,,
2,23,Logistic stacking,1,1,1,False,,,,,,
2,24,Logistic stacking,1,1,1,False,,,,,,
2,25,Logistic stacking,1,7,7,False,,,,,,
2,26,Logistic stacking,1,1,1,False,,,,,,
2,27,Logistic stacking,1,1,7,True,,,,,,
2,28,Logistic stacking,1,7,7,False,,,,,,
2,29,Logistic stacking,1,1,1,False,,,,,,
2,30,Logistic stacking,2,8,8,False,,,,,,
2,31,Logistic stacking,2,2,2,False,,,,,,
2,32,Logistic stacking,2,2,2,False,,,,,,
2,33,Logistic stacking,2,2,2,False,,,,,,
2,34,Logistic stacking,2,8,2,True,,,,,,
2,35,Logistic stacking,2,8,8,False,,,,,,
2,36,Logistic stacking,2,8,8,False,,,,,,
2,37,Logistic stacking,2,2,2,False,,,,,,
2,38,Logistic stacking,2,9,2,True,,,,,,
2,39,Logistic stacking,2,8,2,True,,,,,,
2,40,Logistic stacking,3,2,2,False,,,,,,
2,41,Logistic stacking,3,2,2,False,,,,,,
2,42,Logistic stacking,3,2,2,False,,,,,,
2,43,Logistic stacking,3,2,2,False,,,,,,
2,44,Logistic stacking,3,2,2,False,,,,,,
2,45,Logistic stacking,3,2,2,False,,,,,,
2,46,Logistic stacking,3,2,2,False,,,,,,
2,47,Logistic stacking,3,4,4,False,,,,,,
2,48,Logistic stacking,3,2,2,False,,,,,,
2,49,Logistic stacking,3,2,2,False,,,,,,
2,50,Logistic stacking,4,4,4,False,,,,,,
2,51,Logistic stacking,4,4,4,False,,,,,,
2,52,Logistic stacking,4,4,4,False,,,,,,
2,53,Logistic stacking,4,4,4,False,,,,,,
2,54,Logistic stacking,4,4,4,False,,,,,,
2,55,Logistic stacking,4,4,4,False,,,,,,
2,56,Logistic stacking,4,4,4,False,,,,,,
2,57,Logistic stacking,4,4,4,False,,,,,,
2,58,Logistic stacking,4,4,4,False,,,,,,
2,59,Logistic stacking,4,4,4,False,,,,,,
2,60,Logistic stacking,5,5,5,False,,,,,,
2,61,Logistic stacking,5,5,5,False,,,,,,
2,62,Logistic stacking,5,5,5,False,,,,,,
2,63,Logistic stacking,5,5,5,False,,,,,,
2,64,Logistic stacking,5,5,5,False,,,,,,
2,65,Logistic stacking,5,5,5,False,,,,,,
2,66,Logistic stacking,5,5,5,False,,,,,,
2,67,Logistic stacking,5,5,5,False,,,,,,
2,68,Logistic stacking,5,5,5,False,,,,,,
2,69,Logistic stacking,5,5,5,False,,,,,,
2,70,Logistic stacking,6,0,0,False,,,,,,
2,71,Logistic stacking,6,0,0,False,,,,,,
2,72,Logistic stacking,6,0,0,False,,,,,,
2,73,Logistic stacking,6,0,0,False,,,,,,
2,74,Logistic stacking,6,0,0,False,,,,,,
2,75,Logistic stacking,6,0,0,False,,,,,,
2,76,Logistic stacking,6,0,0,False,,,,,,
2,77,Logistic stacking,6,0,0,False,,,,,,
2,78,Logistic stacking,6,0,0,False,,,,,,
2,79,Logistic stacking,6,0,0,False,,,,,,
2,80,Logistic stacking,7,1,7,True,,,,,,
2,81,Logistic stacking,7,1,1,False,,,,,,
2,82,Logistic stacking,7,1,1,False,,,,,,
2,83,Logistic stacking,7,1,1,False,,,,,,
2,84,Logistic stacking,7,1,1,False,,,,,,
2,85,Logistic stacking,7,1,1,False,,,,,,
2,86,Logistic stacking,7,1,1,False,,,,,,
2,87,Logistic stacking,7,1,1,False,,,,,,
2,88,Logistic stacking,7,1,1,False,,,,,,
2,89,Logistic stacking,7,1,7,True,,,,,,
2,90,Logistic stacking,8,2,2,False,,,,,,
2,91,Logistic stacking,8,2,8,True,,,,,,
2,92,Logistic stacking,8,2,2,False,,,,,,
2,93,Logistic stacking,8,2,2,False,,,,,,
2,94,Logistic stacking,8,2,2,False,,,,,,
2,95,Logistic stacking,8,8,8,False,,,,,,
2,96,Logistic stacking,8,2,2,False,,,,,,
2,97,Logistic stacking,8,2,2,False,,,,,,
2,98,Logistic stacking,8,8,8,False,,,,,,
2,99,Logistic stacking,8,2,2,False,,,,,,
2,100,Logistic stacking,9,9,9,False,,,,,,
2,101,Logistic stacking,9,9,9,False,,,,,,
2,102,Logistic stacking,9,9,9,False,,,,,,
2,103,Logistic stacking,9,9,9,False,,,,,,
2,104,Logistic stacking,9,9,9,False,,,,,,
2,105,Logistic stacking,9,9,9,False,,,,,,
2,106,Logistic stacking,9,9,9,False,,,,,,
2,107,Logistic stacking,9,9,9,False,,,,,,
2,108,Logistic stacking,9,9,9,False,,,,,,
2,109,Logistic stacking,9,9,9,False,,,,,,
2,27,Logistic stacking audit disagreement,1,1,7,True,1.0,7.0,0.9600728750228882,0.9987019300460815,0.9217624068260193,0.9975737929344177
2,34,Logistic stacking audit disagreement,2,8,2,True,8.0,2.0,0.9785813689231873,0.997278094291687,0.9644211530685425,0.9952501654624939
2,38,Logistic stacking audit disagreement,2,9,2,True,9.0,2.0,0.9844788908958435,0.9991143345832825,0.9794773459434509,0.9987946152687073
2,39,Logistic stacking audit disagreement,2,8,2,True,8.0,2.0,0.9581910371780396,0.9948599338531494,0.9364262223243713,0.9904083013534546
2,80,Logistic stacking audit disagreement,7,1,7,True,1.0,7.0,0.9994459748268127,0.999985933303833,0.9989604353904724,0.9999767541885376
2,89,Logistic stacking audit disagreement,7,1,7,True,1.0,7.0,0.9998148083686829,0.9998953342437744,0.9996623992919922,0.9997922778129578
2,91,Logistic stacking audit disagreement,8,2,8,True,2.0,8.0,0.9988771080970764,0.9990212321281433,0.9982786774635315,0.99858158826828
2,0,Parameter-weighted probability mixture,0,5,5,False,,,,,,
2,1,Parameter-weighted probability mixture,0,0,0,False,,,,,,
2,2,Parameter-weighted probability mixture,0,0,0,False,,,,,,
2,3,Parameter-weighted probability mixture,0,0,0,False,,,,,,
2,4,Parameter-weighted probability mixture,0,0,0,False,,,,,,
2,5,Parameter-weighted probability mixture,0,0,0,False,,,,,,
2,6,Parameter-weighted probability mixture,0,0,0,False,,,,,,
2,7,Parameter-weighted probability mixture,0,0,0,False,,,,,,
2,8,Parameter-weighted probability mixture,0,4,4,False,,,,,,
2,9,Parameter-weighted probability mixture,0,5,5,False,,,,,,
2,10,Parameter-weighted probability mixture,10,10,10,False,,,,,,
2,11,Parameter-weighted probability mixture,10,10,10,False,,,,,,
2,12,Parameter-weighted probability mixture,10,10,10,False,,,,,,
2,13,Parameter-weighted probability mixture,10,10,10,False,,,,,,
2,14,Parameter-weighted probability mixture,10,10,10,False,,,,,,
2,15,Parameter-weighted probability mixture,10,10,10,False,,,,,,
2,16,Parameter-weighted probability mixture,10,10,10,False,,,,,,
2,17,Parameter-weighted probability mixture,10,4,4,False,,,,,,
2,18,Parameter-weighted probability mixture,10,10,10,False,,,,,,
2,19,Parameter-weighted probability mixture,10,10,10,False,,,,,,
2,20,Parameter-weighted probability mixture,1,7,7,False,,,,,,
2,21,Parameter-weighted probability mixture,1,1,1,False,,,,,,
2,22,Parameter-weighted probability mixture,1,1,1,False,,,,,,
2,23,Parameter-weighted probability mixture,1,1,1,False,,,,,,
2,24,Parameter-weighted probability mixture,1,1,1,False,,,,,,
2,25,Parameter-weighted probability mixture,1,7,7,False,,,,,,
2,26,Parameter-weighted probability mixture,1,1,1,False,,,,,,
2,27,Parameter-weighted probability mixture,1,7,7,False,,,,,,
2,28,Parameter-weighted probability mixture,1,7,7,False,,,,,,
2,29,Parameter-weighted probability mixture,1,1,1,False,,,,,,
2,30,Parameter-weighted probability mixture,2,8,8,False,,,,,,
2,31,Parameter-weighted probability mixture,2,2,2,False,,,,,,
2,32,Parameter-weighted probability mixture,2,2,2,False,,,,,,
2,33,Parameter-weighted probability mixture,2,2,2,False,,,,,,
2,34,Parameter-weighted probability mixture,2,8,2,True,,,,,,
2,35,Parameter-weighted probability mixture,2,8,8,False,,,,,,
2,36,Parameter-weighted probability mixture,2,8,8,False,,,,,,
2,37,Parameter-weighted probability mixture,2,2,2,False,,,,,,
2,38,Parameter-weighted probability mixture,2,9,2,True,,,,,,
2,39,Parameter-weighted probability mixture,2,8,2,True,,,,,,
2,40,Parameter-weighted probability mixture,3,2,2,False,,,,,,
2,41,Parameter-weighted probability mixture,3,2,2,False,,,,,,
2,42,Parameter-weighted probability mixture,3,2,2,False,,,,,,
2,43,Parameter-weighted probability mixture,3,2,2,False,,,,,,
2,44,Parameter-weighted probability mixture,3,2,2,False,,,,,,
2,45,Parameter-weighted probability mixture,3,2,2,False,,,,,,
2,46,Parameter-weighted probability mixture,3,2,2,False,,,,,,
2,47,Parameter-weighted probability mixture,3,4,4,False,,,,,,
2,48,Parameter-weighted probability mixture,3,2,2,False,,,,,,
2,49,Parameter-weighted probability mixture,3,2,2,False,,,,,,
2,50,Parameter-weighted probability mixture,4,4,4,False,,,,,,
2,51,Parameter-weighted probability mixture,4,4,4,False,,,,,,
2,52,Parameter-weighted probability mixture,4,4,4,False,,,,,,
2,53,Parameter-weighted probability mixture,4,4,4,False,,,,,,
2,54,Parameter-weighted probability mixture,4,4,4,False,,,,,,
2,55,Parameter-weighted probability mixture,4,4,4,False,,,,,,
2,56,Parameter-weighted probability mixture,4,4,4,False,,,,,,
2,57,Parameter-weighted probability mixture,4,4,4,False,,,,,,
2,58,Parameter-weighted probability mixture,4,4,4,False,,,,,,
2,59,Parameter-weighted probability mixture,4,4,4,False,,,,,,
2,60,Parameter-weighted probability mixture,5,5,5,False,,,,,,
2,61,Parameter-weighted probability mixture,5,5,5,False,,,,,,
2,62,Parameter-weighted probability mixture,5,5,5,False,,,,,,
2,63,Parameter-weighted probability mixture,5,5,5,False,,,,,,
2,64,Parameter-weighted probability mixture,5,5,5,False,,,,,,
2,65,Parameter-weighted probability mixture,5,5,5,False,,,,,,
2,66,Parameter-weighted probability mixture,5,5,5,False,,,,,,
2,67,Parameter-weighted probability mixture,5,5,5,False,,,,,,
2,68,Parameter-weighted probability mixture,5,5,5,False,,,,,,
2,69,Parameter-weighted probability mixture,5,5,5,False,,,,,,
2,70,Parameter-weighted probability mixture,6,0,0,False,,,,,,
2,71,Parameter-weighted probability mixture,6,0,0,False,,,,,,
2,72,Parameter-weighted probability mixture,6,0,0,False,,,,,,
2,73,Parameter-weighted probability mixture,6,0,0,False,,,,,,
2,74,Parameter-weighted probability mixture,6,0,0,False,,,,,,
2,75,Parameter-weighted probability mixture,6,0,0,False,,,,,,
2,76,Parameter-weighted probability mixture,6,0,0,False,,,,,,
2,77,Parameter-weighted probability mixture,6,0,0,False,,,,,,
2,78,Parameter-weighted probability mixture,6,0,0,False,,,,,,
2,79,Parameter-weighted probability mixture,6,0,0,False,,,,,,
2,80,Parameter-weighted probability mixture,7,1,7,True,,,,,,
2,81,Parameter-weighted probability mixture,7,1,1,False,,,,,,
2,82,Parameter-weighted probability mixture,7,1,1,False,,,,,,
2,83,Parameter-weighted probability mixture,7,1,1,False,,,,,,
2,84,Parameter-weighted probability mixture,7,1,1,False,,,,,,
2,85,Parameter-weighted probability mixture,7,1,1,False,,,,,,
2,86,Parameter-weighted probability mixture,7,1,1,False,,,,,,
2,87,Parameter-weighted probability mixture,7,1,1,False,,,,,,
2,88,Parameter-weighted probability mixture,7,1,1,False,,,,,,
2,89,Parameter-weighted probability mixture,7,1,7,True,,,,,,
2,90,Parameter-weighted probability mixture,8,2,2,False,,,,,,
2,91,Parameter-weighted probability mixture,8,2,8,True,,,,,,
2,92,Parameter-weighted probability mixture,8,2,2,False,,,,,,
2,93,Parameter-weighted probability mixture,8,2,2,False,,,,,,
2,94,Parameter-weighted probability mixture,8,2,2,False,,,,,,
2,95,Parameter-weighted probability mixture,8,8,8,False,,,,,,
2,96,Parameter-weighted probability mixture,8,2,2,False,,,,,,
2,97,Parameter-weighted probability mixture,8,2,2,False,,,,,,
2,98,Parameter-weighted probability mixture,8,8,8,False,,,,,,
2,99,Parameter-weighted probability mixture,8,2,2,False,,,,,,
2,100,Parameter-weighted probability mixture,9,9,9,False,,,,,,
2,101,Parameter-weighted probability mixture,9,9,9,False,,,,,,
2,102,Parameter-weighted probability mixture,9,9,9,False,,,,,,
2,103,Parameter-weighted probability mixture,9,9,9,False,,,,,,
2,104,Parameter-weighted probability mixture,9,9,9,False,,,,,,
2,105,Parameter-weighted probability mixture,9,9,9,False,,,,,,
2,106,Parameter-weighted probability mixture,9,9,9,False,,,,,,
2,107,Parameter-weighted probability mixture,9,9,9,False,,,,,,
2,108,Parameter-weighted probability mixture,9,9,9,False,,,,,,
2,109,Parameter-weighted probability mixture,9,9,9,False,,,,,,
2,34,Parameter-weighted probability mixture audit disagreement,2,8,2,True,8.0,2.0,0.9785813689231873,0.997278094291687,0.9644211530685425,0.9952501654624939
2,38,Parameter-weighted probability mixture audit disagreement,2,9,2,True,9.0,2.0,0.9844788908958435,0.9991143345832825,0.9794773459434509,0.9987946152687073
2,39,Parameter-weighted probability mixture audit disagreement,2,8,2,True,8.0,2.0,0.9581910371780396,0.9948599338531494,0.9364262223243713,0.9904083013534546
2,80,Parameter-weighted probability mixture audit disagreement,7,1,7,True,1.0,7.0,0.9994459748268127,0.999985933303833,0.9989604353904724,0.9999767541885376
2,89,Parameter-weighted probability mixture audit disagreement,7,1,7,True,1.0,7.0,0.9998148083686829,0.9998953342437744,0.9996623992919922,0.9997922778129578
2,91,Parameter-weighted probability mixture audit disagreement,8,2,8,True,2.0,8.0,0.9988771080970764,0.9990212321281433,0.9982786774635315,0.99858158826828
3,0,Confidence-gated rule,0,1,1,False,,,,,,
3,1,Confidence-gated rule,0,1,1,False,,,,,,
3,2,Confidence-gated rule,0,0,0,False,,,,,,
3,3,Confidence-gated rule,0,7,7,False,,,,,,
3,4,Confidence-gated rule,0,7,7,False,,,,,,
3,5,Confidence-gated rule,0,0,0,False,,,,,,
3,6,Confidence-gated rule,0,7,7,False,,,,,,
3,7,Confidence-gated rule,0,0,0,False,,,,,,
3,8,Confidence-gated rule,0,7,7,False,,,,,,
3,9,Confidence-gated rule,0,0,0,False,,,,,,
3,10,Confidence-gated rule,10,10,10,False,,,,,,
3,11,Confidence-gated rule,10,10,10,False,,,,,,
3,12,Confidence-gated rule,10,10,10,False,,,,,,
3,13,Confidence-gated rule,10,10,10,False,,,,,,
3,14,Confidence-gated rule,10,10,10,False,,,,,,
3,15,Confidence-gated rule,10,10,10,False,,,,,,
3,16,Confidence-gated rule,10,10,10,False,,,,,,
3,17,Confidence-gated rule,10,10,10,False,,,,,,
3,18,Confidence-gated rule,10,10,10,False,,,,,,
3,19,Confidence-gated rule,10,10,10,False,,,,,,
3,20,Confidence-gated rule,1,7,7,False,,,,,,
3,21,Confidence-gated rule,1,1,1,False,,,,,,
3,22,Confidence-gated rule,1,7,7,False,,,,,,
3,23,Confidence-gated rule,1,1,1,False,,,,,,
3,24,Confidence-gated rule,1,0,0,False,,,,,,
3,25,Confidence-gated rule,1,7,7,False,,,,,,
3,26,Confidence-gated rule,1,1,1,False,,,,,,
3,27,Confidence-gated rule,1,1,1,False,,,,,,
3,28,Confidence-gated rule,1,1,1,False,,,,,,
3,29,Confidence-gated rule,1,7,7,False,,,,,,
3,30,Confidence-gated rule,2,2,2,False,,,,,,
3,31,Confidence-gated rule,2,2,2,False,,,,,,
3,32,Confidence-gated rule,2,2,2,False,,,,,,
3,33,Confidence-gated rule,2,2,2,False,,,,,,
3,34,Confidence-gated rule,2,2,2,False,,,,,,
3,35,Confidence-gated rule,2,2,2,False,,,,,,
3,36,Confidence-gated rule,2,2,2,False,,,,,,
3,37,Confidence-gated rule,2,2,2,False,,,,,,
3,38,Confidence-gated rule,2,2,2,False,,,,,,
3,39,Confidence-gated rule,2,2,2,False,,,,,,
3,40,Confidence-gated rule,3,3,3,False,,,,,,
3,41,Confidence-gated rule,3,3,3,False,,,,,,
3,42,Confidence-gated rule,3,3,3,False,,,,,,
3,43,Confidence-gated rule,3,3,3,False,,,,,,
3,44,Confidence-gated rule,3,3,3,False,,,,,,
3,45,Confidence-gated rule,3,3,3,False,,,,,,
3,46,Confidence-gated rule,3,3,3,False,,,,,,
3,47,Confidence-gated rule,3,3,3,False,,,,,,
3,48,Confidence-gated rule,3,3,3,False,,,,,,
3,49,Confidence-gated rule,3,3,3,False,,,,,,
3,50,Confidence-gated rule,4,4,4,False,,,,,,
3,51,Confidence-gated rule,4,4,4,False,,,,,,
3,52,Confidence-gated rule,4,4,4,False,,,,,,
3,53,Confidence-gated rule,4,4,4,False,,,,,,
3,54,Confidence-gated rule,4,4,4,False,,,,,,
3,55,Confidence-gated rule,4,4,4,False,,,,,,
3,56,Confidence-gated rule,4,4,4,False,,,,,,
3,57,Confidence-gated rule,4,10,10,False,,,,,,
3,58,Confidence-gated rule,4,4,4,False,,,,,,
3,59,Confidence-gated rule,4,4,4,False,,,,,,
3,60,Confidence-gated rule,5,5,5,False,,,,,,
3,61,Confidence-gated rule,5,5,5,False,,,,,,
3,62,Confidence-gated rule,5,5,5,False,,,,,,
3,63,Confidence-gated rule,5,5,5,False,,,,,,
3,64,Confidence-gated rule,5,5,5,False,,,,,,
3,65,Confidence-gated rule,5,5,5,False,,,,,,
3,66,Confidence-gated rule,5,5,5,False,,,,,,
3,67,Confidence-gated rule,5,0,0,False,,,,,,
3,68,Confidence-gated rule,5,5,5,False,,,,,,
3,69,Confidence-gated rule,5,5,5,False,,,,,,
3,70,Confidence-gated rule,6,6,6,False,,,,,,
3,71,Confidence-gated rule,6,6,6,False,,,,,,
3,72,Confidence-gated rule,6,6,6,False,,,,,,
3,73,Confidence-gated rule,6,6,6,False,,,,,,
3,74,Confidence-gated rule,6,6,6,False,,,,,,
3,75,Confidence-gated rule,6,6,6,False,,,,,,
3,76,Confidence-gated rule,6,6,6,False,,,,,,
3,77,Confidence-gated rule,6,6,6,False,,,,,,
3,78,Confidence-gated rule,6,0,0,False,,,,,,
3,79,Confidence-gated rule,6,6,6,False,,,,,,
3,80,Confidence-gated rule,7,7,7,False,,,,,,
3,81,Confidence-gated rule,7,7,7,False,,,,,,
3,82,Confidence-gated rule,7,7,7,False,,,,,,
3,83,Confidence-gated rule,7,7,7,False,,,,,,
3,84,Confidence-gated rule,7,7,7,False,,,,,,
3,85,Confidence-gated rule,7,7,7,False,,,,,,
3,86,Confidence-gated rule,7,7,7,False,,,,,,
3,87,Confidence-gated rule,7,7,7,False,,,,,,
3,88,Confidence-gated rule,7,7,7,False,,,,,,
3,89,Confidence-gated rule,7,7,7,False,,,,,,
3,90,Confidence-gated rule,8,8,8,False,,,,,,
3,91,Confidence-gated rule,8,8,8,False,,,,,,
3,92,Confidence-gated rule,8,8,8,False,,,,,,
3,93,Confidence-gated rule,8,8,8,False,,,,,,
3,94,Confidence-gated rule,8,8,8,False,,,,,,
3,95,Confidence-gated rule,8,8,8,False,,,,,,
3,96,Confidence-gated rule,8,8,8,False,,,,,,
3,97,Confidence-gated rule,8,8,8,False,,,,,,
3,98,Confidence-gated rule,8,8,8,False,,,,,,
3,99,Confidence-gated rule,8,8,8,False,,,,,,
3,100,Confidence-gated rule,9,9,9,False,,,,,,
3,101,Confidence-gated rule,9,8,8,False,,,,,,
3,102,Confidence-gated rule,9,9,9,False,,,,,,
3,103,Confidence-gated rule,9,9,9,False,,,,,,
3,104,Confidence-gated rule,9,8,8,False,,,,,,
3,105,Confidence-gated rule,9,9,9,False,,,,,,
3,106,Confidence-gated rule,9,9,9,False,,,,,,
3,107,Confidence-gated rule,9,8,8,False,,,,,,
3,108,Confidence-gated rule,9,9,9,False,,,,,,
3,109,Confidence-gated rule,9,9,9,False,,,,,,
3,0,Calibrated probability averaging,0,1,1,False,,,,,,
3,1,Calibrated probability averaging,0,1,1,False,,,,,,
3,2,Calibrated probability averaging,0,0,0,False,,,,,,
3,3,Calibrated probability averaging,0,7,7,False,,,,,,
3,4,Calibrated probability averaging,0,7,7,False,,,,,,
3,5,Calibrated probability averaging,0,0,0,False,,,,,,
3,6,Calibrated probability averaging,0,7,7,False,,,,,,
3,7,Calibrated probability averaging,0,0,0,False,,,,,,
3,8,Calibrated probability averaging,0,7,7,False,,,,,,
3,9,Calibrated probability averaging,0,0,0,False,,,,,,
3,10,Calibrated probability averaging,10,10,10,False,,,,,,
3,11,Calibrated probability averaging,10,10,10,False,,,,,,
3,12,Calibrated probability averaging,10,10,10,False,,,,,,
3,13,Calibrated probability averaging,10,10,10,False,,,,,,
3,14,Calibrated probability averaging,10,10,10,False,,,,,,
3,15,Calibrated probability averaging,10,10,10,False,,,,,,
3,16,Calibrated probability averaging,10,10,10,False,,,,,,
3,17,Calibrated probability averaging,10,10,10,False,,,,,,
3,18,Calibrated probability averaging,10,10,10,False,,,,,,
3,19,Calibrated probability averaging,10,10,10,False,,,,,,
3,20,Calibrated probability averaging,1,7,7,False,,,,,,
3,21,Calibrated probability averaging,1,1,1,False,,,,,,
3,22,Calibrated probability averaging,1,1,7,True,,,,,,
3,23,Calibrated probability averaging,1,1,1,False,,,,,,
3,24,Calibrated probability averaging,1,0,0,False,,,,,,
3,25,Calibrated probability averaging,1,7,7,False,,,,,,
3,26,Calibrated probability averaging,1,1,1,False,,,,,,
3,27,Calibrated probability averaging,1,1,1,False,,,,,,
3,28,Calibrated probability averaging,1,1,1,False,,,,,,
3,29,Calibrated probability averaging,1,7,7,False,,,,,,
3,30,Calibrated probability averaging,2,2,2,False,,,,,,
3,31,Calibrated probability averaging,2,2,2,False,,,,,,
3,32,Calibrated probability averaging,2,2,2,False,,,,,,
3,33,Calibrated probability averaging,2,2,2,False,,,,,,
3,34,Calibrated probability averaging,2,2,2,False,,,,,,
3,35,Calibrated probability averaging,2,2,2,False,,,,,,
3,36,Calibrated probability averaging,2,2,2,False,,,,,,
3,37,Calibrated probability averaging,2,2,2,False,,,,,,
3,38,Calibrated probability averaging,2,2,2,False,,,,,,
3,39,Calibrated probability averaging,2,4,2,True,,,,,,
3,40,Calibrated probability averaging,3,3,3,False,,,,,,
3,41,Calibrated probability averaging,3,3,3,False,,,,,,
3,42,Calibrated probability averaging,3,3,3,False,,,,,,
3,43,Calibrated probability averaging,3,3,3,False,,,,,,
3,44,Calibrated probability averaging,3,3,3,False,,,,,,
3,45,Calibrated probability averaging,3,3,3,False,,,,,,
3,46,Calibrated probability averaging,3,3,3,False,,,,,,
3,47,Calibrated probability averaging,3,3,3,False,,,,,,
3,48,Calibrated probability averaging,3,3,3,False,,,,,,
3,49,Calibrated probability averaging,3,3,3,False,,,,,,
3,50,Calibrated probability averaging,4,4,4,False,,,,,,
3,51,Calibrated probability averaging,4,4,4,False,,,,,,
3,52,Calibrated probability averaging,4,4,4,False,,,,,,
3,53,Calibrated probability averaging,4,4,4,False,,,,,,
3,54,Calibrated probability averaging,4,4,4,False,,,,,,
3,55,Calibrated probability averaging,4,4,4,False,,,,,,
3,56,Calibrated probability averaging,4,4,4,False,,,,,,
3,57,Calibrated probability averaging,4,10,10,False,,,,,,
3,58,Calibrated probability averaging,4,4,4,False,,,,,,
3,59,Calibrated probability averaging,4,4,4,False,,,,,,
3,60,Calibrated probability averaging,5,5,5,False,,,,,,
3,61,Calibrated probability averaging,5,5,5,False,,,,,,
3,62,Calibrated probability averaging,5,5,5,False,,,,,,
3,63,Calibrated probability averaging,5,5,5,False,,,,,,
3,64,Calibrated probability averaging,5,5,5,False,,,,,,
3,65,Calibrated probability averaging,5,5,5,False,,,,,,
3,66,Calibrated probability averaging,5,5,5,False,,,,,,
3,67,Calibrated probability averaging,5,0,0,False,,,,,,
3,68,Calibrated probability averaging,5,5,5,False,,,,,,
3,69,Calibrated probability averaging,5,5,5,False,,,,,,
3,70,Calibrated probability averaging,6,6,6,False,,,,,,
3,71,Calibrated probability averaging,6,6,6,False,,,,,,
3,72,Calibrated probability averaging,6,6,6,False,,,,,,
3,73,Calibrated probability averaging,6,6,6,False,,,,,,
3,74,Calibrated probability averaging,6,6,6,False,,,,,,
3,75,Calibrated probability averaging,6,6,6,False,,,,,,
3,76,Calibrated probability averaging,6,6,6,False,,,,,,
3,77,Calibrated probability averaging,6,6,6,False,,,,,,
3,78,Calibrated probability averaging,6,6,0,True,,,,,,
3,79,Calibrated probability averaging,6,6,6,False,,,,,,
3,80,Calibrated probability averaging,7,7,7,False,,,,,,
3,81,Calibrated probability averaging,7,7,7,False,,,,,,
3,82,Calibrated probability averaging,7,7,7,False,,,,,,
3,83,Calibrated probability averaging,7,7,7,False,,,,,,
3,84,Calibrated probability averaging,7,7,7,False,,,,,,
3,85,Calibrated probability averaging,7,7,7,False,,,,,,
3,86,Calibrated probability averaging,7,7,7,False,,,,,,
3,87,Calibrated probability averaging,7,7,7,False,,,,,,
3,88,Calibrated probability averaging,7,7,7,False,,,,,,
3,89,Calibrated probability averaging,7,7,7,False,,,,,,
3,90,Calibrated probability averaging,8,8,8,False,,,,,,
3,91,Calibrated probability averaging,8,8,8,False,,,,,,
3,92,Calibrated probability averaging,8,8,8,False,,,,,,
3,93,Calibrated probability averaging,8,8,8,False,,,,,,
3,94,Calibrated probability averaging,8,8,8,False,,,,,,
3,95,Calibrated probability averaging,8,8,8,False,,,,,,
3,96,Calibrated probability averaging,8,8,8,False,,,,,,
3,97,Calibrated probability averaging,8,8,8,False,,,,,,
3,98,Calibrated probability averaging,8,8,8,False,,,,,,
3,99,Calibrated probability averaging,8,8,8,False,,,,,,
3,100,Calibrated probability averaging,9,9,9,False,,,,,,
3,101,Calibrated probability averaging,9,8,8,False,,,,,,
3,102,Calibrated probability averaging,9,9,9,False,,,,,,
3,103,Calibrated probability averaging,9,9,9,False,,,,,,
3,104,Calibrated probability averaging,9,8,8,False,,,,,,
3,105,Calibrated probability averaging,9,9,9,False,,,,,,
3,106,Calibrated probability averaging,9,9,9,False,,,,,,
3,107,Calibrated probability averaging,9,8,8,False,,,,,,
3,108,Calibrated probability averaging,9,9,9,False,,,,,,
3,109,Calibrated probability averaging,9,9,9,False,,,,,,
3,22,Calibrated probability averaging audit disagreement,1,1,7,True,1.0,7.0,0.8378250002861023,0.8950978517532349,0.6903499364852905,0.790947675704956
3,39,Calibrated probability averaging audit disagreement,2,4,2,True,4.0,2.0,0.9618029594421387,0.9838730096817017,0.9257628321647644,0.9722763299942017
3,78,Calibrated probability averaging audit disagreement,6,6,0,True,6.0,0.0,0.9265673756599426,0.9913412928581238,0.8709359169006348,0.987498939037323
3,0,Validation-weighted fusion,0,1,1,False,,,,,,
3,1,Validation-weighted fusion,0,1,1,False,,,,,,
3,2,Validation-weighted fusion,0,0,0,False,,,,,,
3,3,Validation-weighted fusion,0,7,7,False,,,,,,
3,4,Validation-weighted fusion,0,7,7,False,,,,,,
3,5,Validation-weighted fusion,0,0,0,False,,,,,,
3,6,Validation-weighted fusion,0,7,7,False,,,,,,
3,7,Validation-weighted fusion,0,0,0,False,,,,,,
3,8,Validation-weighted fusion,0,7,7,False,,,,,,
3,9,Validation-weighted fusion,0,0,0,False,,,,,,
3,10,Validation-weighted fusion,10,10,10,False,,,,,,
3,11,Validation-weighted fusion,10,10,10,False,,,,,,
3,12,Validation-weighted fusion,10,10,10,False,,,,,,
3,13,Validation-weighted fusion,10,10,10,False,,,,,,
3,14,Validation-weighted fusion,10,10,10,False,,,,,,
3,15,Validation-weighted fusion,10,10,10,False,,,,,,
3,16,Validation-weighted fusion,10,10,10,False,,,,,,
3,17,Validation-weighted fusion,10,10,10,False,,,,,,
3,18,Validation-weighted fusion,10,10,10,False,,,,,,
3,19,Validation-weighted fusion,10,10,10,False,,,,,,
3,20,Validation-weighted fusion,1,7,7,False,,,,,,
3,21,Validation-weighted fusion,1,1,1,False,,,,,,
3,22,Validation-weighted fusion,1,1,7,True,,,,,,
3,23,Validation-weighted fusion,1,1,1,False,,,,,,
3,24,Validation-weighted fusion,1,0,0,False,,,,,,
3,25,Validation-weighted fusion,1,7,7,False,,,,,,
3,26,Validation-weighted fusion,1,1,1,False,,,,,,
3,27,Validation-weighted fusion,1,1,1,False,,,,,,
3,28,Validation-weighted fusion,1,1,1,False,,,,,,
3,29,Validation-weighted fusion,1,7,7,False,,,,,,
3,30,Validation-weighted fusion,2,2,2,False,,,,,,
3,31,Validation-weighted fusion,2,2,2,False,,,,,,
3,32,Validation-weighted fusion,2,2,2,False,,,,,,
3,33,Validation-weighted fusion,2,2,2,False,,,,,,
3,34,Validation-weighted fusion,2,2,2,False,,,,,,
3,35,Validation-weighted fusion,2,2,2,False,,,,,,
3,36,Validation-weighted fusion,2,2,2,False,,,,,,
3,37,Validation-weighted fusion,2,2,2,False,,,,,,
3,38,Validation-weighted fusion,2,2,2,False,,,,,,
3,39,Validation-weighted fusion,2,4,2,True,,,,,,
3,40,Validation-weighted fusion,3,3,3,False,,,,,,
3,41,Validation-weighted fusion,3,3,3,False,,,,,,
3,42,Validation-weighted fusion,3,3,3,False,,,,,,
3,43,Validation-weighted fusion,3,3,3,False,,,,,,
3,44,Validation-weighted fusion,3,3,3,False,,,,,,
3,45,Validation-weighted fusion,3,3,3,False,,,,,,
3,46,Validation-weighted fusion,3,3,3,False,,,,,,
3,47,Validation-weighted fusion,3,3,3,False,,,,,,
3,48,Validation-weighted fusion,3,3,3,False,,,,,,
3,49,Validation-weighted fusion,3,3,3,False,,,,,,
3,50,Validation-weighted fusion,4,4,4,False,,,,,,
3,51,Validation-weighted fusion,4,4,4,False,,,,,,
3,52,Validation-weighted fusion,4,4,4,False,,,,,,
3,53,Validation-weighted fusion,4,4,4,False,,,,,,
3,54,Validation-weighted fusion,4,4,4,False,,,,,,
3,55,Validation-weighted fusion,4,4,4,False,,,,,,
3,56,Validation-weighted fusion,4,4,4,False,,,,,,
3,57,Validation-weighted fusion,4,10,10,False,,,,,,
3,58,Validation-weighted fusion,4,4,4,False,,,,,,
3,59,Validation-weighted fusion,4,4,4,False,,,,,,
3,60,Validation-weighted fusion,5,5,5,False,,,,,,
3,61,Validation-weighted fusion,5,5,5,False,,,,,,
3,62,Validation-weighted fusion,5,5,5,False,,,,,,
3,63,Validation-weighted fusion,5,5,5,False,,,,,,
3,64,Validation-weighted fusion,5,5,5,False,,,,,,
3,65,Validation-weighted fusion,5,5,5,False,,,,,,
3,66,Validation-weighted fusion,5,5,5,False,,,,,,
3,67,Validation-weighted fusion,5,0,0,False,,,,,,
3,68,Validation-weighted fusion,5,5,5,False,,,,,,
3,69,Validation-weighted fusion,5,5,5,False,,,,,,
3,70,Validation-weighted fusion,6,6,6,False,,,,,,
3,71,Validation-weighted fusion,6,6,6,False,,,,,,
3,72,Validation-weighted fusion,6,6,6,False,,,,,,
3,73,Validation-weighted fusion,6,6,6,False,,,,,,
3,74,Validation-weighted fusion,6,6,6,False,,,,,,
3,75,Validation-weighted fusion,6,6,6,False,,,,,,
3,76,Validation-weighted fusion,6,6,6,False,,,,,,
3,77,Validation-weighted fusion,6,6,6,False,,,,,,
3,78,Validation-weighted fusion,6,6,0,True,,,,,,
3,79,Validation-weighted fusion,6,6,6,False,,,,,,
3,80,Validation-weighted fusion,7,7,7,False,,,,,,
3,81,Validation-weighted fusion,7,7,7,False,,,,,,
3,82,Validation-weighted fusion,7,7,7,False,,,,,,
3,83,Validation-weighted fusion,7,7,7,False,,,,,,
3,84,Validation-weighted fusion,7,7,7,False,,,,,,
3,85,Validation-weighted fusion,7,7,7,False,,,,,,
3,86,Validation-weighted fusion,7,7,7,False,,,,,,
3,87,Validation-weighted fusion,7,7,7,False,,,,,,
3,88,Validation-weighted fusion,7,7,7,False,,,,,,
3,89,Validation-weighted fusion,7,7,7,False,,,,,,
3,90,Validation-weighted fusion,8,8,8,False,,,,,,
3,91,Validation-weighted fusion,8,8,8,False,,,,,,
3,92,Validation-weighted fusion,8,8,8,False,,,,,,
3,93,Validation-weighted fusion,8,8,8,False,,,,,,
3,94,Validation-weighted fusion,8,8,8,False,,,,,,
3,95,Validation-weighted fusion,8,8,8,False,,,,,,
3,96,Validation-weighted fusion,8,8,8,False,,,,,,
3,97,Validation-weighted fusion,8,8,8,False,,,,,,
3,98,Validation-weighted fusion,8,8,8,False,,,,,,
3,99,Validation-weighted fusion,8,8,8,False,,,,,,
3,100,Validation-weighted fusion,9,9,9,False,,,,,,
3,101,Validation-weighted fusion,9,8,8,False,,,,,,
3,102,Validation-weighted fusion,9,9,9,False,,,,,,
3,103,Validation-weighted fusion,9,9,9,False,,,,,,
3,104,Validation-weighted fusion,9,8,8,False,,,,,,
3,105,Validation-weighted fusion,9,9,9,False,,,,,,
3,106,Validation-weighted fusion,9,9,9,False,,,,,,
3,107,Validation-weighted fusion,9,8,8,False,,,,,,
3,108,Validation-weighted fusion,9,9,9,False,,,,,,
3,109,Validation-weighted fusion,9,9,9,False,,,,,,
3,22,Validation-weighted fusion audit disagreement,1,1,7,True,1.0,7.0,0.8378250002861023,0.8950978517532349,0.6903499364852905,0.790947675704956
3,39,Validation-weighted fusion audit disagreement,2,4,2,True,4.0,2.0,0.9618029594421387,0.9838730096817017,0.9257628321647644,0.9722763299942017
3,78,Validation-weighted fusion audit disagreement,6,6,0,True,6.0,0.0,0.9265673756599426,0.9913412928581238,0.8709359169006348,0.987498939037323
3,0,Maximum-confidence selection,0,1,1,False,,,,,,
3,1,Maximum-confidence selection,0,1,1,False,,,,,,
3,2,Maximum-confidence selection,0,0,0,False,,,,,,
3,3,Maximum-confidence selection,0,7,7,False,,,,,,
3,4,Maximum-confidence selection,0,7,7,False,,,,,,
3,5,Maximum-confidence selection,0,0,0,False,,,,,,
3,6,Maximum-confidence selection,0,7,7,False,,,,,,
3,7,Maximum-confidence selection,0,0,0,False,,,,,,
3,8,Maximum-confidence selection,0,7,7,False,,,,,,
3,9,Maximum-confidence selection,0,0,0,False,,,,,,
3,10,Maximum-confidence selection,10,10,10,False,,,,,,
3,11,Maximum-confidence selection,10,10,10,False,,,,,,
3,12,Maximum-confidence selection,10,10,10,False,,,,,,
3,13,Maximum-confidence selection,10,10,10,False,,,,,,
3,14,Maximum-confidence selection,10,10,10,False,,,,,,
3,15,Maximum-confidence selection,10,10,10,False,,,,,,
3,16,Maximum-confidence selection,10,10,10,False,,,,,,
3,17,Maximum-confidence selection,10,10,10,False,,,,,,
3,18,Maximum-confidence selection,10,10,10,False,,,,,,
3,19,Maximum-confidence selection,10,10,10,False,,,,,,
3,20,Maximum-confidence selection,1,7,7,False,,,,,,
3,21,Maximum-confidence selection,1,1,1,False,,,,,,
3,22,Maximum-confidence selection,1,7,7,False,,,,,,
3,23,Maximum-confidence selection,1,1,1,False,,,,,,
3,24,Maximum-confidence selection,1,0,0,False,,,,,,
3,25,Maximum-confidence selection,1,7,7,False,,,,,,
3,26,Maximum-confidence selection,1,1,1,False,,,,,,
3,27,Maximum-confidence selection,1,1,1,False,,,,,,
3,28,Maximum-confidence selection,1,1,1,False,,,,,,
3,29,Maximum-confidence selection,1,7,7,False,,,,,,
3,30,Maximum-confidence selection,2,2,2,False,,,,,,
3,31,Maximum-confidence selection,2,2,2,False,,,,,,
3,32,Maximum-confidence selection,2,2,2,False,,,,,,
3,33,Maximum-confidence selection,2,2,2,False,,,,,,
3,34,Maximum-confidence selection,2,2,2,False,,,,,,
3,35,Maximum-confidence selection,2,2,2,False,,,,,,
3,36,Maximum-confidence selection,2,2,2,False,,,,,,
3,37,Maximum-confidence selection,2,2,2,False,,,,,,
3,38,Maximum-confidence selection,2,2,2,False,,,,,,
3,39,Maximum-confidence selection,2,2,2,False,,,,,,
3,40,Maximum-confidence selection,3,3,3,False,,,,,,
3,41,Maximum-confidence selection,3,3,3,False,,,,,,
3,42,Maximum-confidence selection,3,3,3,False,,,,,,
3,43,Maximum-confidence selection,3,3,3,False,,,,,,
3,44,Maximum-confidence selection,3,3,3,False,,,,,,
3,45,Maximum-confidence selection,3,3,3,False,,,,,,
3,46,Maximum-confidence selection,3,3,3,False,,,,,,
3,47,Maximum-confidence selection,3,3,3,False,,,,,,
3,48,Maximum-confidence selection,3,3,3,False,,,,,,
3,49,Maximum-confidence selection,3,3,3,False,,,,,,
3,50,Maximum-confidence selection,4,4,4,False,,,,,,
3,51,Maximum-confidence selection,4,4,4,False,,,,,,
3,52,Maximum-confidence selection,4,4,4,False,,,,,,
3,53,Maximum-confidence selection,4,4,4,False,,,,,,
3,54,Maximum-confidence selection,4,4,4,False,,,,,,
3,55,Maximum-confidence selection,4,4,4,False,,,,,,
3,56,Maximum-confidence selection,4,4,4,False,,,,,,
3,57,Maximum-confidence selection,4,10,10,False,,,,,,
3,58,Maximum-confidence selection,4,4,4,False,,,,,,
3,59,Maximum-confidence selection,4,4,4,False,,,,,,
3,60,Maximum-confidence selection,5,5,5,False,,,,,,
3,61,Maximum-confidence selection,5,5,5,False,,,,,,
3,62,Maximum-confidence selection,5,5,5,False,,,,,,
3,63,Maximum-confidence selection,5,5,5,False,,,,,,
3,64,Maximum-confidence selection,5,5,5,False,,,,,,
3,65,Maximum-confidence selection,5,5,5,False,,,,,,
3,66,Maximum-confidence selection,5,5,5,False,,,,,,
3,67,Maximum-confidence selection,5,0,0,False,,,,,,
3,68,Maximum-confidence selection,5,5,5,False,,,,,,
3,69,Maximum-confidence selection,5,5,5,False,,,,,,
3,70,Maximum-confidence selection,6,6,6,False,,,,,,
3,71,Maximum-confidence selection,6,6,6,False,,,,,,
3,72,Maximum-confidence selection,6,6,6,False,,,,,,
3,73,Maximum-confidence selection,6,6,6,False,,,,,,
3,74,Maximum-confidence selection,6,6,6,False,,,,,,
3,75,Maximum-confidence selection,6,6,6,False,,,,,,
3,76,Maximum-confidence selection,6,6,6,False,,,,,,
3,77,Maximum-confidence selection,6,6,6,False,,,,,,
3,78,Maximum-confidence selection,6,0,0,False,,,,,,
3,79,Maximum-confidence selection,6,6,6,False,,,,,,
3,80,Maximum-confidence selection,7,7,7,False,,,,,,
3,81,Maximum-confidence selection,7,7,7,False,,,,,,
3,82,Maximum-confidence selection,7,7,7,False,,,,,,
3,83,Maximum-confidence selection,7,7,7,False,,,,,,
3,84,Maximum-confidence selection,7,7,7,False,,,,,,
3,85,Maximum-confidence selection,7,7,7,False,,,,,,
3,86,Maximum-confidence selection,7,7,7,False,,,,,,
3,87,Maximum-confidence selection,7,7,7,False,,,,,,
3,88,Maximum-confidence selection,7,7,7,False,,,,,,
3,89,Maximum-confidence selection,7,7,7,False,,,,,,
3,90,Maximum-confidence selection,8,8,8,False,,,,,,
3,91,Maximum-confidence selection,8,8,8,False,,,,,,
3,92,Maximum-confidence selection,8,8,8,False,,,,,,
3,93,Maximum-confidence selection,8,8,8,False,,,,,,
3,94,Maximum-confidence selection,8,8,8,False,,,,,,
3,95,Maximum-confidence selection,8,8,8,False,,,,,,
3,96,Maximum-confidence selection,8,8,8,False,,,,,,
3,97,Maximum-confidence selection,8,8,8,False,,,,,,
3,98,Maximum-confidence selection,8,8,8,False,,,,,,
3,99,Maximum-confidence selection,8,8,8,False,,,,,,
3,100,Maximum-confidence selection,9,9,9,False,,,,,,
3,101,Maximum-confidence selection,9,8,8,False,,,,,,
3,102,Maximum-confidence selection,9,9,9,False,,,,,,
3,103,Maximum-confidence selection,9,9,9,False,,,,,,
3,104,Maximum-confidence selection,9,8,8,False,,,,,,
3,105,Maximum-confidence selection,9,9,9,False,,,,,,
3,106,Maximum-confidence selection,9,9,9,False,,,,,,
3,107,Maximum-confidence selection,9,8,8,False,,,,,,
3,108,Maximum-confidence selection,9,9,9,False,,,,,,
3,109,Maximum-confidence selection,9,9,9,False,,,,,,
3,0,Margin-only selection,0,1,1,False,,,,,,
3,1,Margin-only selection,0,1,1,False,,,,,,
3,2,Margin-only selection,0,0,0,False,,,,,,
3,3,Margin-only selection,0,7,7,False,,,,,,
3,4,Margin-only selection,0,7,7,False,,,,,,
3,5,Margin-only selection,0,0,0,False,,,,,,
3,6,Margin-only selection,0,7,7,False,,,,,,
3,7,Margin-only selection,0,0,0,False,,,,,,
3,8,Margin-only selection,0,7,7,False,,,,,,
3,9,Margin-only selection,0,0,0,False,,,,,,
3,10,Margin-only selection,10,10,10,False,,,,,,
3,11,Margin-only selection,10,10,10,False,,,,,,
3,12,Margin-only selection,10,10,10,False,,,,,,
3,13,Margin-only selection,10,10,10,False,,,,,,
3,14,Margin-only selection,10,10,10,False,,,,,,
3,15,Margin-only selection,10,10,10,False,,,,,,
3,16,Margin-only selection,10,10,10,False,,,,,,
3,17,Margin-only selection,10,10,10,False,,,,,,
3,18,Margin-only selection,10,10,10,False,,,,,,
3,19,Margin-only selection,10,10,10,False,,,,,,
3,20,Margin-only selection,1,7,7,False,,,,,,
3,21,Margin-only selection,1,1,1,False,,,,,,
3,22,Margin-only selection,1,7,7,False,,,,,,
3,23,Margin-only selection,1,1,1,False,,,,,,
3,24,Margin-only selection,1,0,0,False,,,,,,
3,25,Margin-only selection,1,7,7,False,,,,,,
3,26,Margin-only selection,1,1,1,False,,,,,,
3,27,Margin-only selection,1,1,1,False,,,,,,
3,28,Margin-only selection,1,1,1,False,,,,,,
3,29,Margin-only selection,1,7,7,False,,,,,,
3,30,Margin-only selection,2,2,2,False,,,,,,
3,31,Margin-only selection,2,2,2,False,,,,,,
3,32,Margin-only selection,2,2,2,False,,,,,,
3,33,Margin-only selection,2,2,2,False,,,,,,
3,34,Margin-only selection,2,2,2,False,,,,,,
3,35,Margin-only selection,2,2,2,False,,,,,,
3,36,Margin-only selection,2,2,2,False,,,,,,
3,37,Margin-only selection,2,2,2,False,,,,,,
3,38,Margin-only selection,2,2,2,False,,,,,,
3,39,Margin-only selection,2,2,2,False,,,,,,
3,40,Margin-only selection,3,3,3,False,,,,,,
3,41,Margin-only selection,3,3,3,False,,,,,,
3,42,Margin-only selection,3,3,3,False,,,,,,
3,43,Margin-only selection,3,3,3,False,,,,,,
3,44,Margin-only selection,3,3,3,False,,,,,,
3,45,Margin-only selection,3,3,3,False,,,,,,
3,46,Margin-only selection,3,3,3,False,,,,,,
3,47,Margin-only selection,3,3,3,False,,,,,,
3,48,Margin-only selection,3,3,3,False,,,,,,
3,49,Margin-only selection,3,3,3,False,,,,,,
3,50,Margin-only selection,4,4,4,False,,,,,,
3,51,Margin-only selection,4,4,4,False,,,,,,
3,52,Margin-only selection,4,4,4,False,,,,,,
3,53,Margin-only selection,4,4,4,False,,,,,,
3,54,Margin-only selection,4,4,4,False,,,,,,
3,55,Margin-only selection,4,4,4,False,,,,,,
3,56,Margin-only selection,4,4,4,False,,,,,,
3,57,Margin-only selection,4,10,10,False,,,,,,
3,58,Margin-only selection,4,4,4,False,,,,,,
3,59,Margin-only selection,4,4,4,False,,,,,,
3,60,Margin-only selection,5,5,5,False,,,,,,
3,61,Margin-only selection,5,5,5,False,,,,,,
3,62,Margin-only selection,5,5,5,False,,,,,,
3,63,Margin-only selection,5,5,5,False,,,,,,
3,64,Margin-only selection,5,5,5,False,,,,,,
3,65,Margin-only selection,5,5,5,False,,,,,,
3,66,Margin-only selection,5,5,5,False,,,,,,
3,67,Margin-only selection,5,0,0,False,,,,,,
3,68,Margin-only selection,5,5,5,False,,,,,,
3,69,Margin-only selection,5,5,5,False,,,,,,
3,70,Margin-only selection,6,6,6,False,,,,,,
3,71,Margin-only selection,6,6,6,False,,,,,,
3,72,Margin-only selection,6,6,6,False,,,,,,
3,73,Margin-only selection,6,6,6,False,,,,,,
3,74,Margin-only selection,6,6,6,False,,,,,,
3,75,Margin-only selection,6,6,6,False,,,,,,
3,76,Margin-only selection,6,6,6,False,,,,,,
3,77,Margin-only selection,6,6,6,False,,,,,,
3,78,Margin-only selection,6,0,0,False,,,,,,
3,79,Margin-only selection,6,6,6,False,,,,,,
3,80,Margin-only selection,7,7,7,False,,,,,,
3,81,Margin-only selection,7,7,7,False,,,,,,
3,82,Margin-only selection,7,7,7,False,,,,,,
3,83,Margin-only selection,7,7,7,False,,,,,,
3,84,Margin-only selection,7,7,7,False,,,,,,
3,85,Margin-only selection,7,7,7,False,,,,,,
3,86,Margin-only selection,7,7,7,False,,,,,,
3,87,Margin-only selection,7,7,7,False,,,,,,
3,88,Margin-only selection,7,7,7,False,,,,,,
3,89,Margin-only selection,7,7,7,False,,,,,,
3,90,Margin-only selection,8,8,8,False,,,,,,
3,91,Margin-only selection,8,8,8,False,,,,,,
3,92,Margin-only selection,8,8,8,False,,,,,,
3,93,Margin-only selection,8,8,8,False,,,,,,
3,94,Margin-only selection,8,8,8,False,,,,,,
3,95,Margin-only selection,8,8,8,False,,,,,,
3,96,Margin-only selection,8,8,8,False,,,,,,
3,97,Margin-only selection,8,8,8,False,,,,,,
3,98,Margin-only selection,8,8,8,False,,,,,,
3,99,Margin-only selection,8,8,8,False,,,,,,
3,100,Margin-only selection,9,9,9,False,,,,,,
3,101,Margin-only selection,9,8,8,False,,,,,,
3,102,Margin-only selection,9,9,9,False,,,,,,
3,103,Margin-only selection,9,9,9,False,,,,,,
3,104,Margin-only selection,9,8,8,False,,,,,,
3,105,Margin-only selection,9,9,9,False,,,,,,
3,106,Margin-only selection,9,9,9,False,,,,,,
3,107,Margin-only selection,9,8,8,False,,,,,,
3,108,Margin-only selection,9,9,9,False,,,,,,
3,109,Margin-only selection,9,9,9,False,,,,,,
3,0,Logistic stacking,0,1,1,False,,,,,,
3,1,Logistic stacking,0,1,1,False,,,,,,
3,2,Logistic stacking,0,0,0,False,,,,,,
3,3,Logistic stacking,0,7,7,False,,,,,,
3,4,Logistic stacking,0,7,7,False,,,,,,
3,5,Logistic stacking,0,0,0,False,,,,,,
3,6,Logistic stacking,0,7,7,False,,,,,,
3,7,Logistic stacking,0,0,0,False,,,,,,
3,8,Logistic stacking,0,7,7,False,,,,,,
3,9,Logistic stacking,0,0,0,False,,,,,,
3,10,Logistic stacking,10,10,10,False,,,,,,
3,11,Logistic stacking,10,10,10,False,,,,,,
3,12,Logistic stacking,10,10,10,False,,,,,,
3,13,Logistic stacking,10,10,10,False,,,,,,
3,14,Logistic stacking,10,10,10,False,,,,,,
3,15,Logistic stacking,10,10,10,False,,,,,,
3,16,Logistic stacking,10,10,10,False,,,,,,
3,17,Logistic stacking,10,10,10,False,,,,,,
3,18,Logistic stacking,10,10,10,False,,,,,,
3,19,Logistic stacking,10,10,10,False,,,,,,
3,20,Logistic stacking,1,7,7,False,,,,,,
3,21,Logistic stacking,1,1,1,False,,,,,,
3,22,Logistic stacking,1,7,7,False,,,,,,
3,23,Logistic stacking,1,1,1,False,,,,,,
3,24,Logistic stacking,1,0,0,False,,,,,,
3,25,Logistic stacking,1,7,7,False,,,,,,
3,26,Logistic stacking,1,1,1,False,,,,,,
3,27,Logistic stacking,1,1,1,False,,,,,,
3,28,Logistic stacking,1,1,1,False,,,,,,
3,29,Logistic stacking,1,7,7,False,,,,,,
3,30,Logistic stacking,2,2,2,False,,,,,,
3,31,Logistic stacking,2,2,2,False,,,,,,
3,32,Logistic stacking,2,2,2,False,,,,,,
3,33,Logistic stacking,2,2,2,False,,,,,,
3,34,Logistic stacking,2,2,2,False,,,,,,
3,35,Logistic stacking,2,2,2,False,,,,,,
3,36,Logistic stacking,2,2,2,False,,,,,,
3,37,Logistic stacking,2,2,2,False,,,,,,
3,38,Logistic stacking,2,2,2,False,,,,,,
3,39,Logistic stacking,2,4,2,True,,,,,,
3,40,Logistic stacking,3,3,3,False,,,,,,
3,41,Logistic stacking,3,3,3,False,,,,,,
3,42,Logistic stacking,3,3,3,False,,,,,,
3,43,Logistic stacking,3,3,3,False,,,,,,
3,44,Logistic stacking,3,3,3,False,,,,,,
3,45,Logistic stacking,3,3,3,False,,,,,,
3,46,Logistic stacking,3,3,3,False,,,,,,
3,47,Logistic stacking,3,3,3,False,,,,,,
3,48,Logistic stacking,3,3,3,False,,,,,,
3,49,Logistic stacking,3,3,3,False,,,,,,
3,50,Logistic stacking,4,4,4,False,,,,,,
3,51,Logistic stacking,4,4,4,False,,,,,,
3,52,Logistic stacking,4,4,4,False,,,,,,
3,53,Logistic stacking,4,4,4,False,,,,,,
3,54,Logistic stacking,4,4,4,False,,,,,,
3,55,Logistic stacking,4,4,4,False,,,,,,
3,56,Logistic stacking,4,4,4,False,,,,,,
3,57,Logistic stacking,4,10,10,False,,,,,,
3,58,Logistic stacking,4,4,4,False,,,,,,
3,59,Logistic stacking,4,4,4,False,,,,,,
3,60,Logistic stacking,5,5,5,False,,,,,,
3,61,Logistic stacking,5,5,5,False,,,,,,
3,62,Logistic stacking,5,5,5,False,,,,,,
3,63,Logistic stacking,5,5,5,False,,,,,,
3,64,Logistic stacking,5,5,5,False,,,,,,
3,65,Logistic stacking,5,5,5,False,,,,,,
3,66,Logistic stacking,5,5,5,False,,,,,,
3,67,Logistic stacking,5,0,0,False,,,,,,
3,68,Logistic stacking,5,5,5,False,,,,,,
3,69,Logistic stacking,5,5,5,False,,,,,,
3,70,Logistic stacking,6,6,6,False,,,,,,
3,71,Logistic stacking,6,6,6,False,,,,,,
3,72,Logistic stacking,6,6,6,False,,,,,,
3,73,Logistic stacking,6,6,6,False,,,,,,
3,74,Logistic stacking,6,6,6,False,,,,,,
3,75,Logistic stacking,6,6,6,False,,,,,,
3,76,Logistic stacking,6,6,6,False,,,,,,
3,77,Logistic stacking,6,6,6,False,,,,,,
3,78,Logistic stacking,6,0,0,False,,,,,,
3,79,Logistic stacking,6,6,6,False,,,,,,
3,80,Logistic stacking,7,7,7,False,,,,,,
3,81,Logistic stacking,7,7,7,False,,,,,,
3,82,Logistic stacking,7,7,7,False,,,,,,
3,83,Logistic stacking,7,7,7,False,,,,,,
3,84,Logistic stacking,7,7,7,False,,,,,,
3,85,Logistic stacking,7,7,7,False,,,,,,
3,86,Logistic stacking,7,7,7,False,,,,,,
3,87,Logistic stacking,7,7,7,False,,,,,,
3,88,Logistic stacking,7,7,7,False,,,,,,
3,89,Logistic stacking,7,7,7,False,,,,,,
3,90,Logistic stacking,8,8,8,False,,,,,,
3,91,Logistic stacking,8,8,8,False,,,,,,
3,92,Logistic stacking,8,8,8,False,,,,,,
3,93,Logistic stacking,8,8,8,False,,,,,,
3,94,Logistic stacking,8,8,8,False,,,,,,
3,95,Logistic stacking,8,8,8,False,,,,,,
3,96,Logistic stacking,8,8,8,False,,,,,,
3,97,Logistic stacking,8,8,8,False,,,,,,
3,98,Logistic stacking,8,8,8,False,,,,,,
3,99,Logistic stacking,8,8,8,False,,,,,,
3,100,Logistic stacking,9,9,9,False,,,,,,
3,101,Logistic stacking,9,8,8,False,,,,,,
3,102,Logistic stacking,9,9,9,False,,,,,,
3,103,Logistic stacking,9,9,9,False,,,,,,
3,104,Logistic stacking,9,8,8,False,,,,,,
3,105,Logistic stacking,9,9,9,False,,,,,,
3,106,Logistic stacking,9,9,9,False,,,,,,
3,107,Logistic stacking,9,8,8,False,,,,,,
3,108,Logistic stacking,9,9,9,False,,,,,,
3,109,Logistic stacking,9,9,9,False,,,,,,
3,39,Logistic stacking audit disagreement,2,4,2,True,4.0,2.0,0.9618029594421387,0.9838730096817017,0.9257628321647644,0.9722763299942017
3,0,Parameter-weighted probability mixture,0,1,1,False,,,,,,
3,1,Parameter-weighted probability mixture,0,1,1,False,,,,,,
3,2,Parameter-weighted probability mixture,0,0,0,False,,,,,,
3,3,Parameter-weighted probability mixture,0,7,7,False,,,,,,
3,4,Parameter-weighted probability mixture,0,7,7,False,,,,,,
3,5,Parameter-weighted probability mixture,0,0,0,False,,,,,,
3,6,Parameter-weighted probability mixture,0,7,7,False,,,,,,
3,7,Parameter-weighted probability mixture,0,0,0,False,,,,,,
3,8,Parameter-weighted probability mixture,0,7,7,False,,,,,,
3,9,Parameter-weighted probability mixture,0,0,0,False,,,,,,
3,10,Parameter-weighted probability mixture,10,10,10,False,,,,,,
3,11,Parameter-weighted probability mixture,10,10,10,False,,,,,,
3,12,Parameter-weighted probability mixture,10,10,10,False,,,,,,
3,13,Parameter-weighted probability mixture,10,10,10,False,,,,,,
3,14,Parameter-weighted probability mixture,10,10,10,False,,,,,,
3,15,Parameter-weighted probability mixture,10,10,10,False,,,,,,
3,16,Parameter-weighted probability mixture,10,10,10,False,,,,,,
3,17,Parameter-weighted probability mixture,10,10,10,False,,,,,,
3,18,Parameter-weighted probability mixture,10,10,10,False,,,,,,
3,19,Parameter-weighted probability mixture,10,10,10,False,,,,,,
3,20,Parameter-weighted probability mixture,1,7,7,False,,,,,,
3,21,Parameter-weighted probability mixture,1,1,1,False,,,,,,
3,22,Parameter-weighted probability mixture,1,7,7,False,,,,,,
3,23,Parameter-weighted probability mixture,1,1,1,False,,,,,,
3,24,Parameter-weighted probability mixture,1,0,0,False,,,,,,
3,25,Parameter-weighted probability mixture,1,7,7,False,,,,,,
3,26,Parameter-weighted probability mixture,1,1,1,False,,,,,,
3,27,Parameter-weighted probability mixture,1,1,1,False,,,,,,
3,28,Parameter-weighted probability mixture,1,1,1,False,,,,,,
3,29,Parameter-weighted probability mixture,1,7,7,False,,,,,,
3,30,Parameter-weighted probability mixture,2,2,2,False,,,,,,
3,31,Parameter-weighted probability mixture,2,2,2,False,,,,,,
3,32,Parameter-weighted probability mixture,2,2,2,False,,,,,,
3,33,Parameter-weighted probability mixture,2,2,2,False,,,,,,
3,34,Parameter-weighted probability mixture,2,2,2,False,,,,,,
3,35,Parameter-weighted probability mixture,2,2,2,False,,,,,,
3,36,Parameter-weighted probability mixture,2,2,2,False,,,,,,
3,37,Parameter-weighted probability mixture,2,2,2,False,,,,,,
3,38,Parameter-weighted probability mixture,2,2,2,False,,,,,,
3,39,Parameter-weighted probability mixture,2,4,2,True,,,,,,
3,40,Parameter-weighted probability mixture,3,3,3,False,,,,,,
3,41,Parameter-weighted probability mixture,3,3,3,False,,,,,,
3,42,Parameter-weighted probability mixture,3,3,3,False,,,,,,
3,43,Parameter-weighted probability mixture,3,3,3,False,,,,,,
3,44,Parameter-weighted probability mixture,3,3,3,False,,,,,,
3,45,Parameter-weighted probability mixture,3,3,3,False,,,,,,
3,46,Parameter-weighted probability mixture,3,3,3,False,,,,,,
3,47,Parameter-weighted probability mixture,3,3,3,False,,,,,,
3,48,Parameter-weighted probability mixture,3,3,3,False,,,,,,
3,49,Parameter-weighted probability mixture,3,3,3,False,,,,,,
3,50,Parameter-weighted probability mixture,4,4,4,False,,,,,,
3,51,Parameter-weighted probability mixture,4,4,4,False,,,,,,
3,52,Parameter-weighted probability mixture,4,4,4,False,,,,,,
3,53,Parameter-weighted probability mixture,4,4,4,False,,,,,,
3,54,Parameter-weighted probability mixture,4,4,4,False,,,,,,
3,55,Parameter-weighted probability mixture,4,4,4,False,,,,,,
3,56,Parameter-weighted probability mixture,4,4,4,False,,,,,,
3,57,Parameter-weighted probability mixture,4,10,10,False,,,,,,
3,58,Parameter-weighted probability mixture,4,4,4,False,,,,,,
3,59,Parameter-weighted probability mixture,4,4,4,False,,,,,,
3,60,Parameter-weighted probability mixture,5,5,5,False,,,,,,
3,61,Parameter-weighted probability mixture,5,5,5,False,,,,,,
3,62,Parameter-weighted probability mixture,5,5,5,False,,,,,,
3,63,Parameter-weighted probability mixture,5,5,5,False,,,,,,
3,64,Parameter-weighted probability mixture,5,5,5,False,,,,,,
3,65,Parameter-weighted probability mixture,5,5,5,False,,,,,,
3,66,Parameter-weighted probability mixture,5,5,5,False,,,,,,
3,67,Parameter-weighted probability mixture,5,0,0,False,,,,,,
3,68,Parameter-weighted probability mixture,5,5,5,False,,,,,,
3,69,Parameter-weighted probability mixture,5,5,5,False,,,,,,
3,70,Parameter-weighted probability mixture,6,6,6,False,,,,,,
3,71,Parameter-weighted probability mixture,6,6,6,False,,,,,,
3,72,Parameter-weighted probability mixture,6,6,6,False,,,,,,
3,73,Parameter-weighted probability mixture,6,6,6,False,,,,,,
3,74,Parameter-weighted probability mixture,6,6,6,False,,,,,,
3,75,Parameter-weighted probability mixture,6,6,6,False,,,,,,
3,76,Parameter-weighted probability mixture,6,6,6,False,,,,,,
3,77,Parameter-weighted probability mixture,6,6,6,False,,,,,,
3,78,Parameter-weighted probability mixture,6,0,0,False,,,,,,
3,79,Parameter-weighted probability mixture,6,6,6,False,,,,,,
3,80,Parameter-weighted probability mixture,7,7,7,False,,,,,,
3,81,Parameter-weighted probability mixture,7,7,7,False,,,,,,
3,82,Parameter-weighted probability mixture,7,7,7,False,,,,,,
3,83,Parameter-weighted probability mixture,7,7,7,False,,,,,,
3,84,Parameter-weighted probability mixture,7,7,7,False,,,,,,
3,85,Parameter-weighted probability mixture,7,7,7,False,,,,,,
3,86,Parameter-weighted probability mixture,7,7,7,False,,,,,,
3,87,Parameter-weighted probability mixture,7,7,7,False,,,,,,
3,88,Parameter-weighted probability mixture,7,7,7,False,,,,,,
3,89,Parameter-weighted probability mixture,7,7,7,False,,,,,,
3,90,Parameter-weighted probability mixture,8,8,8,False,,,,,,
3,91,Parameter-weighted probability mixture,8,8,8,False,,,,,,
3,92,Parameter-weighted probability mixture,8,8,8,False,,,,,,
3,93,Parameter-weighted probability mixture,8,8,8,False,,,,,,
3,94,Parameter-weighted probability mixture,8,8,8,False,,,,,,
3,95,Parameter-weighted probability mixture,8,8,8,False,,,,,,
3,96,Parameter-weighted probability mixture,8,8,8,False,,,,,,
3,97,Parameter-weighted probability mixture,8,8,8,False,,,,,,
3,98,Parameter-weighted probability mixture,8,8,8,False,,,,,,
3,99,Parameter-weighted probability mixture,8,8,8,False,,,,,,
3,100,Parameter-weighted probability mixture,9,9,9,False,,,,,,
3,101,Parameter-weighted probability mixture,9,8,8,False,,,,,,
3,102,Parameter-weighted probability mixture,9,9,9,False,,,,,,
3,103,Parameter-weighted probability mixture,9,9,9,False,,,,,,
3,104,Parameter-weighted probability mixture,9,8,8,False,,,,,,
3,105,Parameter-weighted probability mixture,9,9,9,False,,,,,,
3,106,Parameter-weighted probability mixture,9,9,9,False,,,,,,
3,107,Parameter-weighted probability mixture,9,8,8,False,,,,,,
3,108,Parameter-weighted probability mixture,9,9,9,False,,,,,,
3,109,Parameter-weighted probability mixture,9,9,9,False,,,,,,
3,39,Parameter-weighted probability mixture audit disagreement,2,4,2,True,4.0,2.0,0.9618029594421387,0.9838730096817017,0.9257628321647644,0.9722763299942017
4,0,Confidence-gated rule,0,6,6,False,,,,,,
4,1,Confidence-gated rule,0,6,6,False,,,,,,
4,2,Confidence-gated rule,0,5,5,False,,,,,,
4,3,Confidence-gated rule,0,0,0,False,,,,,,
4,4,Confidence-gated rule,0,6,6,False,,,,,,
4,5,Confidence-gated rule,0,0,0,False,,,,,,
4,6,Confidence-gated rule,0,6,6,False,,,,,,
4,7,Confidence-gated rule,0,6,6,False,,,,,,
4,8,Confidence-gated rule,0,0,0,False,,,,,,
4,9,Confidence-gated rule,0,0,0,False,,,,,,
4,10,Confidence-gated rule,10,10,10,False,,,,,,
4,11,Confidence-gated rule,10,10,10,False,,,,,,
4,12,Confidence-gated rule,10,10,10,False,,,,,,
4,13,Confidence-gated rule,10,10,10,False,,,,,,
4,14,Confidence-gated rule,10,10,10,False,,,,,,
4,15,Confidence-gated rule,10,10,10,False,,,,,,
4,16,Confidence-gated rule,10,10,10,False,,,,,,
4,17,Confidence-gated rule,10,10,10,False,,,,,,
4,18,Confidence-gated rule,10,10,10,False,,,,,,
4,19,Confidence-gated rule,10,10,10,False,,,,,,
4,20,Confidence-gated rule,1,1,1,False,,,,,,
4,21,Confidence-gated rule,1,0,0,False,,,,,,
4,22,Confidence-gated rule,1,0,0,False,,,,,,
4,23,Confidence-gated rule,1,0,0,False,,,,,,
4,24,Confidence-gated rule,1,1,1,False,,,,,,
4,25,Confidence-gated rule,1,2,2,False,,,,,,
4,26,Confidence-gated rule,1,2,2,False,,,,,,
4,27,Confidence-gated rule,1,1,1,False,,,,,,
4,28,Confidence-gated rule,1,1,1,False,,,,,,
4,29,Confidence-gated rule,1,0,0,False,,,,,,
4,30,Confidence-gated rule,2,2,2,False,,,,,,
4,31,Confidence-gated rule,2,2,2,False,,,,,,
4,32,Confidence-gated rule,2,2,2,False,,,,,,
4,33,Confidence-gated rule,2,2,2,False,,,,,,
4,34,Confidence-gated rule,2,2,2,False,,,,,,
4,35,Confidence-gated rule,2,2,2,False,,,,,,
4,36,Confidence-gated rule,2,2,2,False,,,,,,
4,37,Confidence-gated rule,2,2,2,False,,,,,,
4,38,Confidence-gated rule,2,2,2,False,,,,,,
4,39,Confidence-gated rule,2,2,2,False,,,,,,
4,40,Confidence-gated rule,3,3,3,False,,,,,,
4,41,Confidence-gated rule,3,3,3,False,,,,,,
4,42,Confidence-gated rule,3,3,3,False,,,,,,
4,43,Confidence-gated rule,3,3,3,False,,,,,,
4,44,Confidence-gated rule,3,3,3,False,,,,,,
4,45,Confidence-gated rule,3,3,3,False,,,,,,
4,46,Confidence-gated rule,3,3,3,False,,,,,,
4,47,Confidence-gated rule,3,3,3,False,,,,,,
4,48,Confidence-gated rule,3,3,3,False,,,,,,
4,49,Confidence-gated rule,3,3,3,False,,,,,,
4,50,Confidence-gated rule,4,4,4,False,,,,,,
4,51,Confidence-gated rule,4,4,4,False,,,,,,
4,52,Confidence-gated rule,4,4,4,False,,,,,,
4,53,Confidence-gated rule,4,4,4,False,,,,,,
4,54,Confidence-gated rule,4,4,4,False,,,,,,
4,55,Confidence-gated rule,4,4,4,False,,,,,,
4,56,Confidence-gated rule,4,4,4,False,,,,,,
4,57,Confidence-gated rule,4,4,4,False,,,,,,
4,58,Confidence-gated rule,4,4,4,False,,,,,,
4,59,Confidence-gated rule,4,4,4,False,,,,,,
4,60,Confidence-gated rule,5,5,5,False,,,,,,
4,61,Confidence-gated rule,5,5,5,False,,,,,,
4,62,Confidence-gated rule,5,5,5,False,,,,,,
4,63,Confidence-gated rule,5,5,5,False,,,,,,
4,64,Confidence-gated rule,5,5,5,False,,,,,,
4,65,Confidence-gated rule,5,5,5,False,,,,,,
4,66,Confidence-gated rule,5,5,5,False,,,,,,
4,67,Confidence-gated rule,5,5,5,False,,,,,,
4,68,Confidence-gated rule,5,5,5,False,,,,,,
4,69,Confidence-gated rule,5,5,5,False,,,,,,
4,70,Confidence-gated rule,6,6,6,False,,,,,,
4,71,Confidence-gated rule,6,6,6,False,,,,,,
4,72,Confidence-gated rule,6,6,6,False,,,,,,
4,73,Confidence-gated rule,6,6,6,False,,,,,,
4,74,Confidence-gated rule,6,6,6,False,,,,,,
4,75,Confidence-gated rule,6,6,6,False,,,,,,
4,76,Confidence-gated rule,6,6,6,False,,,,,,
4,77,Confidence-gated rule,6,6,6,False,,,,,,
4,78,Confidence-gated rule,6,6,6,False,,,,,,
4,79,Confidence-gated rule,6,6,6,False,,,,,,
4,80,Confidence-gated rule,7,8,8,False,,,,,,
4,81,Confidence-gated rule,7,7,7,False,,,,,,
4,82,Confidence-gated rule,7,7,7,False,,,,,,
4,83,Confidence-gated rule,7,10,10,False,,,,,,
4,84,Confidence-gated rule,7,8,8,False,,,,,,
4,85,Confidence-gated rule,7,7,7,False,,,,,,
4,86,Confidence-gated rule,7,7,7,False,,,,,,
4,87,Confidence-gated rule,7,10,10,False,,,,,,
4,88,Confidence-gated rule,7,7,7,False,,,,,,
4,89,Confidence-gated rule,7,7,7,False,,,,,,
4,90,Confidence-gated rule,8,8,8,False,,,,,,
4,91,Confidence-gated rule,8,8,8,False,,,,,,
4,92,Confidence-gated rule,8,8,8,False,,,,,,
4,93,Confidence-gated rule,8,8,8,False,,,,,,
4,94,Confidence-gated rule,8,8,8,False,,,,,,
4,95,Confidence-gated rule,8,8,8,False,,,,,,
4,96,Confidence-gated rule,8,8,8,False,,,,,,
4,97,Confidence-gated rule,8,8,8,False,,,,,,
4,98,Confidence-gated rule,8,8,8,False,,,,,,
4,99,Confidence-gated rule,8,8,8,False,,,,,,
4,100,Confidence-gated rule,9,9,9,False,,,,,,
4,101,Confidence-gated rule,9,9,9,False,,,,,,
4,102,Confidence-gated rule,9,9,9,False,,,,,,
4,103,Confidence-gated rule,9,9,9,False,,,,,,
4,104,Confidence-gated rule,9,10,10,False,,,,,,
4,105,Confidence-gated rule,9,9,9,False,,,,,,
4,106,Confidence-gated rule,9,9,9,False,,,,,,
4,107,Confidence-gated rule,9,9,9,False,,,,,,
4,108,Confidence-gated rule,9,9,9,False,,,,,,
4,109,Confidence-gated rule,9,9,9,False,,,,,,
4,0,Calibrated probability averaging,0,6,6,False,,,,,,
4,1,Calibrated probability averaging,0,6,6,False,,,,,,
4,2,Calibrated probability averaging,0,5,5,False,,,,,,
4,3,Calibrated probability averaging,0,6,0,True,,,,,,
4,4,Calibrated probability averaging,0,6,6,False,,,,,,
4,5,Calibrated probability averaging,0,6,0,True,,,,,,
4,6,Calibrated probability averaging,0,6,6,False,,,,,,
4,7,Calibrated probability averaging,0,6,6,False,,,,,,
4,8,Calibrated probability averaging,0,6,0,True,,,,,,
4,9,Calibrated probability averaging,0,6,0,True,,,,,,
4,10,Calibrated probability averaging,10,10,10,False,,,,,,
4,11,Calibrated probability averaging,10,10,10,False,,,,,,
4,12,Calibrated probability averaging,10,10,10,False,,,,,,
4,13,Calibrated probability averaging,10,10,10,False,,,,,,
4,14,Calibrated probability averaging,10,10,10,False,,,,,,
4,15,Calibrated probability averaging,10,10,10,False,,,,,,
4,16,Calibrated probability averaging,10,10,10,False,,,,,,
4,17,Calibrated probability averaging,10,10,10,False,,,,,,
4,18,Calibrated probability averaging,10,10,10,False,,,,,,
4,19,Calibrated probability averaging,10,10,10,False,,,,,,
4,20,Calibrated probability averaging,1,1,1,False,,,,,,
4,21,Calibrated probability averaging,1,0,0,False,,,,,,
4,22,Calibrated probability averaging,1,0,0,False,,,,,,
4,23,Calibrated probability averaging,1,0,0,False,,,,,,
4,24,Calibrated probability averaging,1,0,1,True,,,,,,
4,25,Calibrated probability averaging,1,2,2,False,,,,,,
4,26,Calibrated probability averaging,1,2,2,False,,,,,,
4,27,Calibrated probability averaging,1,1,1,False,,,,,,
4,28,Calibrated probability averaging,1,2,1,True,,,,,,
4,29,Calibrated probability averaging,1,0,0,False,,,,,,
4,30,Calibrated probability averaging,2,2,2,False,,,,,,
4,31,Calibrated probability averaging,2,2,2,False,,,,,,
4,32,Calibrated probability averaging,2,2,2,False,,,,,,
4,33,Calibrated probability averaging,2,2,2,False,,,,,,
4,34,Calibrated probability averaging,2,2,2,False,,,,,,
4,35,Calibrated probability averaging,2,2,2,False,,,,,,
4,36,Calibrated probability averaging,2,2,2,False,,,,,,
4,37,Calibrated probability averaging,2,2,2,False,,,,,,
4,38,Calibrated probability averaging,2,2,2,False,,,,,,
4,39,Calibrated probability averaging,2,2,2,False,,,,,,
4,40,Calibrated probability averaging,3,3,3,False,,,,,,
4,41,Calibrated probability averaging,3,3,3,False,,,,,,
4,42,Calibrated probability averaging,3,3,3,False,,,,,,
4,43,Calibrated probability averaging,3,3,3,False,,,,,,
4,44,Calibrated probability averaging,3,3,3,False,,,,,,
4,45,Calibrated probability averaging,3,3,3,False,,,,,,
4,46,Calibrated probability averaging,3,3,3,False,,,,,,
4,47,Calibrated probability averaging,3,3,3,False,,,,,,
4,48,Calibrated probability averaging,3,3,3,False,,,,,,
4,49,Calibrated probability averaging,3,3,3,False,,,,,,
4,50,Calibrated probability averaging,4,4,4,False,,,,,,
4,51,Calibrated probability averaging,4,4,4,False,,,,,,
4,52,Calibrated probability averaging,4,4,4,False,,,,,,
4,53,Calibrated probability averaging,4,4,4,False,,,,,,
4,54,Calibrated probability averaging,4,4,4,False,,,,,,
4,55,Calibrated probability averaging,4,4,4,False,,,,,,
4,56,Calibrated probability averaging,4,4,4,False,,,,,,
4,57,Calibrated probability averaging,4,4,4,False,,,,,,
4,58,Calibrated probability averaging,4,4,4,False,,,,,,
4,59,Calibrated probability averaging,4,4,4,False,,,,,,
4,60,Calibrated probability averaging,5,5,5,False,,,,,,
4,61,Calibrated probability averaging,5,5,5,False,,,,,,
4,62,Calibrated probability averaging,5,5,5,False,,,,,,
4,63,Calibrated probability averaging,5,5,5,False,,,,,,
4,64,Calibrated probability averaging,5,5,5,False,,,,,,
4,65,Calibrated probability averaging,5,5,5,False,,,,,,
4,66,Calibrated probability averaging,5,5,5,False,,,,,,
4,67,Calibrated probability averaging,5,5,5,False,,,,,,
4,68,Calibrated probability averaging,5,5,5,False,,,,,,
4,69,Calibrated probability averaging,5,5,5,False,,,,,,
4,70,Calibrated probability averaging,6,6,6,False,,,,,,
4,71,Calibrated probability averaging,6,6,6,False,,,,,,
4,72,Calibrated probability averaging,6,6,6,False,,,,,,
4,73,Calibrated probability averaging,6,6,6,False,,,,,,
4,74,Calibrated probability averaging,6,6,6,False,,,,,,
4,75,Calibrated probability averaging,6,6,6,False,,,,,,
4,76,Calibrated probability averaging,6,6,6,False,,,,,,
4,77,Calibrated probability averaging,6,6,6,False,,,,,,
4,78,Calibrated probability averaging,6,6,6,False,,,,,,
4,79,Calibrated probability averaging,6,6,6,False,,,,,,
4,80,Calibrated probability averaging,7,8,8,False,,,,,,
4,81,Calibrated probability averaging,7,7,7,False,,,,,,
4,82,Calibrated probability averaging,7,7,7,False,,,,,,
4,83,Calibrated probability averaging,7,10,10,False,,,,,,
4,84,Calibrated probability averaging,7,7,8,True,,,,,,
4,85,Calibrated probability averaging,7,7,7,False,,,,,,
4,86,Calibrated probability averaging,7,7,7,False,,,,,,
4,87,Calibrated probability averaging,7,10,10,False,,,,,,
4,88,Calibrated probability averaging,7,7,7,False,,,,,,
4,89,Calibrated probability averaging,7,7,7,False,,,,,,
4,90,Calibrated probability averaging,8,8,8,False,,,,,,
4,91,Calibrated probability averaging,8,8,8,False,,,,,,
4,92,Calibrated probability averaging,8,8,8,False,,,,,,
4,93,Calibrated probability averaging,8,8,8,False,,,,,,
4,94,Calibrated probability averaging,8,8,8,False,,,,,,
4,95,Calibrated probability averaging,8,8,8,False,,,,,,
4,96,Calibrated probability averaging,8,8,8,False,,,,,,
4,97,Calibrated probability averaging,8,8,8,False,,,,,,
4,98,Calibrated probability averaging,8,8,8,False,,,,,,
4,99,Calibrated probability averaging,8,8,8,False,,,,,,
4,100,Calibrated probability averaging,9,9,9,False,,,,,,
4,101,Calibrated probability averaging,9,9,9,False,,,,,,
4,102,Calibrated probability averaging,9,9,9,False,,,,,,
4,103,Calibrated probability averaging,9,9,9,False,,,,,,
4,104,Calibrated probability averaging,9,10,10,False,,,,,,
4,105,Calibrated probability averaging,9,9,9,False,,,,,,
4,106,Calibrated probability averaging,9,9,9,False,,,,,,
4,107,Calibrated probability averaging,9,9,9,False,,,,,,
4,108,Calibrated probability averaging,9,9,9,False,,,,,,
4,109,Calibrated probability averaging,9,9,9,False,,,,,,
4,3,Calibrated probability averaging audit disagreement,0,6,0,True,0.0,6.0,0.9803186058998108,0.9347313642501831,0.9606425166130066,0.8694634437561035
4,5,Calibrated probability averaging audit disagreement,0,6,0,True,0.0,6.0,0.9996929168701172,0.9911458492279053,0.999455988407135,0.9822935461997986
4,8,Calibrated probability averaging audit disagreement,0,6,0,True,0.0,6.0,0.9971556663513184,0.9927939772605896,0.9951974153518677,0.985680341720581
4,9,Calibrated probability averaging audit disagreement,0,6,0,True,0.0,6.0,0.9999411106109619,0.9979259371757507,0.9998909831047058,0.9958558678627014
4,24,Calibrated probability averaging audit disagreement,1,0,1,True,1.0,0.0,0.9967117309570312,0.9871208071708679,0.9949818849563599,0.9754223823547363
4,28,Calibrated probability averaging audit disagreement,1,2,1,True,1.0,2.0,0.9988149404525757,0.9896685481071472,0.9976485967636108,0.9797873497009277
4,84,Calibrated probability averaging audit disagreement,7,7,8,True,8.0,7.0,0.9998965263366699,0.9981939792633057,0.9997929930686951,0.9972903728485107
4,0,Validation-weighted fusion,0,6,6,False,,,,,,
4,1,Validation-weighted fusion,0,6,6,False,,,,,,
4,2,Validation-weighted fusion,0,5,5,False,,,,,,
4,3,Validation-weighted fusion,0,0,0,False,,,,,,
4,4,Validation-weighted fusion,0,6,6,False,,,,,,
4,5,Validation-weighted fusion,0,0,0,False,,,,,,
4,6,Validation-weighted fusion,0,6,6,False,,,,,,
4,7,Validation-weighted fusion,0,6,6,False,,,,,,
4,8,Validation-weighted fusion,0,0,0,False,,,,,,
4,9,Validation-weighted fusion,0,0,0,False,,,,,,
4,10,Validation-weighted fusion,10,10,10,False,,,,,,
4,11,Validation-weighted fusion,10,10,10,False,,,,,,
4,12,Validation-weighted fusion,10,10,10,False,,,,,,
4,13,Validation-weighted fusion,10,10,10,False,,,,,,
4,14,Validation-weighted fusion,10,10,10,False,,,,,,
4,15,Validation-weighted fusion,10,10,10,False,,,,,,
4,16,Validation-weighted fusion,10,10,10,False,,,,,,
4,17,Validation-weighted fusion,10,10,10,False,,,,,,
4,18,Validation-weighted fusion,10,10,10,False,,,,,,
4,19,Validation-weighted fusion,10,10,10,False,,,,,,
4,20,Validation-weighted fusion,1,1,1,False,,,,,,
4,21,Validation-weighted fusion,1,0,0,False,,,,,,
4,22,Validation-weighted fusion,1,0,0,False,,,,,,
4,23,Validation-weighted fusion,1,0,0,False,,,,,,
4,24,Validation-weighted fusion,1,1,1,False,,,,,,
4,25,Validation-weighted fusion,1,2,2,False,,,,,,
4,26,Validation-weighted fusion,1,2,2,False,,,,,,
4,27,Validation-weighted fusion,1,1,1,False,,,,,,
4,28,Validation-weighted fusion,1,1,1,False,,,,,,
4,29,Validation-weighted fusion,1,0,0,False,,,,,,
4,30,Validation-weighted fusion,2,2,2,False,,,,,,
4,31,Validation-weighted fusion,2,2,2,False,,,,,,
4,32,Validation-weighted fusion,2,2,2,False,,,,,,
4,33,Validation-weighted fusion,2,2,2,False,,,,,,
4,34,Validation-weighted fusion,2,2,2,False,,,,,,
4,35,Validation-weighted fusion,2,2,2,False,,,,,,
4,36,Validation-weighted fusion,2,2,2,False,,,,,,
4,37,Validation-weighted fusion,2,2,2,False,,,,,,
4,38,Validation-weighted fusion,2,2,2,False,,,,,,
4,39,Validation-weighted fusion,2,2,2,False,,,,,,
4,40,Validation-weighted fusion,3,3,3,False,,,,,,
4,41,Validation-weighted fusion,3,3,3,False,,,,,,
4,42,Validation-weighted fusion,3,3,3,False,,,,,,
4,43,Validation-weighted fusion,3,3,3,False,,,,,,
4,44,Validation-weighted fusion,3,3,3,False,,,,,,
4,45,Validation-weighted fusion,3,3,3,False,,,,,,
4,46,Validation-weighted fusion,3,3,3,False,,,,,,
4,47,Validation-weighted fusion,3,3,3,False,,,,,,
4,48,Validation-weighted fusion,3,3,3,False,,,,,,
4,49,Validation-weighted fusion,3,3,3,False,,,,,,
4,50,Validation-weighted fusion,4,4,4,False,,,,,,
4,51,Validation-weighted fusion,4,4,4,False,,,,,,
4,52,Validation-weighted fusion,4,4,4,False,,,,,,
4,53,Validation-weighted fusion,4,4,4,False,,,,,,
4,54,Validation-weighted fusion,4,4,4,False,,,,,,
4,55,Validation-weighted fusion,4,4,4,False,,,,,,
4,56,Validation-weighted fusion,4,4,4,False,,,,,,
4,57,Validation-weighted fusion,4,4,4,False,,,,,,
4,58,Validation-weighted fusion,4,4,4,False,,,,,,
4,59,Validation-weighted fusion,4,4,4,False,,,,,,
4,60,Validation-weighted fusion,5,5,5,False,,,,,,
4,61,Validation-weighted fusion,5,5,5,False,,,,,,
4,62,Validation-weighted fusion,5,5,5,False,,,,,,
4,63,Validation-weighted fusion,5,5,5,False,,,,,,
4,64,Validation-weighted fusion,5,5,5,False,,,,,,
4,65,Validation-weighted fusion,5,5,5,False,,,,,,
4,66,Validation-weighted fusion,5,5,5,False,,,,,,
4,67,Validation-weighted fusion,5,5,5,False,,,,,,
4,68,Validation-weighted fusion,5,5,5,False,,,,,,
4,69,Validation-weighted fusion,5,5,5,False,,,,,,
4,70,Validation-weighted fusion,6,6,6,False,,,,,,
4,71,Validation-weighted fusion,6,6,6,False,,,,,,
4,72,Validation-weighted fusion,6,6,6,False,,,,,,
4,73,Validation-weighted fusion,6,6,6,False,,,,,,
4,74,Validation-weighted fusion,6,6,6,False,,,,,,
4,75,Validation-weighted fusion,6,6,6,False,,,,,,
4,76,Validation-weighted fusion,6,6,6,False,,,,,,
4,77,Validation-weighted fusion,6,6,6,False,,,,,,
4,78,Validation-weighted fusion,6,6,6,False,,,,,,
4,79,Validation-weighted fusion,6,6,6,False,,,,,,
4,80,Validation-weighted fusion,7,8,8,False,,,,,,
4,81,Validation-weighted fusion,7,7,7,False,,,,,,
4,82,Validation-weighted fusion,7,7,7,False,,,,,,
4,83,Validation-weighted fusion,7,10,10,False,,,,,,
4,84,Validation-weighted fusion,7,8,8,False,,,,,,
4,85,Validation-weighted fusion,7,7,7,False,,,,,,
4,86,Validation-weighted fusion,7,7,7,False,,,,,,
4,87,Validation-weighted fusion,7,10,10,False,,,,,,
4,88,Validation-weighted fusion,7,7,7,False,,,,,,
4,89,Validation-weighted fusion,7,7,7,False,,,,,,
4,90,Validation-weighted fusion,8,8,8,False,,,,,,
4,91,Validation-weighted fusion,8,8,8,False,,,,,,
4,92,Validation-weighted fusion,8,8,8,False,,,,,,
4,93,Validation-weighted fusion,8,8,8,False,,,,,,
4,94,Validation-weighted fusion,8,8,8,False,,,,,,
4,95,Validation-weighted fusion,8,8,8,False,,,,,,
4,96,Validation-weighted fusion,8,8,8,False,,,,,,
4,97,Validation-weighted fusion,8,8,8,False,,,,,,
4,98,Validation-weighted fusion,8,8,8,False,,,,,,
4,99,Validation-weighted fusion,8,8,8,False,,,,,,
4,100,Validation-weighted fusion,9,9,9,False,,,,,,
4,101,Validation-weighted fusion,9,9,9,False,,,,,,
4,102,Validation-weighted fusion,9,9,9,False,,,,,,
4,103,Validation-weighted fusion,9,9,9,False,,,,,,
4,104,Validation-weighted fusion,9,10,10,False,,,,,,
4,105,Validation-weighted fusion,9,9,9,False,,,,,,
4,106,Validation-weighted fusion,9,9,9,False,,,,,,
4,107,Validation-weighted fusion,9,9,9,False,,,,,,
4,108,Validation-weighted fusion,9,9,9,False,,,,,,
4,109,Validation-weighted fusion,9,9,9,False,,,,,,
4,0,Maximum-confidence selection,0,6,6,False,,,,,,
4,1,Maximum-confidence selection,0,6,6,False,,,,,,
4,2,Maximum-confidence selection,0,5,5,False,,,,,,
4,3,Maximum-confidence selection,0,0,0,False,,,,,,
4,4,Maximum-confidence selection,0,6,6,False,,,,,,
4,5,Maximum-confidence selection,0,0,0,False,,,,,,
4,6,Maximum-confidence selection,0,6,6,False,,,,,,
4,7,Maximum-confidence selection,0,6,6,False,,,,,,
4,8,Maximum-confidence selection,0,0,0,False,,,,,,
4,9,Maximum-confidence selection,0,0,0,False,,,,,,
4,10,Maximum-confidence selection,10,10,10,False,,,,,,
4,11,Maximum-confidence selection,10,10,10,False,,,,,,
4,12,Maximum-confidence selection,10,10,10,False,,,,,,
4,13,Maximum-confidence selection,10,10,10,False,,,,,,
4,14,Maximum-confidence selection,10,10,10,False,,,,,,
4,15,Maximum-confidence selection,10,10,10,False,,,,,,
4,16,Maximum-confidence selection,10,10,10,False,,,,,,
4,17,Maximum-confidence selection,10,10,10,False,,,,,,
4,18,Maximum-confidence selection,10,10,10,False,,,,,,
4,19,Maximum-confidence selection,10,10,10,False,,,,,,
4,20,Maximum-confidence selection,1,1,1,False,,,,,,
4,21,Maximum-confidence selection,1,0,0,False,,,,,,
4,22,Maximum-confidence selection,1,0,0,False,,,,,,
4,23,Maximum-confidence selection,1,0,0,False,,,,,,
4,24,Maximum-confidence selection,1,1,1,False,,,,,,
4,25,Maximum-confidence selection,1,2,2,False,,,,,,
4,26,Maximum-confidence selection,1,2,2,False,,,,,,
4,27,Maximum-confidence selection,1,1,1,False,,,,,,
4,28,Maximum-confidence selection,1,1,1,False,,,,,,
4,29,Maximum-confidence selection,1,0,0,False,,,,,,
4,30,Maximum-confidence selection,2,2,2,False,,,,,,
4,31,Maximum-confidence selection,2,2,2,False,,,,,,
4,32,Maximum-confidence selection,2,2,2,False,,,,,,
4,33,Maximum-confidence selection,2,2,2,False,,,,,,
4,34,Maximum-confidence selection,2,2,2,False,,,,,,
4,35,Maximum-confidence selection,2,2,2,False,,,,,,
4,36,Maximum-confidence selection,2,2,2,False,,,,,,
4,37,Maximum-confidence selection,2,2,2,False,,,,,,
4,38,Maximum-confidence selection,2,2,2,False,,,,,,
4,39,Maximum-confidence selection,2,2,2,False,,,,,,
4,40,Maximum-confidence selection,3,3,3,False,,,,,,
4,41,Maximum-confidence selection,3,3,3,False,,,,,,
4,42,Maximum-confidence selection,3,3,3,False,,,,,,
4,43,Maximum-confidence selection,3,3,3,False,,,,,,
4,44,Maximum-confidence selection,3,3,3,False,,,,,,
4,45,Maximum-confidence selection,3,3,3,False,,,,,,
4,46,Maximum-confidence selection,3,3,3,False,,,,,,
4,47,Maximum-confidence selection,3,3,3,False,,,,,,
4,48,Maximum-confidence selection,3,3,3,False,,,,,,
4,49,Maximum-confidence selection,3,3,3,False,,,,,,
4,50,Maximum-confidence selection,4,4,4,False,,,,,,
4,51,Maximum-confidence selection,4,4,4,False,,,,,,
4,52,Maximum-confidence selection,4,4,4,False,,,,,,
4,53,Maximum-confidence selection,4,4,4,False,,,,,,
4,54,Maximum-confidence selection,4,4,4,False,,,,,,
4,55,Maximum-confidence selection,4,4,4,False,,,,,,
4,56,Maximum-confidence selection,4,4,4,False,,,,,,
4,57,Maximum-confidence selection,4,4,4,False,,,,,,
4,58,Maximum-confidence selection,4,4,4,False,,,,,,
4,59,Maximum-confidence selection,4,4,4,False,,,,,,
4,60,Maximum-confidence selection,5,5,5,False,,,,,,
4,61,Maximum-confidence selection,5,5,5,False,,,,,,
4,62,Maximum-confidence selection,5,5,5,False,,,,,,
4,63,Maximum-confidence selection,5,5,5,False,,,,,,
4,64,Maximum-confidence selection,5,5,5,False,,,,,,
4,65,Maximum-confidence selection,5,5,5,False,,,,,,
4,66,Maximum-confidence selection,5,5,5,False,,,,,,
4,67,Maximum-confidence selection,5,5,5,False,,,,,,
4,68,Maximum-confidence selection,5,5,5,False,,,,,,
4,69,Maximum-confidence selection,5,5,5,False,,,,,,
4,70,Maximum-confidence selection,6,6,6,False,,,,,,
4,71,Maximum-confidence selection,6,6,6,False,,,,,,
4,72,Maximum-confidence selection,6,6,6,False,,,,,,
4,73,Maximum-confidence selection,6,6,6,False,,,,,,
4,74,Maximum-confidence selection,6,6,6,False,,,,,,
4,75,Maximum-confidence selection,6,6,6,False,,,,,,
4,76,Maximum-confidence selection,6,6,6,False,,,,,,
4,77,Maximum-confidence selection,6,6,6,False,,,,,,
4,78,Maximum-confidence selection,6,6,6,False,,,,,,
4,79,Maximum-confidence selection,6,6,6,False,,,,,,
4,80,Maximum-confidence selection,7,8,8,False,,,,,,
4,81,Maximum-confidence selection,7,7,7,False,,,,,,
4,82,Maximum-confidence selection,7,7,7,False,,,,,,
4,83,Maximum-confidence selection,7,10,10,False,,,,,,
4,84,Maximum-confidence selection,7,8,8,False,,,,,,
4,85,Maximum-confidence selection,7,7,7,False,,,,,,
4,86,Maximum-confidence selection,7,7,7,False,,,,,,
4,87,Maximum-confidence selection,7,10,10,False,,,,,,
4,88,Maximum-confidence selection,7,7,7,False,,,,,,
4,89,Maximum-confidence selection,7,7,7,False,,,,,,
4,90,Maximum-confidence selection,8,8,8,False,,,,,,
4,91,Maximum-confidence selection,8,8,8,False,,,,,,
4,92,Maximum-confidence selection,8,8,8,False,,,,,,
4,93,Maximum-confidence selection,8,8,8,False,,,,,,
4,94,Maximum-confidence selection,8,8,8,False,,,,,,
4,95,Maximum-confidence selection,8,8,8,False,,,,,,
4,96,Maximum-confidence selection,8,8,8,False,,,,,,
4,97,Maximum-confidence selection,8,8,8,False,,,,,,
4,98,Maximum-confidence selection,8,8,8,False,,,,,,
4,99,Maximum-confidence selection,8,8,8,False,,,,,,
4,100,Maximum-confidence selection,9,9,9,False,,,,,,
4,101,Maximum-confidence selection,9,9,9,False,,,,,,
4,102,Maximum-confidence selection,9,9,9,False,,,,,,
4,103,Maximum-confidence selection,9,9,9,False,,,,,,
4,104,Maximum-confidence selection,9,10,10,False,,,,,,
4,105,Maximum-confidence selection,9,9,9,False,,,,,,
4,106,Maximum-confidence selection,9,9,9,False,,,,,,
4,107,Maximum-confidence selection,9,9,9,False,,,,,,
4,108,Maximum-confidence selection,9,9,9,False,,,,,,
4,109,Maximum-confidence selection,9,9,9,False,,,,,,
4,0,Margin-only selection,0,6,6,False,,,,,,
4,1,Margin-only selection,0,6,6,False,,,,,,
4,2,Margin-only selection,0,5,5,False,,,,,,
4,3,Margin-only selection,0,0,0,False,,,,,,
4,4,Margin-only selection,0,6,6,False,,,,,,
4,5,Margin-only selection,0,0,0,False,,,,,,
4,6,Margin-only selection,0,6,6,False,,,,,,
4,7,Margin-only selection,0,6,6,False,,,,,,
4,8,Margin-only selection,0,0,0,False,,,,,,
4,9,Margin-only selection,0,0,0,False,,,,,,
4,10,Margin-only selection,10,10,10,False,,,,,,
4,11,Margin-only selection,10,10,10,False,,,,,,
4,12,Margin-only selection,10,10,10,False,,,,,,
4,13,Margin-only selection,10,10,10,False,,,,,,
4,14,Margin-only selection,10,10,10,False,,,,,,
4,15,Margin-only selection,10,10,10,False,,,,,,
4,16,Margin-only selection,10,10,10,False,,,,,,
4,17,Margin-only selection,10,10,10,False,,,,,,
4,18,Margin-only selection,10,10,10,False,,,,,,
4,19,Margin-only selection,10,10,10,False,,,,,,
4,20,Margin-only selection,1,1,1,False,,,,,,
4,21,Margin-only selection,1,0,0,False,,,,,,
4,22,Margin-only selection,1,0,0,False,,,,,,
4,23,Margin-only selection,1,0,0,False,,,,,,
4,24,Margin-only selection,1,1,1,False,,,,,,
4,25,Margin-only selection,1,2,2,False,,,,,,
4,26,Margin-only selection,1,2,2,False,,,,,,
4,27,Margin-only selection,1,1,1,False,,,,,,
4,28,Margin-only selection,1,1,1,False,,,,,,
4,29,Margin-only selection,1,0,0,False,,,,,,
4,30,Margin-only selection,2,2,2,False,,,,,,
4,31,Margin-only selection,2,2,2,False,,,,,,
4,32,Margin-only selection,2,2,2,False,,,,,,
4,33,Margin-only selection,2,2,2,False,,,,,,
4,34,Margin-only selection,2,2,2,False,,,,,,
4,35,Margin-only selection,2,2,2,False,,,,,,
4,36,Margin-only selection,2,2,2,False,,,,,,
4,37,Margin-only selection,2,2,2,False,,,,,,
4,38,Margin-only selection,2,2,2,False,,,,,,
4,39,Margin-only selection,2,2,2,False,,,,,,
4,40,Margin-only selection,3,3,3,False,,,,,,
4,41,Margin-only selection,3,3,3,False,,,,,,
4,42,Margin-only selection,3,3,3,False,,,,,,
4,43,Margin-only selection,3,3,3,False,,,,,,
4,44,Margin-only selection,3,3,3,False,,,,,,
4,45,Margin-only selection,3,3,3,False,,,,,,
4,46,Margin-only selection,3,3,3,False,,,,,,
4,47,Margin-only selection,3,3,3,False,,,,,,
4,48,Margin-only selection,3,3,3,False,,,,,,
4,49,Margin-only selection,3,3,3,False,,,,,,
4,50,Margin-only selection,4,4,4,False,,,,,,
4,51,Margin-only selection,4,4,4,False,,,,,,
4,52,Margin-only selection,4,4,4,False,,,,,,
4,53,Margin-only selection,4,4,4,False,,,,,,
4,54,Margin-only selection,4,4,4,False,,,,,,
4,55,Margin-only selection,4,4,4,False,,,,,,
4,56,Margin-only selection,4,4,4,False,,,,,,
4,57,Margin-only selection,4,4,4,False,,,,,,
4,58,Margin-only selection,4,4,4,False,,,,,,
4,59,Margin-only selection,4,4,4,False,,,,,,
4,60,Margin-only selection,5,5,5,False,,,,,,
4,61,Margin-only selection,5,5,5,False,,,,,,
4,62,Margin-only selection,5,5,5,False,,,,,,
4,63,Margin-only selection,5,5,5,False,,,,,,
4,64,Margin-only selection,5,5,5,False,,,,,,
4,65,Margin-only selection,5,5,5,False,,,,,,
4,66,Margin-only selection,5,5,5,False,,,,,,
4,67,Margin-only selection,5,5,5,False,,,,,,
4,68,Margin-only selection,5,5,5,False,,,,,,
4,69,Margin-only selection,5,5,5,False,,,,,,
4,70,Margin-only selection,6,6,6,False,,,,,,
4,71,Margin-only selection,6,6,6,False,,,,,,
4,72,Margin-only selection,6,6,6,False,,,,,,
4,73,Margin-only selection,6,6,6,False,,,,,,
4,74,Margin-only selection,6,6,6,False,,,,,,
4,75,Margin-only selection,6,6,6,False,,,,,,
4,76,Margin-only selection,6,6,6,False,,,,,,
4,77,Margin-only selection,6,6,6,False,,,,,,
4,78,Margin-only selection,6,6,6,False,,,,,,
4,79,Margin-only selection,6,6,6,False,,,,,,
4,80,Margin-only selection,7,8,8,False,,,,,,
4,81,Margin-only selection,7,7,7,False,,,,,,
4,82,Margin-only selection,7,7,7,False,,,,,,
4,83,Margin-only selection,7,10,10,False,,,,,,
4,84,Margin-only selection,7,8,8,False,,,,,,
4,85,Margin-only selection,7,7,7,False,,,,,,
4,86,Margin-only selection,7,7,7,False,,,,,,
4,87,Margin-only selection,7,10,10,False,,,,,,
4,88,Margin-only selection,7,7,7,False,,,,,,
4,89,Margin-only selection,7,7,7,False,,,,,,
4,90,Margin-only selection,8,8,8,False,,,,,,
4,91,Margin-only selection,8,8,8,False,,,,,,
4,92,Margin-only selection,8,8,8,False,,,,,,
4,93,Margin-only selection,8,8,8,False,,,,,,
4,94,Margin-only selection,8,8,8,False,,,,,,
4,95,Margin-only selection,8,8,8,False,,,,,,
4,96,Margin-only selection,8,8,8,False,,,,,,
4,97,Margin-only selection,8,8,8,False,,,,,,
4,98,Margin-only selection,8,8,8,False,,,,,,
4,99,Margin-only selection,8,8,8,False,,,,,,
4,100,Margin-only selection,9,9,9,False,,,,,,
4,101,Margin-only selection,9,9,9,False,,,,,,
4,102,Margin-only selection,9,9,9,False,,,,,,
4,103,Margin-only selection,9,9,9,False,,,,,,
4,104,Margin-only selection,9,10,10,False,,,,,,
4,105,Margin-only selection,9,9,9,False,,,,,,
4,106,Margin-only selection,9,9,9,False,,,,,,
4,107,Margin-only selection,9,9,9,False,,,,,,
4,108,Margin-only selection,9,9,9,False,,,,,,
4,109,Margin-only selection,9,9,9,False,,,,,,
4,0,Logistic stacking,0,6,6,False,,,,,,
4,1,Logistic stacking,0,6,6,False,,,,,,
4,2,Logistic stacking,0,0,5,True,,,,,,
4,3,Logistic stacking,0,0,0,False,,,,,,
4,4,Logistic stacking,0,0,6,True,,,,,,
4,5,Logistic stacking,0,0,0,False,,,,,,
4,6,Logistic stacking,0,0,6,True,,,,,,
4,7,Logistic stacking,0,0,6,True,,,,,,
4,8,Logistic stacking,0,0,0,False,,,,,,
4,9,Logistic stacking,0,0,0,False,,,,,,
4,10,Logistic stacking,10,10,10,False,,,,,,
4,11,Logistic stacking,10,10,10,False,,,,,,
4,12,Logistic stacking,10,10,10,False,,,,,,
4,13,Logistic stacking,10,10,10,False,,,,,,
4,14,Logistic stacking,10,10,10,False,,,,,,
4,15,Logistic stacking,10,10,10,False,,,,,,
4,16,Logistic stacking,10,10,10,False,,,,,,
4,17,Logistic stacking,10,10,10,False,,,,,,
4,18,Logistic stacking,10,10,10,False,,,,,,
4,19,Logistic stacking,10,10,10,False,,,,,,
4,20,Logistic stacking,1,1,1,False,,,,,,
4,21,Logistic stacking,1,0,0,False,,,,,,
4,22,Logistic stacking,1,0,0,False,,,,,,
4,23,Logistic stacking,1,0,0,False,,,,,,
4,24,Logistic stacking,1,0,1,True,,,,,,
4,25,Logistic stacking,1,2,2,False,,,,,,
4,26,Logistic stacking,1,2,2,False,,,,,,
4,27,Logistic stacking,1,1,1,False,,,,,,
4,28,Logistic stacking,1,1,1,False,,,,,,
4,29,Logistic stacking,1,0,0,False,,,,,,
4,30,Logistic stacking,2,2,2,False,,,,,,
4,31,Logistic stacking,2,2,2,False,,,,,,
4,32,Logistic stacking,2,2,2,False,,,,,,
4,33,Logistic stacking,2,2,2,False,,,,,,
4,34,Logistic stacking,2,2,2,False,,,,,,
4,35,Logistic stacking,2,2,2,False,,,,,,
4,36,Logistic stacking,2,2,2,False,,,,,,
4,37,Logistic stacking,2,2,2,False,,,,,,
4,38,Logistic stacking,2,2,2,False,,,,,,
4,39,Logistic stacking,2,2,2,False,,,,,,
4,40,Logistic stacking,3,3,3,False,,,,,,
4,41,Logistic stacking,3,3,3,False,,,,,,
4,42,Logistic stacking,3,3,3,False,,,,,,
4,43,Logistic stacking,3,3,3,False,,,,,,
4,44,Logistic stacking,3,3,3,False,,,,,,
4,45,Logistic stacking,3,3,3,False,,,,,,
4,46,Logistic stacking,3,3,3,False,,,,,,
4,47,Logistic stacking,3,3,3,False,,,,,,
4,48,Logistic stacking,3,3,3,False,,,,,,
4,49,Logistic stacking,3,3,3,False,,,,,,
4,50,Logistic stacking,4,4,4,False,,,,,,
4,51,Logistic stacking,4,4,4,False,,,,,,
4,52,Logistic stacking,4,4,4,False,,,,,,
4,53,Logistic stacking,4,4,4,False,,,,,,
4,54,Logistic stacking,4,4,4,False,,,,,,
4,55,Logistic stacking,4,4,4,False,,,,,,
4,56,Logistic stacking,4,4,4,False,,,,,,
4,57,Logistic stacking,4,4,4,False,,,,,,
4,58,Logistic stacking,4,4,4,False,,,,,,
4,59,Logistic stacking,4,4,4,False,,,,,,
4,60,Logistic stacking,5,5,5,False,,,,,,
4,61,Logistic stacking,5,5,5,False,,,,,,
4,62,Logistic stacking,5,5,5,False,,,,,,
4,63,Logistic stacking,5,5,5,False,,,,,,
4,64,Logistic stacking,5,5,5,False,,,,,,
4,65,Logistic stacking,5,5,5,False,,,,,,
4,66,Logistic stacking,5,5,5,False,,,,,,
4,67,Logistic stacking,5,5,5,False,,,,,,
4,68,Logistic stacking,5,5,5,False,,,,,,
4,69,Logistic stacking,5,5,5,False,,,,,,
4,70,Logistic stacking,6,6,6,False,,,,,,
4,71,Logistic stacking,6,6,6,False,,,,,,
4,72,Logistic stacking,6,6,6,False,,,,,,
4,73,Logistic stacking,6,6,6,False,,,,,,
4,74,Logistic stacking,6,6,6,False,,,,,,
4,75,Logistic stacking,6,6,6,False,,,,,,
4,76,Logistic stacking,6,6,6,False,,,,,,
4,77,Logistic stacking,6,6,6,False,,,,,,
4,78,Logistic stacking,6,6,6,False,,,,,,
4,79,Logistic stacking,6,6,6,False,,,,,,
4,80,Logistic stacking,7,8,8,False,,,,,,
4,81,Logistic stacking,7,7,7,False,,,,,,
4,82,Logistic stacking,7,7,7,False,,,,,,
4,83,Logistic stacking,7,10,10,False,,,,,,
4,84,Logistic stacking,7,7,8,True,,,,,,
4,85,Logistic stacking,7,7,7,False,,,,,,
4,86,Logistic stacking,7,7,7,False,,,,,,
4,87,Logistic stacking,7,10,10,False,,,,,,
4,88,Logistic stacking,7,7,7,False,,,,,,
4,89,Logistic stacking,7,7,7,False,,,,,,
4,90,Logistic stacking,8,8,8,False,,,,,,
4,91,Logistic stacking,8,8,8,False,,,,,,
4,92,Logistic stacking,8,8,8,False,,,,,,
4,93,Logistic stacking,8,8,8,False,,,,,,
4,94,Logistic stacking,8,8,8,False,,,,,,
4,95,Logistic stacking,8,8,8,False,,,,,,
4,96,Logistic stacking,8,8,8,False,,,,,,
4,97,Logistic stacking,8,8,8,False,,,,,,
4,98,Logistic stacking,8,8,8,False,,,,,,
4,99,Logistic stacking,8,8,8,False,,,,,,
4,100,Logistic stacking,9,10,9,True,,,,,,
4,101,Logistic stacking,9,9,9,False,,,,,,
4,102,Logistic stacking,9,9,9,False,,,,,,
4,103,Logistic stacking,9,9,9,False,,,,,,
4,104,Logistic stacking,9,10,10,False,,,,,,
4,105,Logistic stacking,9,9,9,False,,,,,,
4,106,Logistic stacking,9,9,9,False,,,,,,
4,107,Logistic stacking,9,9,9,False,,,,,,
4,108,Logistic stacking,9,9,9,False,,,,,,
4,109,Logistic stacking,9,9,9,False,,,,,,
4,2,Logistic stacking audit disagreement,0,0,5,True,0.0,5.0,0.9970930814743042,0.99957275390625,0.9941990971565247,0.9994089603424072
4,4,Logistic stacking audit disagreement,0,0,6,True,0.0,6.0,0.9665393829345703,0.9718663692474365,0.9335845708847046,0.9437342286109924
4,6,Logistic stacking audit disagreement,0,0,6,True,0.0,6.0,0.9925293326377869,0.9926870465278625,0.9851519465446472,0.9856970310211182
4,7,Logistic stacking audit disagreement,0,0,6,True,0.0,6.0,0.9865164756774902,0.9994379878044128,0.9731730818748474,0.9988770484924316
4,24,Logistic stacking audit disagreement,1,0,1,True,1.0,0.0,0.9967117309570312,0.9871208071708679,0.9949818849563599,0.9754223823547363
4,84,Logistic stacking audit disagreement,7,7,8,True,8.0,7.0,0.9998965263366699,0.9981939792633057,0.9997929930686951,0.9972903728485107
4,100,Logistic stacking audit disagreement,9,10,9,True,10.0,9.0,0.9972921013832092,0.9997150301933289,0.994714617729187,0.9995571970939636
4,0,Parameter-weighted probability mixture,0,6,6,False,,,,,,
4,1,Parameter-weighted probability mixture,0,6,6,False,,,,,,
4,2,Parameter-weighted probability mixture,0,0,5,True,,,,,,
4,3,Parameter-weighted probability mixture,0,0,0,False,,,,,,
4,4,Parameter-weighted probability mixture,0,0,6,True,,,,,,
4,5,Parameter-weighted probability mixture,0,0,0,False,,,,,,
4,6,Parameter-weighted probability mixture,0,0,6,True,,,,,,
4,7,Parameter-weighted probability mixture,0,0,6,True,,,,,,
4,8,Parameter-weighted probability mixture,0,0,0,False,,,,,,
4,9,Parameter-weighted probability mixture,0,0,0,False,,,,,,
4,10,Parameter-weighted probability mixture,10,10,10,False,,,,,,
4,11,Parameter-weighted probability mixture,10,10,10,False,,,,,,
4,12,Parameter-weighted probability mixture,10,10,10,False,,,,,,
4,13,Parameter-weighted probability mixture,10,10,10,False,,,,,,
4,14,Parameter-weighted probability mixture,10,10,10,False,,,,,,
4,15,Parameter-weighted probability mixture,10,10,10,False,,,,,,
4,16,Parameter-weighted probability mixture,10,10,10,False,,,,,,
4,17,Parameter-weighted probability mixture,10,10,10,False,,,,,,
4,18,Parameter-weighted probability mixture,10,10,10,False,,,,,,
4,19,Parameter-weighted probability mixture,10,10,10,False,,,,,,
4,20,Parameter-weighted probability mixture,1,1,1,False,,,,,,
4,21,Parameter-weighted probability mixture,1,0,0,False,,,,,,
4,22,Parameter-weighted probability mixture,1,1,0,True,,,,,,
4,23,Parameter-weighted probability mixture,1,1,0,True,,,,,,
4,24,Parameter-weighted probability mixture,1,1,1,False,,,,,,
4,25,Parameter-weighted probability mixture,1,2,2,False,,,,,,
4,26,Parameter-weighted probability mixture,1,2,2,False,,,,,,
4,27,Parameter-weighted probability mixture,1,1,1,False,,,,,,
4,28,Parameter-weighted probability mixture,1,1,1,False,,,,,,
4,29,Parameter-weighted probability mixture,1,0,0,False,,,,,,
4,30,Parameter-weighted probability mixture,2,2,2,False,,,,,,
4,31,Parameter-weighted probability mixture,2,2,2,False,,,,,,
4,32,Parameter-weighted probability mixture,2,2,2,False,,,,,,
4,33,Parameter-weighted probability mixture,2,2,2,False,,,,,,
4,34,Parameter-weighted probability mixture,2,2,2,False,,,,,,
4,35,Parameter-weighted probability mixture,2,2,2,False,,,,,,
4,36,Parameter-weighted probability mixture,2,2,2,False,,,,,,
4,37,Parameter-weighted probability mixture,2,2,2,False,,,,,,
4,38,Parameter-weighted probability mixture,2,2,2,False,,,,,,
4,39,Parameter-weighted probability mixture,2,2,2,False,,,,,,
4,40,Parameter-weighted probability mixture,3,3,3,False,,,,,,
4,41,Parameter-weighted probability mixture,3,3,3,False,,,,,,
4,42,Parameter-weighted probability mixture,3,3,3,False,,,,,,
4,43,Parameter-weighted probability mixture,3,3,3,False,,,,,,
4,44,Parameter-weighted probability mixture,3,3,3,False,,,,,,
4,45,Parameter-weighted probability mixture,3,3,3,False,,,,,,
4,46,Parameter-weighted probability mixture,3,3,3,False,,,,,,
4,47,Parameter-weighted probability mixture,3,3,3,False,,,,,,
4,48,Parameter-weighted probability mixture,3,3,3,False,,,,,,
4,49,Parameter-weighted probability mixture,3,3,3,False,,,,,,
4,50,Parameter-weighted probability mixture,4,4,4,False,,,,,,
4,51,Parameter-weighted probability mixture,4,4,4,False,,,,,,
4,52,Parameter-weighted probability mixture,4,4,4,False,,,,,,
4,53,Parameter-weighted probability mixture,4,4,4,False,,,,,,
4,54,Parameter-weighted probability mixture,4,4,4,False,,,,,,
4,55,Parameter-weighted probability mixture,4,4,4,False,,,,,,
4,56,Parameter-weighted probability mixture,4,4,4,False,,,,,,
4,57,Parameter-weighted probability mixture,4,4,4,False,,,,,,
4,58,Parameter-weighted probability mixture,4,4,4,False,,,,,,
4,59,Parameter-weighted probability mixture,4,4,4,False,,,,,,
4,60,Parameter-weighted probability mixture,5,5,5,False,,,,,,
4,61,Parameter-weighted probability mixture,5,5,5,False,,,,,,
4,62,Parameter-weighted probability mixture,5,5,5,False,,,,,,
4,63,Parameter-weighted probability mixture,5,5,5,False,,,,,,
4,64,Parameter-weighted probability mixture,5,5,5,False,,,,,,
4,65,Parameter-weighted probability mixture,5,5,5,False,,,,,,
4,66,Parameter-weighted probability mixture,5,5,5,False,,,,,,
4,67,Parameter-weighted probability mixture,5,5,5,False,,,,,,
4,68,Parameter-weighted probability mixture,5,5,5,False,,,,,,
4,69,Parameter-weighted probability mixture,5,5,5,False,,,,,,
4,70,Parameter-weighted probability mixture,6,6,6,False,,,,,,
4,71,Parameter-weighted probability mixture,6,6,6,False,,,,,,
4,72,Parameter-weighted probability mixture,6,6,6,False,,,,,,
4,73,Parameter-weighted probability mixture,6,6,6,False,,,,,,
4,74,Parameter-weighted probability mixture,6,6,6,False,,,,,,
4,75,Parameter-weighted probability mixture,6,6,6,False,,,,,,
4,76,Parameter-weighted probability mixture,6,6,6,False,,,,,,
4,77,Parameter-weighted probability mixture,6,6,6,False,,,,,,
4,78,Parameter-weighted probability mixture,6,6,6,False,,,,,,
4,79,Parameter-weighted probability mixture,6,6,6,False,,,,,,
4,80,Parameter-weighted probability mixture,7,8,8,False,,,,,,
4,81,Parameter-weighted probability mixture,7,7,7,False,,,,,,
4,82,Parameter-weighted probability mixture,7,8,7,True,,,,,,
4,83,Parameter-weighted probability mixture,7,10,10,False,,,,,,
4,84,Parameter-weighted probability mixture,7,8,8,False,,,,,,
4,85,Parameter-weighted probability mixture,7,7,7,False,,,,,,
4,86,Parameter-weighted probability mixture,7,7,7,False,,,,,,
4,87,Parameter-weighted probability mixture,7,10,10,False,,,,,,
4,88,Parameter-weighted probability mixture,7,7,7,False,,,,,,
4,89,Parameter-weighted probability mixture,7,7,7,False,,,,,,
4,90,Parameter-weighted probability mixture,8,8,8,False,,,,,,
4,91,Parameter-weighted probability mixture,8,8,8,False,,,,,,
4,92,Parameter-weighted probability mixture,8,8,8,False,,,,,,
4,93,Parameter-weighted probability mixture,8,8,8,False,,,,,,
4,94,Parameter-weighted probability mixture,8,8,8,False,,,,,,
4,95,Parameter-weighted probability mixture,8,8,8,False,,,,,,
4,96,Parameter-weighted probability mixture,8,8,8,False,,,,,,
4,97,Parameter-weighted probability mixture,8,8,8,False,,,,,,
4,98,Parameter-weighted probability mixture,8,8,8,False,,,,,,
4,99,Parameter-weighted probability mixture,8,8,8,False,,,,,,
4,100,Parameter-weighted probability mixture,9,10,9,True,,,,,,
4,101,Parameter-weighted probability mixture,9,9,9,False,,,,,,
4,102,Parameter-weighted probability mixture,9,9,9,False,,,,,,
4,103,Parameter-weighted probability mixture,9,9,9,False,,,,,,
4,104,Parameter-weighted probability mixture,9,10,10,False,,,,,,
4,105,Parameter-weighted probability mixture,9,9,9,False,,,,,,
4,106,Parameter-weighted probability mixture,9,9,9,False,,,,,,
4,107,Parameter-weighted probability mixture,9,9,9,False,,,,,,
4,108,Parameter-weighted probability mixture,9,9,9,False,,,,,,
4,109,Parameter-weighted probability mixture,9,9,9,False,,,,,,
4,2,Parameter-weighted probability mixture audit disagreement,0,0,5,True,0.0,5.0,0.9970930814743042,0.99957275390625,0.9941990971565247,0.9994089603424072
4,4,Parameter-weighted probability mixture audit disagreement,0,0,6,True,0.0,6.0,0.9665393829345703,0.9718663692474365,0.9335845708847046,0.9437342286109924
4,6,Parameter-weighted probability mixture audit disagreement,0,0,6,True,0.0,6.0,0.9925293326377869,0.9926870465278625,0.9851519465446472,0.9856970310211182
4,7,Parameter-weighted probability mixture audit disagreement,0,0,6,True,0.0,6.0,0.9865164756774902,0.9994379878044128,0.9731730818748474,0.9988770484924316
4,22,Parameter-weighted probability mixture audit disagreement,1,1,0,True,1.0,0.0,0.9975823163986206,0.999790370464325,0.9952155947685242,0.9995973706245422
4,23,Parameter-weighted probability mixture audit disagreement,1,1,0,True,1.0,0.0,0.9998229146003723,0.9999774694442749,0.9996650815010071,0.9999708533287048
4,82,Parameter-weighted probability mixture audit disagreement,7,8,7,True,8.0,7.0,0.9982520937919617,0.9999976754188538,0.9965041875839233,0.9999969005584717
4,100,Parameter-weighted probability mixture audit disagreement,9,10,9,True,10.0,9.0,0.9972921013832092,0.9997150301933289,0.994714617729187,0.9995571970939636
5,0,Confidence-gated rule,0,0,0,False,,,,,,
5,1,Confidence-gated rule,0,6,6,False,,,,,,
5,2,Confidence-gated rule,0,0,0,False,,,,,,
5,3,Confidence-gated rule,0,6,6,False,,,,,,
5,4,Confidence-gated rule,0,0,0,False,,,,,,
5,5,Confidence-gated rule,0,6,6,False,,,,,,
5,6,Confidence-gated rule,0,6,6,False,,,,,,
5,7,Confidence-gated rule,0,0,0,False,,,,,,
5,8,Confidence-gated rule,0,6,6,False,,,,,,
5,9,Confidence-gated rule,0,6,6,False,,,,,,
5,10,Confidence-gated rule,10,10,10,False,,,,,,
5,11,Confidence-gated rule,10,7,7,False,,,,,,
5,12,Confidence-gated rule,10,10,10,False,,,,,,
5,13,Confidence-gated rule,10,10,10,False,,,,,,
5,14,Confidence-gated rule,10,10,10,False,,,,,,
5,15,Confidence-gated rule,10,10,10,False,,,,,,
5,16,Confidence-gated rule,10,10,10,False,,,,,,
5,17,Confidence-gated rule,10,10,10,False,,,,,,
5,18,Confidence-gated rule,10,10,10,False,,,,,,
5,19,Confidence-gated rule,10,10,10,False,,,,,,
5,20,Confidence-gated rule,1,7,7,False,,,,,,
5,21,Confidence-gated rule,1,7,7,False,,,,,,
5,22,Confidence-gated rule,1,7,7,False,,,,,,
5,23,Confidence-gated rule,1,7,7,False,,,,,,
5,24,Confidence-gated rule,1,7,7,False,,,,,,
5,25,Confidence-gated rule,1,7,7,False,,,,,,
5,26,Confidence-gated rule,1,7,7,False,,,,,,
5,27,Confidence-gated rule,1,7,7,False,,,,,,
5,28,Confidence-gated rule,1,7,7,False,,,,,,
5,29,Confidence-gated rule,1,7,7,False,,,,,,
5,30,Confidence-gated rule,2,7,7,False,,,,,,
5,31,Confidence-gated rule,2,1,1,False,,,,,,
5,32,Confidence-gated rule,2,2,2,False,,,,,,
5,33,Confidence-gated rule,2,0,0,False,,,,,,
5,34,Confidence-gated rule,2,2,2,False,,,,,,
5,35,Confidence-gated rule,2,0,0,False,,,,,,
5,36,Confidence-gated rule,2,1,1,False,,,,,,
5,37,Confidence-gated rule,2,2,2,False,,,,,,
5,38,Confidence-gated rule,2,7,7,False,,,,,,
5,39,Confidence-gated rule,2,2,2,False,,,,,,
5,40,Confidence-gated rule,3,1,1,False,,,,,,
5,41,Confidence-gated rule,3,3,3,False,,,,,,
5,42,Confidence-gated rule,3,3,3,False,,,,,,
5,43,Confidence-gated rule,3,7,7,False,,,,,,
5,44,Confidence-gated rule,3,1,1,False,,,,,,
5,45,Confidence-gated rule,3,1,1,False,,,,,,
5,46,Confidence-gated rule,3,1,1,False,,,,,,
5,47,Confidence-gated rule,3,1,1,False,,,,,,
5,48,Confidence-gated rule,3,1,1,False,,,,,,
5,49,Confidence-gated rule,3,3,3,False,,,,,,
5,50,Confidence-gated rule,4,4,4,False,,,,,,
5,51,Confidence-gated rule,4,4,4,False,,,,,,
5,52,Confidence-gated rule,4,4,4,False,,,,,,
5,53,Confidence-gated rule,4,4,4,False,,,,,,
5,54,Confidence-gated rule,4,4,4,False,,,,,,
5,55,Confidence-gated rule,4,4,4,False,,,,,,
5,56,Confidence-gated rule,4,4,4,False,,,,,,
5,57,Confidence-gated rule,4,4,4,False,,,,,,
5,58,Confidence-gated rule,4,4,4,False,,,,,,
5,59,Confidence-gated rule,4,4,4,False,,,,,,
5,60,Confidence-gated rule,5,6,6,False,,,,,,
5,61,Confidence-gated rule,5,5,5,False,,,,,,
5,62,Confidence-gated rule,5,5,5,False,,,,,,
5,63,Confidence-gated rule,5,5,5,False,,,,,,
5,64,Confidence-gated rule,5,5,5,False,,,,,,
5,65,Confidence-gated rule,5,5,5,False,,,,,,
5,66,Confidence-gated rule,5,5,5,False,,,,,,
5,67,Confidence-gated rule,5,5,5,False,,,,,,
5,68,Confidence-gated rule,5,5,5,False,,,,,,
5,69,Confidence-gated rule,5,5,5,False,,,,,,
5,70,Confidence-gated rule,6,6,6,False,,,,,,
5,71,Confidence-gated rule,6,6,6,False,,,,,,
5,72,Confidence-gated rule,6,6,6,False,,,,,,
5,73,Confidence-gated rule,6,6,6,False,,,,,,
5,74,Confidence-gated rule,6,6,6,False,,,,,,
5,75,Confidence-gated rule,6,6,6,False,,,,,,
5,76,Confidence-gated rule,6,6,6,False,,,,,,
5,77,Confidence-gated rule,6,6,6,False,,,,,,
5,78,Confidence-gated rule,6,6,6,False,,,,,,
5,79,Confidence-gated rule,6,6,6,False,,,,,,
5,80,Confidence-gated rule,7,7,7,False,,,,,,
5,81,Confidence-gated rule,7,7,7,False,,,,,,
5,82,Confidence-gated rule,7,7,7,False,,,,,,
5,83,Confidence-gated rule,7,7,7,False,,,,,,
5,84,Confidence-gated rule,7,7,7,False,,,,,,
5,85,Confidence-gated rule,7,7,7,False,,,,,,
5,86,Confidence-gated rule,7,7,7,False,,,,,,
5,87,Confidence-gated rule,7,7,7,False,,,,,,
5,88,Confidence-gated rule,7,7,7,False,,,,,,
5,89,Confidence-gated rule,7,7,7,False,,,,,,
5,90,Confidence-gated rule,8,8,8,False,,,,,,
5,91,Confidence-gated rule,8,7,7,False,,,,,,
5,92,Confidence-gated rule,8,8,8,False,,,,,,
5,93,Confidence-gated rule,8,8,8,False,,,,,,
5,94,Confidence-gated rule,8,8,8,False,,,,,,
5,95,Confidence-gated rule,8,7,7,False,,,,,,
5,96,Confidence-gated rule,8,9,9,False,,,,,,
5,97,Confidence-gated rule,8,9,9,False,,,,,,
5,98,Confidence-gated rule,8,8,8,False,,,,,,
5,99,Confidence-gated rule,8,8,8,False,,,,,,
5,100,Confidence-gated rule,9,9,9,False,,,,,,
5,101,Confidence-gated rule,9,9,9,False,,,,,,
5,102,Confidence-gated rule,9,9,9,False,,,,,,
5,103,Confidence-gated rule,9,9,9,False,,,,,,
5,104,Confidence-gated rule,9,9,9,False,,,,,,
5,105,Confidence-gated rule,9,9,9,False,,,,,,
5,106,Confidence-gated rule,9,9,9,False,,,,,,
5,107,Confidence-gated rule,9,9,9,False,,,,,,
5,108,Confidence-gated rule,9,9,9,False,,,,,,
5,109,Confidence-gated rule,9,9,9,False,,,,,,
5,0,Calibrated probability averaging,0,0,0,False,,,,,,
5,1,Calibrated probability averaging,0,6,6,False,,,,,,
5,2,Calibrated probability averaging,0,0,0,False,,,,,,
5,3,Calibrated probability averaging,0,6,6,False,,,,,,
5,4,Calibrated probability averaging,0,0,0,False,,,,,,
5,5,Calibrated probability averaging,0,6,6,False,,,,,,
5,6,Calibrated probability averaging,0,6,6,False,,,,,,
5,7,Calibrated probability averaging,0,0,0,False,,,,,,
5,8,Calibrated probability averaging,0,6,6,False,,,,,,
5,9,Calibrated probability averaging,0,6,6,False,,,,,,
5,10,Calibrated probability averaging,10,10,10,False,,,,,,
5,11,Calibrated probability averaging,10,7,7,False,,,,,,
5,12,Calibrated probability averaging,10,10,10,False,,,,,,
5,13,Calibrated probability averaging,10,10,10,False,,,,,,
5,14,Calibrated probability averaging,10,10,10,False,,,,,,
5,15,Calibrated probability averaging,10,10,10,False,,,,,,
5,16,Calibrated probability averaging,10,10,10,False,,,,,,
5,17,Calibrated probability averaging,10,10,10,False,,,,,,
5,18,Calibrated probability averaging,10,10,10,False,,,,,,
5,19,Calibrated probability averaging,10,10,10,False,,,,,,
5,20,Calibrated probability averaging,1,7,7,False,,,,,,
5,21,Calibrated probability averaging,1,7,7,False,,,,,,
5,22,Calibrated probability averaging,1,7,7,False,,,,,,
5,23,Calibrated probability averaging,1,7,7,False,,,,,,
5,24,Calibrated probability averaging,1,7,7,False,,,,,,
5,25,Calibrated probability averaging,1,7,7,False,,,,,,
5,26,Calibrated probability averaging,1,7,7,False,,,,,,
5,27,Calibrated probability averaging,1,7,7,False,,,,,,
5,28,Calibrated probability averaging,1,7,7,False,,,,,,
5,29,Calibrated probability averaging,1,7,7,False,,,,,,
5,30,Calibrated probability averaging,2,7,7,False,,,,,,
5,31,Calibrated probability averaging,2,1,1,False,,,,,,
5,32,Calibrated probability averaging,2,2,2,False,,,,,,
5,33,Calibrated probability averaging,2,0,0,False,,,,,,
5,34,Calibrated probability averaging,2,2,2,False,,,,,,
5,35,Calibrated probability averaging,2,8,0,True,,,,,,
5,36,Calibrated probability averaging,2,1,1,False,,,,,,
5,37,Calibrated probability averaging,2,2,2,False,,,,,,
5,38,Calibrated probability averaging,2,7,7,False,,,,,,
5,39,Calibrated probability averaging,2,2,2,False,,,,,,
5,40,Calibrated probability averaging,3,1,1,False,,,,,,
5,41,Calibrated probability averaging,3,3,3,False,,,,,,
5,42,Calibrated probability averaging,3,3,3,False,,,,,,
5,43,Calibrated probability averaging,3,7,7,False,,,,,,
5,44,Calibrated probability averaging,3,1,1,False,,,,,,
5,45,Calibrated probability averaging,3,1,1,False,,,,,,
5,46,Calibrated probability averaging,3,1,1,False,,,,,,
5,47,Calibrated probability averaging,3,1,1,False,,,,,,
5,48,Calibrated probability averaging,3,1,1,False,,,,,,
5,49,Calibrated probability averaging,3,3,3,False,,,,,,
5,50,Calibrated probability averaging,4,4,4,False,,,,,,
5,51,Calibrated probability averaging,4,4,4,False,,,,,,
5,52,Calibrated probability averaging,4,4,4,False,,,,,,
5,53,Calibrated probability averaging,4,4,4,False,,,,,,
5,54,Calibrated probability averaging,4,4,4,False,,,,,,
5,55,Calibrated probability averaging,4,4,4,False,,,,,,
5,56,Calibrated probability averaging,4,4,4,False,,,,,,
5,57,Calibrated probability averaging,4,4,4,False,,,,,,
5,58,Calibrated probability averaging,4,4,4,False,,,,,,
5,59,Calibrated probability averaging,4,4,4,False,,,,,,
5,60,Calibrated probability averaging,5,6,6,False,,,,,,
5,61,Calibrated probability averaging,5,5,5,False,,,,,,
5,62,Calibrated probability averaging,5,5,5,False,,,,,,
5,63,Calibrated probability averaging,5,5,5,False,,,,,,
5,64,Calibrated probability averaging,5,5,5,False,,,,,,
5,65,Calibrated probability averaging,5,5,5,False,,,,,,
5,66,Calibrated probability averaging,5,5,5,False,,,,,,
5,67,Calibrated probability averaging,5,5,5,False,,,,,,
5,68,Calibrated probability averaging,5,5,5,False,,,,,,
5,69,Calibrated probability averaging,5,5,5,False,,,,,,
5,70,Calibrated probability averaging,6,6,6,False,,,,,,
5,71,Calibrated probability averaging,6,6,6,False,,,,,,
5,72,Calibrated probability averaging,6,6,6,False,,,,,,
5,73,Calibrated probability averaging,6,6,6,False,,,,,,
5,74,Calibrated probability averaging,6,6,6,False,,,,,,
5,75,Calibrated probability averaging,6,6,6,False,,,,,,
5,76,Calibrated probability averaging,6,6,6,False,,,,,,
5,77,Calibrated probability averaging,6,6,6,False,,,,,,
5,78,Calibrated probability averaging,6,6,6,False,,,,,,
5,79,Calibrated probability averaging,6,6,6,False,,,,,,
5,80,Calibrated probability averaging,7,7,7,False,,,,,,
5,81,Calibrated probability averaging,7,7,7,False,,,,,,
5,82,Calibrated probability averaging,7,7,7,False,,,,,,
5,83,Calibrated probability averaging,7,7,7,False,,,,,,
5,84,Calibrated probability averaging,7,7,7,False,,,,,,
5,85,Calibrated probability averaging,7,7,7,False,,,,,,
5,86,Calibrated probability averaging,7,7,7,False,,,,,,
5,87,Calibrated probability averaging,7,7,7,False,,,,,,
5,88,Calibrated probability averaging,7,7,7,False,,,,,,
5,89,Calibrated probability averaging,7,7,7,False,,,,,,
5,90,Calibrated probability averaging,8,8,8,False,,,,,,
5,91,Calibrated probability averaging,8,7,7,False,,,,,,
5,92,Calibrated probability averaging,8,8,8,False,,,,,,
5,93,Calibrated probability averaging,8,8,8,False,,,,,,
5,94,Calibrated probability averaging,8,8,8,False,,,,,,
5,95,Calibrated probability averaging,8,7,7,False,,,,,,
5,96,Calibrated probability averaging,8,9,9,False,,,,,,
5,97,Calibrated probability averaging,8,9,9,False,,,,,,
5,98,Calibrated probability averaging,8,8,8,False,,,,,,
5,99,Calibrated probability averaging,8,8,8,False,,,,,,
5,100,Calibrated probability averaging,9,9,9,False,,,,,,
5,101,Calibrated probability averaging,9,9,9,False,,,,,,
5,102,Calibrated probability averaging,9,9,9,False,,,,,,
5,103,Calibrated probability averaging,9,9,9,False,,,,,,
5,104,Calibrated probability averaging,9,9,9,False,,,,,,
5,105,Calibrated probability averaging,9,9,9,False,,,,,,
5,106,Calibrated probability averaging,9,9,9,False,,,,,,
5,107,Calibrated probability averaging,9,9,9,False,,,,,,
5,108,Calibrated probability averaging,9,9,9,False,,,,,,
5,109,Calibrated probability averaging,9,9,9,False,,,,,,
5,35,Calibrated probability averaging audit disagreement,2,8,0,True,8.0,0.0,0.7698420882225037,0.841026246547699,0.5399168729782104,0.7679434418678284
5,0,Validation-weighted fusion,0,6,0,True,,,,,,
5,1,Validation-weighted fusion,0,6,6,False,,,,,,
5,2,Validation-weighted fusion,0,0,0,False,,,,,,
5,3,Validation-weighted fusion,0,6,6,False,,,,,,
5,4,Validation-weighted fusion,0,0,0,False,,,,,,
5,5,Validation-weighted fusion,0,6,6,False,,,,,,
5,6,Validation-weighted fusion,0,6,6,False,,,,,,
5,7,Validation-weighted fusion,0,0,0,False,,,,,,
5,8,Validation-weighted fusion,0,6,6,False,,,,,,
5,9,Validation-weighted fusion,0,6,6,False,,,,,,
5,10,Validation-weighted fusion,10,10,10,False,,,,,,
5,11,Validation-weighted fusion,10,7,7,False,,,,,,
5,12,Validation-weighted fusion,10,10,10,False,,,,,,
5,13,Validation-weighted fusion,10,10,10,False,,,,,,
5,14,Validation-weighted fusion,10,10,10,False,,,,,,
5,15,Validation-weighted fusion,10,10,10,False,,,,,,
5,16,Validation-weighted fusion,10,10,10,False,,,,,,
5,17,Validation-weighted fusion,10,10,10,False,,,,,,
5,18,Validation-weighted fusion,10,10,10,False,,,,,,
5,19,Validation-weighted fusion,10,10,10,False,,,,,,
5,20,Validation-weighted fusion,1,1,7,True,,,,,,
5,21,Validation-weighted fusion,1,7,7,False,,,,,,
5,22,Validation-weighted fusion,1,7,7,False,,,,,,
5,23,Validation-weighted fusion,1,7,7,False,,,,,,
5,24,Validation-weighted fusion,1,7,7,False,,,,,,
5,25,Validation-weighted fusion,1,7,7,False,,,,,,
5,26,Validation-weighted fusion,1,7,7,False,,,,,,
5,27,Validation-weighted fusion,1,7,7,False,,,,,,
5,28,Validation-weighted fusion,1,7,7,False,,,,,,
5,29,Validation-weighted fusion,1,7,7,False,,,,,,
5,30,Validation-weighted fusion,2,7,7,False,,,,,,
5,31,Validation-weighted fusion,2,1,1,False,,,,,,
5,32,Validation-weighted fusion,2,2,2,False,,,,,,
5,33,Validation-weighted fusion,2,0,0,False,,,,,,
5,34,Validation-weighted fusion,2,1,2,True,,,,,,
5,35,Validation-weighted fusion,2,8,0,True,,,,,,
5,36,Validation-weighted fusion,2,1,1,False,,,,,,
5,37,Validation-weighted fusion,2,2,2,False,,,,,,
5,38,Validation-weighted fusion,2,7,7,False,,,,,,
5,39,Validation-weighted fusion,2,7,2,True,,,,,,
5,40,Validation-weighted fusion,3,1,1,False,,,,,,
5,41,Validation-weighted fusion,3,7,3,True,,,,,,
5,42,Validation-weighted fusion,3,1,3,True,,,,,,
5,43,Validation-weighted fusion,3,7,7,False,,,,,,
5,44,Validation-weighted fusion,3,2,1,True,,,,,,
5,45,Validation-weighted fusion,3,1,1,False,,,,,,
5,46,Validation-weighted fusion,3,1,1,False,,,,,,
5,47,Validation-weighted fusion,3,1,1,False,,,,,,
5,48,Validation-weighted fusion,3,1,1,False,,,,,,
5,49,Validation-weighted fusion,3,1,3,True,,,,,,
5,50,Validation-weighted fusion,4,4,4,False,,,,,,
5,51,Validation-weighted fusion,4,4,4,False,,,,,,
5,52,Validation-weighted fusion,4,4,4,False,,,,,,
5,53,Validation-weighted fusion,4,4,4,False,,,,,,
5,54,Validation-weighted fusion,4,4,4,False,,,,,,
5,55,Validation-weighted fusion,4,4,4,False,,,,,,
5,56,Validation-weighted fusion,4,4,4,False,,,,,,
5,57,Validation-weighted fusion,4,4,4,False,,,,,,
5,58,Validation-weighted fusion,4,4,4,False,,,,,,
5,59,Validation-weighted fusion,4,4,4,False,,,,,,
5,60,Validation-weighted fusion,5,6,6,False,,,,,,
5,61,Validation-weighted fusion,5,5,5,False,,,,,,
5,62,Validation-weighted fusion,5,5,5,False,,,,,,
5,63,Validation-weighted fusion,5,5,5,False,,,,,,
5,64,Validation-weighted fusion,5,5,5,False,,,,,,
5,65,Validation-weighted fusion,5,5,5,False,,,,,,
5,66,Validation-weighted fusion,5,5,5,False,,,,,,
5,67,Validation-weighted fusion,5,5,5,False,,,,,,
5,68,Validation-weighted fusion,5,0,5,True,,,,,,
5,69,Validation-weighted fusion,5,5,5,False,,,,,,
5,70,Validation-weighted fusion,6,6,6,False,,,,,,
5,71,Validation-weighted fusion,6,6,6,False,,,,,,
5,72,Validation-weighted fusion,6,6,6,False,,,,,,
5,73,Validation-weighted fusion,6,6,6,False,,,,,,
5,74,Validation-weighted fusion,6,6,6,False,,,,,,
5,75,Validation-weighted fusion,6,6,6,False,,,,,,
5,76,Validation-weighted fusion,6,6,6,False,,,,,,
5,77,Validation-weighted fusion,6,6,6,False,,,,,,
5,78,Validation-weighted fusion,6,6,6,False,,,,,,
5,79,Validation-weighted fusion,6,6,6,False,,,,,,
5,80,Validation-weighted fusion,7,7,7,False,,,,,,
5,81,Validation-weighted fusion,7,7,7,False,,,,,,
5,82,Validation-weighted fusion,7,7,7,False,,,,,,
5,83,Validation-weighted fusion,7,7,7,False,,,,,,
5,84,Validation-weighted fusion,7,7,7,False,,,,,,
5,85,Validation-weighted fusion,7,7,7,False,,,,,,
5,86,Validation-weighted fusion,7,7,7,False,,,,,,
5,87,Validation-weighted fusion,7,7,7,False,,,,,,
5,88,Validation-weighted fusion,7,7,7,False,,,,,,
5,89,Validation-weighted fusion,7,7,7,False,,,,,,
5,90,Validation-weighted fusion,8,8,8,False,,,,,,
5,91,Validation-weighted fusion,8,7,7,False,,,,,,
5,92,Validation-weighted fusion,8,8,8,False,,,,,,
5,93,Validation-weighted fusion,8,7,8,True,,,,,,
5,94,Validation-weighted fusion,8,8,8,False,,,,,,
5,95,Validation-weighted fusion,8,7,7,False,,,,,,
5,96,Validation-weighted fusion,8,7,9,True,,,,,,
5,97,Validation-weighted fusion,8,7,9,True,,,,,,
5,98,Validation-weighted fusion,8,8,8,False,,,,,,
5,99,Validation-weighted fusion,8,7,8,True,,,,,,
5,100,Validation-weighted fusion,9,9,9,False,,,,,,
5,101,Validation-weighted fusion,9,9,9,False,,,,,,
5,102,Validation-weighted fusion,9,9,9,False,,,,,,
5,103,Validation-weighted fusion,9,9,9,False,,,,,,
5,104,Validation-weighted fusion,9,9,9,False,,,,,,
5,105,Validation-weighted fusion,9,9,9,False,,,,,,
5,106,Validation-weighted fusion,9,9,9,False,,,,,,
5,107,Validation-weighted fusion,9,9,9,False,,,,,,
5,108,Validation-weighted fusion,9,9,9,False,,,,,,
5,109,Validation-weighted fusion,9,9,9,False,,,,,,
5,0,Validation-weighted fusion audit disagreement,0,6,0,True,6.0,0.0,0.8507459163665771,0.9999917149543762,0.7014918327331543,0.9999847412109375
5,20,Validation-weighted fusion audit disagreement,1,1,7,True,1.0,7.0,0.8912714719772339,0.9997057318687439,0.7825933694839478,0.9994254112243652
5,34,Validation-weighted fusion audit disagreement,2,1,2,True,1.0,2.0,0.6569435000419617,0.9495779871940613,0.4483606219291687,0.9170408248901367
5,35,Validation-weighted fusion audit disagreement,2,8,0,True,8.0,0.0,0.7698420882225037,0.841026246547699,0.5399168729782104,0.7679434418678284
5,39,Validation-weighted fusion audit disagreement,2,7,2,True,7.0,2.0,0.992548942565918,0.9991461634635925,0.9868276715278625,0.9986552000045776
5,41,Validation-weighted fusion audit disagreement,3,7,3,True,7.0,3.0,0.9978482723236084,0.9988597631454468,0.9958194494247437,0.9977757334709167
5,42,Validation-weighted fusion audit disagreement,3,1,3,True,1.0,3.0,0.5134406089782715,0.9932475090026855,0.11530196666717529,0.9865004420280457
5,44,Validation-weighted fusion audit disagreement,3,2,1,True,2.0,1.0,0.9855988025665283,0.9983230233192444,0.9716396927833557,0.9974886775016785
5,49,Validation-weighted fusion audit disagreement,3,1,3,True,1.0,3.0,0.9995173215866089,0.999700129032135,0.99905925989151,0.9994069337844849
5,68,Validation-weighted fusion audit disagreement,5,0,5,True,0.0,5.0,0.9487814903259277,0.9988976120948792,0.8975637555122375,0.9979920983314514
5,93,Validation-weighted fusion audit disagreement,8,7,8,True,7.0,8.0,0.9618955254554749,0.9999456405639648,0.9342250823974609,0.9999315738677979
5,96,Validation-weighted fusion audit disagreement,8,7,9,True,7.0,9.0,0.5503667593002319,0.7405035495758057,0.15255936980247498,0.6440807580947876
5,97,Validation-weighted fusion audit disagreement,8,7,9,True,7.0,9.0,0.8888348340988159,0.9664053320884705,0.7781660556793213,0.9564493298530579
5,99,Validation-weighted fusion audit disagreement,8,7,8,True,7.0,8.0,0.9956735968589783,0.9974799752235413,0.9927394986152649,0.9955916404724121
5,0,Maximum-confidence selection,0,0,0,False,,,,,,
5,1,Maximum-confidence selection,0,6,6,False,,,,,,
5,2,Maximum-confidence selection,0,0,0,False,,,,,,
5,3,Maximum-confidence selection,0,6,6,False,,,,,,
5,4,Maximum-confidence selection,0,0,0,False,,,,,,
5,5,Maximum-confidence selection,0,6,6,False,,,,,,
5,6,Maximum-confidence selection,0,6,6,False,,,,,,
5,7,Maximum-confidence selection,0,0,0,False,,,,,,
5,8,Maximum-confidence selection,0,6,6,False,,,,,,
5,9,Maximum-confidence selection,0,6,6,False,,,,,,
5,10,Maximum-confidence selection,10,10,10,False,,,,,,
5,11,Maximum-confidence selection,10,7,7,False,,,,,,
5,12,Maximum-confidence selection,10,10,10,False,,,,,,
5,13,Maximum-confidence selection,10,10,10,False,,,,,,
5,14,Maximum-confidence selection,10,10,10,False,,,,,,
5,15,Maximum-confidence selection,10,10,10,False,,,,,,
5,16,Maximum-confidence selection,10,10,10,False,,,,,,
5,17,Maximum-confidence selection,10,10,10,False,,,,,,
5,18,Maximum-confidence selection,10,10,10,False,,,,,,
5,19,Maximum-confidence selection,10,10,10,False,,,,,,
5,20,Maximum-confidence selection,1,7,7,False,,,,,,
5,21,Maximum-confidence selection,1,7,7,False,,,,,,
5,22,Maximum-confidence selection,1,7,7,False,,,,,,
5,23,Maximum-confidence selection,1,7,7,False,,,,,,
5,24,Maximum-confidence selection,1,7,7,False,,,,,,
5,25,Maximum-confidence selection,1,7,7,False,,,,,,
5,26,Maximum-confidence selection,1,7,7,False,,,,,,
5,27,Maximum-confidence selection,1,7,7,False,,,,,,
5,28,Maximum-confidence selection,1,7,7,False,,,,,,
5,29,Maximum-confidence selection,1,7,7,False,,,,,,
5,30,Maximum-confidence selection,2,7,7,False,,,,,,
5,31,Maximum-confidence selection,2,1,1,False,,,,,,
5,32,Maximum-confidence selection,2,2,2,False,,,,,,
5,33,Maximum-confidence selection,2,0,0,False,,,,,,
5,34,Maximum-confidence selection,2,2,2,False,,,,,,
5,35,Maximum-confidence selection,2,0,0,False,,,,,,
5,36,Maximum-confidence selection,2,1,1,False,,,,,,
5,37,Maximum-confidence selection,2,2,2,False,,,,,,
5,38,Maximum-confidence selection,2,7,7,False,,,,,,
5,39,Maximum-confidence selection,2,2,2,False,,,,,,
5,40,Maximum-confidence selection,3,1,1,False,,,,,,
5,41,Maximum-confidence selection,3,3,3,False,,,,,,
5,42,Maximum-confidence selection,3,3,3,False,,,,,,
5,43,Maximum-confidence selection,3,7,7,False,,,,,,
5,44,Maximum-confidence selection,3,1,1,False,,,,,,
5,45,Maximum-confidence selection,3,1,1,False,,,,,,
5,46,Maximum-confidence selection,3,1,1,False,,,,,,
5,47,Maximum-confidence selection,3,1,1,False,,,,,,
5,48,Maximum-confidence selection,3,1,1,False,,,,,,
5,49,Maximum-confidence selection,3,3,3,False,,,,,,
5,50,Maximum-confidence selection,4,4,4,False,,,,,,
5,51,Maximum-confidence selection,4,4,4,False,,,,,,
5,52,Maximum-confidence selection,4,4,4,False,,,,,,
5,53,Maximum-confidence selection,4,4,4,False,,,,,,
5,54,Maximum-confidence selection,4,4,4,False,,,,,,
5,55,Maximum-confidence selection,4,4,4,False,,,,,,
5,56,Maximum-confidence selection,4,4,4,False,,,,,,
5,57,Maximum-confidence selection,4,4,4,False,,,,,,
5,58,Maximum-confidence selection,4,4,4,False,,,,,,
5,59,Maximum-confidence selection,4,4,4,False,,,,,,
5,60,Maximum-confidence selection,5,6,6,False,,,,,,
5,61,Maximum-confidence selection,5,5,5,False,,,,,,
5,62,Maximum-confidence selection,5,5,5,False,,,,,,
5,63,Maximum-confidence selection,5,5,5,False,,,,,,
5,64,Maximum-confidence selection,5,5,5,False,,,,,,
5,65,Maximum-confidence selection,5,5,5,False,,,,,,
5,66,Maximum-confidence selection,5,5,5,False,,,,,,
5,67,Maximum-confidence selection,5,5,5,False,,,,,,
5,68,Maximum-confidence selection,5,5,5,False,,,,,,
5,69,Maximum-confidence selection,5,5,5,False,,,,,,
5,70,Maximum-confidence selection,6,6,6,False,,,,,,
5,71,Maximum-confidence selection,6,6,6,False,,,,,,
5,72,Maximum-confidence selection,6,6,6,False,,,,,,
5,73,Maximum-confidence selection,6,6,6,False,,,,,,
5,74,Maximum-confidence selection,6,6,6,False,,,,,,
5,75,Maximum-confidence selection,6,6,6,False,,,,,,
5,76,Maximum-confidence selection,6,6,6,False,,,,,,
5,77,Maximum-confidence selection,6,6,6,False,,,,,,
5,78,Maximum-confidence selection,6,6,6,False,,,,,,
5,79,Maximum-confidence selection,6,6,6,False,,,,,,
5,80,Maximum-confidence selection,7,7,7,False,,,,,,
5,81,Maximum-confidence selection,7,7,7,False,,,,,,
5,82,Maximum-confidence selection,7,7,7,False,,,,,,
5,83,Maximum-confidence selection,7,7,7,False,,,,,,
5,84,Maximum-confidence selection,7,7,7,False,,,,,,
5,85,Maximum-confidence selection,7,7,7,False,,,,,,
5,86,Maximum-confidence selection,7,7,7,False,,,,,,
5,87,Maximum-confidence selection,7,7,7,False,,,,,,
5,88,Maximum-confidence selection,7,7,7,False,,,,,,
5,89,Maximum-confidence selection,7,7,7,False,,,,,,
5,90,Maximum-confidence selection,8,8,8,False,,,,,,
5,91,Maximum-confidence selection,8,7,7,False,,,,,,
5,92,Maximum-confidence selection,8,8,8,False,,,,,,
5,93,Maximum-confidence selection,8,8,8,False,,,,,,
5,94,Maximum-confidence selection,8,8,8,False,,,,,,
5,95,Maximum-confidence selection,8,7,7,False,,,,,,
5,96,Maximum-confidence selection,8,9,9,False,,,,,,
5,97,Maximum-confidence selection,8,9,9,False,,,,,,
5,98,Maximum-confidence selection,8,8,8,False,,,,,,
5,99,Maximum-confidence selection,8,8,8,False,,,,,,
5,100,Maximum-confidence selection,9,9,9,False,,,,,,
5,101,Maximum-confidence selection,9,9,9,False,,,,,,
5,102,Maximum-confidence selection,9,9,9,False,,,,,,
5,103,Maximum-confidence selection,9,9,9,False,,,,,,
5,104,Maximum-confidence selection,9,9,9,False,,,,,,
5,105,Maximum-confidence selection,9,9,9,False,,,,,,
5,106,Maximum-confidence selection,9,9,9,False,,,,,,
5,107,Maximum-confidence selection,9,9,9,False,,,,,,
5,108,Maximum-confidence selection,9,9,9,False,,,,,,
5,109,Maximum-confidence selection,9,9,9,False,,,,,,
5,0,Margin-only selection,0,0,0,False,,,,,,
5,1,Margin-only selection,0,6,6,False,,,,,,
5,2,Margin-only selection,0,0,0,False,,,,,,
5,3,Margin-only selection,0,6,6,False,,,,,,
5,4,Margin-only selection,0,0,0,False,,,,,,
5,5,Margin-only selection,0,6,6,False,,,,,,
5,6,Margin-only selection,0,6,6,False,,,,,,
5,7,Margin-only selection,0,0,0,False,,,,,,
5,8,Margin-only selection,0,6,6,False,,,,,,
5,9,Margin-only selection,0,6,6,False,,,,,,
5,10,Margin-only selection,10,10,10,False,,,,,,
5,11,Margin-only selection,10,7,7,False,,,,,,
5,12,Margin-only selection,10,10,10,False,,,,,,
5,13,Margin-only selection,10,10,10,False,,,,,,
5,14,Margin-only selection,10,10,10,False,,,,,,
5,15,Margin-only selection,10,10,10,False,,,,,,
5,16,Margin-only selection,10,10,10,False,,,,,,
5,17,Margin-only selection,10,10,10,False,,,,,,
5,18,Margin-only selection,10,10,10,False,,,,,,
5,19,Margin-only selection,10,10,10,False,,,,,,
5,20,Margin-only selection,1,7,7,False,,,,,,
5,21,Margin-only selection,1,7,7,False,,,,,,
5,22,Margin-only selection,1,7,7,False,,,,,,
5,23,Margin-only selection,1,7,7,False,,,,,,
5,24,Margin-only selection,1,7,7,False,,,,,,
5,25,Margin-only selection,1,7,7,False,,,,,,
5,26,Margin-only selection,1,7,7,False,,,,,,
5,27,Margin-only selection,1,7,7,False,,,,,,
5,28,Margin-only selection,1,7,7,False,,,,,,
5,29,Margin-only selection,1,7,7,False,,,,,,
5,30,Margin-only selection,2,7,7,False,,,,,,
5,31,Margin-only selection,2,1,1,False,,,,,,
5,32,Margin-only selection,2,2,2,False,,,,,,
5,33,Margin-only selection,2,0,0,False,,,,,,
5,34,Margin-only selection,2,2,2,False,,,,,,
5,35,Margin-only selection,2,0,0,False,,,,,,
5,36,Margin-only selection,2,1,1,False,,,,,,
5,37,Margin-only selection,2,2,2,False,,,,,,
5,38,Margin-only selection,2,7,7,False,,,,,,
5,39,Margin-only selection,2,2,2,False,,,,,,
5,40,Margin-only selection,3,1,1,False,,,,,,
5,41,Margin-only selection,3,3,3,False,,,,,,
5,42,Margin-only selection,3,3,3,False,,,,,,
5,43,Margin-only selection,3,7,7,False,,,,,,
5,44,Margin-only selection,3,1,1,False,,,,,,
5,45,Margin-only selection,3,1,1,False,,,,,,
5,46,Margin-only selection,3,1,1,False,,,,,,
5,47,Margin-only selection,3,1,1,False,,,,,,
5,48,Margin-only selection,3,1,1,False,,,,,,
5,49,Margin-only selection,3,3,3,False,,,,,,
5,50,Margin-only selection,4,4,4,False,,,,,,
5,51,Margin-only selection,4,4,4,False,,,,,,
5,52,Margin-only selection,4,4,4,False,,,,,,
5,53,Margin-only selection,4,4,4,False,,,,,,
5,54,Margin-only selection,4,4,4,False,,,,,,
5,55,Margin-only selection,4,4,4,False,,,,,,
5,56,Margin-only selection,4,4,4,False,,,,,,
5,57,Margin-only selection,4,4,4,False,,,,,,
5,58,Margin-only selection,4,4,4,False,,,,,,
5,59,Margin-only selection,4,4,4,False,,,,,,
5,60,Margin-only selection,5,6,6,False,,,,,,
5,61,Margin-only selection,5,5,5,False,,,,,,
5,62,Margin-only selection,5,5,5,False,,,,,,
5,63,Margin-only selection,5,5,5,False,,,,,,
5,64,Margin-only selection,5,5,5,False,,,,,,
5,65,Margin-only selection,5,5,5,False,,,,,,
5,66,Margin-only selection,5,5,5,False,,,,,,
5,67,Margin-only selection,5,5,5,False,,,,,,
5,68,Margin-only selection,5,5,5,False,,,,,,
5,69,Margin-only selection,5,5,5,False,,,,,,
5,70,Margin-only selection,6,6,6,False,,,,,,
5,71,Margin-only selection,6,6,6,False,,,,,,
5,72,Margin-only selection,6,6,6,False,,,,,,
5,73,Margin-only selection,6,6,6,False,,,,,,
5,74,Margin-only selection,6,6,6,False,,,,,,
5,75,Margin-only selection,6,6,6,False,,,,,,
5,76,Margin-only selection,6,6,6,False,,,,,,
5,77,Margin-only selection,6,6,6,False,,,,,,
5,78,Margin-only selection,6,6,6,False,,,,,,
5,79,Margin-only selection,6,6,6,False,,,,,,
5,80,Margin-only selection,7,7,7,False,,,,,,
5,81,Margin-only selection,7,7,7,False,,,,,,
5,82,Margin-only selection,7,7,7,False,,,,,,
5,83,Margin-only selection,7,7,7,False,,,,,,
5,84,Margin-only selection,7,7,7,False,,,,,,
5,85,Margin-only selection,7,7,7,False,,,,,,
5,86,Margin-only selection,7,7,7,False,,,,,,
5,87,Margin-only selection,7,7,7,False,,,,,,
5,88,Margin-only selection,7,7,7,False,,,,,,
5,89,Margin-only selection,7,7,7,False,,,,,,
5,90,Margin-only selection,8,8,8,False,,,,,,
5,91,Margin-only selection,8,7,7,False,,,,,,
5,92,Margin-only selection,8,8,8,False,,,,,,
5,93,Margin-only selection,8,8,8,False,,,,,,
5,94,Margin-only selection,8,8,8,False,,,,,,
5,95,Margin-only selection,8,7,7,False,,,,,,
5,96,Margin-only selection,8,9,9,False,,,,,,
5,97,Margin-only selection,8,9,9,False,,,,,,
5,98,Margin-only selection,8,8,8,False,,,,,,
5,99,Margin-only selection,8,8,8,False,,,,,,
5,100,Margin-only selection,9,9,9,False,,,,,,
5,101,Margin-only selection,9,9,9,False,,,,,,
5,102,Margin-only selection,9,9,9,False,,,,,,
5,103,Margin-only selection,9,9,9,False,,,,,,
5,104,Margin-only selection,9,9,9,False,,,,,,
5,105,Margin-only selection,9,9,9,False,,,,,,
5,106,Margin-only selection,9,9,9,False,,,,,,
5,107,Margin-only selection,9,9,9,False,,,,,,
5,108,Margin-only selection,9,9,9,False,,,,,,
5,109,Margin-only selection,9,9,9,False,,,,,,
5,0,Logistic stacking,0,0,0,False,,,,,,
5,1,Logistic stacking,0,5,6,True,,,,,,
5,2,Logistic stacking,0,0,0,False,,,,,,
5,3,Logistic stacking,0,6,6,False,,,,,,
5,4,Logistic stacking,0,0,0,False,,,,,,
5,5,Logistic stacking,0,6,6,False,,,,,,
5,6,Logistic stacking,0,6,6,False,,,,,,
5,7,Logistic stacking,0,0,0,False,,,,,,
5,8,Logistic stacking,0,6,6,False,,,,,,
5,9,Logistic stacking,0,0,6,True,,,,,,
5,10,Logistic stacking,10,10,10,False,,,,,,
5,11,Logistic stacking,10,7,7,False,,,,,,
5,12,Logistic stacking,10,10,10,False,,,,,,
5,13,Logistic stacking,10,10,10,False,,,,,,
5,14,Logistic stacking,10,10,10,False,,,,,,
5,15,Logistic stacking,10,10,10,False,,,,,,
5,16,Logistic stacking,10,10,10,False,,,,,,
5,17,Logistic stacking,10,10,10,False,,,,,,
5,18,Logistic stacking,10,10,10,False,,,,,,
5,19,Logistic stacking,10,10,10,False,,,,,,
5,20,Logistic stacking,1,1,7,True,,,,,,
5,21,Logistic stacking,1,7,7,False,,,,,,
5,22,Logistic stacking,1,7,7,False,,,,,,
5,23,Logistic stacking,1,7,7,False,,,,,,
5,24,Logistic stacking,1,7,7,False,,,,,,
5,25,Logistic stacking,1,7,7,False,,,,,,
5,26,Logistic stacking,1,7,7,False,,,,,,
5,27,Logistic stacking,1,7,7,False,,,,,,
5,28,Logistic stacking,1,7,7,False,,,,,,
5,29,Logistic stacking,1,7,7,False,,,,,,
5,30,Logistic stacking,2,7,7,False,,,,,,
5,31,Logistic stacking,2,1,1,False,,,,,,
5,32,Logistic stacking,2,2,2,False,,,,,,
5,33,Logistic stacking,2,0,0,False,,,,,,
5,34,Logistic stacking,2,1,2,True,,,,,,
5,35,Logistic stacking,2,8,0,True,,,,,,
5,36,Logistic stacking,2,1,1,False,,,,,,
5,37,Logistic stacking,2,2,2,False,,,,,,
5,38,Logistic stacking,2,7,7,False,,,,,,
5,39,Logistic stacking,2,7,2,True,,,,,,
5,40,Logistic stacking,3,1,1,False,,,,,,
5,41,Logistic stacking,3,3,3,False,,,,,,
5,42,Logistic stacking,3,3,3,False,,,,,,
5,43,Logistic stacking,3,3,7,True,,,,,,
5,44,Logistic stacking,3,2,1,True,,,,,,
5,45,Logistic stacking,3,1,1,False,,,,,,
5,46,Logistic stacking,3,1,1,False,,,,,,
5,47,Logistic stacking,3,1,1,False,,,,,,
5,48,Logistic stacking,3,1,1,False,,,,,,
5,49,Logistic stacking,3,1,3,True,,,,,,
5,50,Logistic stacking,4,4,4,False,,,,,,
5,51,Logistic stacking,4,4,4,False,,,,,,
5,52,Logistic stacking,4,4,4,False,,,,,,
5,53,Logistic stacking,4,4,4,False,,,,,,
5,54,Logistic stacking,4,4,4,False,,,,,,
5,55,Logistic stacking,4,4,4,False,,,,,,
5,56,Logistic stacking,4,4,4,False,,,,,,
5,57,Logistic stacking,4,4,4,False,,,,,,
5,58,Logistic stacking,4,4,4,False,,,,,,
5,59,Logistic stacking,4,4,4,False,,,,,,
5,60,Logistic stacking,5,5,6,True,,,,,,
5,61,Logistic stacking,5,5,5,False,,,,,,
5,62,Logistic stacking,5,5,5,False,,,,,,
5,63,Logistic stacking,5,5,5,False,,,,,,
5,64,Logistic stacking,5,5,5,False,,,,,,
5,65,Logistic stacking,5,5,5,False,,,,,,
5,66,Logistic stacking,5,5,5,False,,,,,,
5,67,Logistic stacking,5,5,5,False,,,,,,
5,68,Logistic stacking,5,0,5,True,,,,,,
5,69,Logistic stacking,5,5,5,False,,,,,,
5,70,Logistic stacking,6,6,6,False,,,,,,
5,71,Logistic stacking,6,6,6,False,,,,,,
5,72,Logistic stacking,6,6,6,False,,,,,,
5,73,Logistic stacking,6,6,6,False,,,,,,
5,74,Logistic stacking,6,6,6,False,,,,,,
5,75,Logistic stacking,6,6,6,False,,,,,,
5,76,Logistic stacking,6,6,6,False,,,,,,
5,77,Logistic stacking,6,6,6,False,,,,,,
5,78,Logistic stacking,6,6,6,False,,,,,,
5,79,Logistic stacking,6,6,6,False,,,,,,
5,80,Logistic stacking,7,7,7,False,,,,,,
5,81,Logistic stacking,7,7,7,False,,,,,,
5,82,Logistic stacking,7,7,7,False,,,,,,
5,83,Logistic stacking,7,7,7,False,,,,,,
5,84,Logistic stacking,7,7,7,False,,,,,,
5,85,Logistic stacking,7,7,7,False,,,,,,
5,86,Logistic stacking,7,7,7,False,,,,,,
5,87,Logistic stacking,7,7,7,False,,,,,,
5,88,Logistic stacking,7,7,7,False,,,,,,
5,89,Logistic stacking,7,7,7,False,,,,,,
5,90,Logistic stacking,8,8,8,False,,,,,,
5,91,Logistic stacking,8,7,7,False,,,,,,
5,92,Logistic stacking,8,8,8,False,,,,,,
5,93,Logistic stacking,8,8,8,False,,,,,,
5,94,Logistic stacking,8,8,8,False,,,,,,
5,95,Logistic stacking,8,7,7,False,,,,,,
5,96,Logistic stacking,8,9,9,False,,,,,,
5,97,Logistic stacking,8,9,9,False,,,,,,
5,98,Logistic stacking,8,8,8,False,,,,,,
5,99,Logistic stacking,8,8,8,False,,,,,,
5,100,Logistic stacking,9,9,9,False,,,,,,
5,101,Logistic stacking,9,9,9,False,,,,,,
5,102,Logistic stacking,9,9,9,False,,,,,,
5,103,Logistic stacking,9,9,9,False,,,,,,
5,104,Logistic stacking,9,9,9,False,,,,,,
5,105,Logistic stacking,9,9,9,False,,,,,,
5,106,Logistic stacking,9,9,9,False,,,,,,
5,107,Logistic stacking,9,9,9,False,,,,,,
5,108,Logistic stacking,9,9,9,False,,,,,,
5,109,Logistic stacking,9,9,9,False,,,,,,
5,1,Logistic stacking audit disagreement,0,5,6,True,6.0,5.0,0.9999074935913086,0.9976522922515869,0.9998160004615784,0.9964761137962341
5,9,Logistic stacking audit disagreement,0,0,6,True,6.0,0.0,0.9999822378158569,0.9991763830184937,0.9999644756317139,0.9984326362609863
5,20,Logistic stacking audit disagreement,1,1,7,True,1.0,7.0,0.8912714719772339,0.9997057318687439,0.7825933694839478,0.9994254112243652
5,34,Logistic stacking audit disagreement,2,1,2,True,1.0,2.0,0.6569435000419617,0.9495779871940613,0.4483606219291687,0.9170408248901367
5,35,Logistic stacking audit disagreement,2,8,0,True,8.0,0.0,0.7698420882225037,0.841026246547699,0.5399168729782104,0.7679434418678284
5,39,Logistic stacking audit disagreement,2,7,2,True,7.0,2.0,0.992548942565918,0.9991461634635925,0.9868276715278625,0.9986552000045776
5,43,Logistic stacking audit disagreement,3,3,7,True,7.0,3.0,0.9999842643737793,0.9988442063331604,0.9999759197235107,0.9982551336288452
5,44,Logistic stacking audit disagreement,3,2,1,True,2.0,1.0,0.9855988025665283,0.9983230233192444,0.9716396927833557,0.9974886775016785
5,49,Logistic stacking audit disagreement,3,1,3,True,1.0,3.0,0.9995173215866089,0.999700129032135,0.99905925989151,0.9994069337844849
5,60,Logistic stacking audit disagreement,5,5,6,True,6.0,5.0,0.9999973773956299,0.9864300489425659,0.9999949336051941,0.975705623626709
5,68,Logistic stacking audit disagreement,5,0,5,True,0.0,5.0,0.9487814903259277,0.9988976120948792,0.8975637555122375,0.9979920983314514
5,0,Parameter-weighted probability mixture,0,0,0,False,,,,,,
5,1,Parameter-weighted probability mixture,0,6,6,False,,,,,,
5,2,Parameter-weighted probability mixture,0,0,0,False,,,,,,
5,3,Parameter-weighted probability mixture,0,6,6,False,,,,,,
5,4,Parameter-weighted probability mixture,0,0,0,False,,,,,,
5,5,Parameter-weighted probability mixture,0,6,6,False,,,,,,
5,6,Parameter-weighted probability mixture,0,6,6,False,,,,,,
5,7,Parameter-weighted probability mixture,0,0,0,False,,,,,,
5,8,Parameter-weighted probability mixture,0,6,6,False,,,,,,
5,9,Parameter-weighted probability mixture,0,6,6,False,,,,,,
5,10,Parameter-weighted probability mixture,10,10,10,False,,,,,,
5,11,Parameter-weighted probability mixture,10,7,7,False,,,,,,
5,12,Parameter-weighted probability mixture,10,10,10,False,,,,,,
5,13,Parameter-weighted probability mixture,10,10,10,False,,,,,,
5,14,Parameter-weighted probability mixture,10,10,10,False,,,,,,
5,15,Parameter-weighted probability mixture,10,10,10,False,,,,,,
5,16,Parameter-weighted probability mixture,10,10,10,False,,,,,,
5,17,Parameter-weighted probability mixture,10,10,10,False,,,,,,
5,18,Parameter-weighted probability mixture,10,10,10,False,,,,,,
5,19,Parameter-weighted probability mixture,10,10,10,False,,,,,,
5,20,Parameter-weighted probability mixture,1,7,7,False,,,,,,
5,21,Parameter-weighted probability mixture,1,7,7,False,,,,,,
5,22,Parameter-weighted probability mixture,1,7,7,False,,,,,,
5,23,Parameter-weighted probability mixture,1,7,7,False,,,,,,
5,24,Parameter-weighted probability mixture,1,7,7,False,,,,,,
5,25,Parameter-weighted probability mixture,1,7,7,False,,,,,,
5,26,Parameter-weighted probability mixture,1,7,7,False,,,,,,
5,27,Parameter-weighted probability mixture,1,7,7,False,,,,,,
5,28,Parameter-weighted probability mixture,1,7,7,False,,,,,,
5,29,Parameter-weighted probability mixture,1,7,7,False,,,,,,
5,30,Parameter-weighted probability mixture,2,7,7,False,,,,,,
5,31,Parameter-weighted probability mixture,2,1,1,False,,,,,,
5,32,Parameter-weighted probability mixture,2,2,2,False,,,,,,
5,33,Parameter-weighted probability mixture,2,0,0,False,,,,,,
5,34,Parameter-weighted probability mixture,2,2,2,False,,,,,,
5,35,Parameter-weighted probability mixture,2,0,0,False,,,,,,
5,36,Parameter-weighted probability mixture,2,1,1,False,,,,,,
5,37,Parameter-weighted probability mixture,2,2,2,False,,,,,,
5,38,Parameter-weighted probability mixture,2,7,7,False,,,,,,
5,39,Parameter-weighted probability mixture,2,7,2,True,,,,,,
5,40,Parameter-weighted probability mixture,3,1,1,False,,,,,,
5,41,Parameter-weighted probability mixture,3,7,3,True,,,,,,
5,42,Parameter-weighted probability mixture,3,3,3,False,,,,,,
5,43,Parameter-weighted probability mixture,3,7,7,False,,,,,,
5,44,Parameter-weighted probability mixture,3,2,1,True,,,,,,
5,45,Parameter-weighted probability mixture,3,1,1,False,,,,,,
5,46,Parameter-weighted probability mixture,3,1,1,False,,,,,,
5,47,Parameter-weighted probability mixture,3,1,1,False,,,,,,
5,48,Parameter-weighted probability mixture,3,1,1,False,,,,,,
5,49,Parameter-weighted probability mixture,3,1,3,True,,,,,,
5,50,Parameter-weighted probability mixture,4,4,4,False,,,,,,
5,51,Parameter-weighted probability mixture,4,4,4,False,,,,,,
5,52,Parameter-weighted probability mixture,4,4,4,False,,,,,,
5,53,Parameter-weighted probability mixture,4,4,4,False,,,,,,
5,54,Parameter-weighted probability mixture,4,4,4,False,,,,,,
5,55,Parameter-weighted probability mixture,4,4,4,False,,,,,,
5,56,Parameter-weighted probability mixture,4,4,4,False,,,,,,
5,57,Parameter-weighted probability mixture,4,4,4,False,,,,,,
5,58,Parameter-weighted probability mixture,4,4,4,False,,,,,,
5,59,Parameter-weighted probability mixture,4,4,4,False,,,,,,
5,60,Parameter-weighted probability mixture,5,6,6,False,,,,,,
5,61,Parameter-weighted probability mixture,5,5,5,False,,,,,,
5,62,Parameter-weighted probability mixture,5,5,5,False,,,,,,
5,63,Parameter-weighted probability mixture,5,5,5,False,,,,,,
5,64,Parameter-weighted probability mixture,5,5,5,False,,,,,,
5,65,Parameter-weighted probability mixture,5,5,5,False,,,,,,
5,66,Parameter-weighted probability mixture,5,5,5,False,,,,,,
5,67,Parameter-weighted probability mixture,5,5,5,False,,,,,,
5,68,Parameter-weighted probability mixture,5,5,5,False,,,,,,
5,69,Parameter-weighted probability mixture,5,5,5,False,,,,,,
5,70,Parameter-weighted probability mixture,6,6,6,False,,,,,,
5,71,Parameter-weighted probability mixture,6,6,6,False,,,,,,
5,72,Parameter-weighted probability mixture,6,6,6,False,,,,,,
5,73,Parameter-weighted probability mixture,6,6,6,False,,,,,,
5,74,Parameter-weighted probability mixture,6,6,6,False,,,,,,
5,75,Parameter-weighted probability mixture,6,6,6,False,,,,,,
5,76,Parameter-weighted probability mixture,6,6,6,False,,,,,,
5,77,Parameter-weighted probability mixture,6,6,6,False,,,,,,
5,78,Parameter-weighted probability mixture,6,6,6,False,,,,,,
5,79,Parameter-weighted probability mixture,6,6,6,False,,,,,,
5,80,Parameter-weighted probability mixture,7,7,7,False,,,,,,
5,81,Parameter-weighted probability mixture,7,7,7,False,,,,,,
5,82,Parameter-weighted probability mixture,7,7,7,False,,,,,,
5,83,Parameter-weighted probability mixture,7,7,7,False,,,,,,
5,84,Parameter-weighted probability mixture,7,7,7,False,,,,,,
5,85,Parameter-weighted probability mixture,7,7,7,False,,,,,,
5,86,Parameter-weighted probability mixture,7,7,7,False,,,,,,
5,87,Parameter-weighted probability mixture,7,7,7,False,,,,,,
5,88,Parameter-weighted probability mixture,7,7,7,False,,,,,,
5,89,Parameter-weighted probability mixture,7,7,7,False,,,,,,
5,90,Parameter-weighted probability mixture,8,8,8,False,,,,,,
5,91,Parameter-weighted probability mixture,8,7,7,False,,,,,,
5,92,Parameter-weighted probability mixture,8,8,8,False,,,,,,
5,93,Parameter-weighted probability mixture,8,8,8,False,,,,,,
5,94,Parameter-weighted probability mixture,8,8,8,False,,,,,,
5,95,Parameter-weighted probability mixture,8,7,7,False,,,,,,
5,96,Parameter-weighted probability mixture,8,9,9,False,,,,,,
5,97,Parameter-weighted probability mixture,8,9,9,False,,,,,,
5,98,Parameter-weighted probability mixture,8,8,8,False,,,,,,
5,99,Parameter-weighted probability mixture,8,7,8,True,,,,,,
5,100,Parameter-weighted probability mixture,9,9,9,False,,,,,,
5,101,Parameter-weighted probability mixture,9,9,9,False,,,,,,
5,102,Parameter-weighted probability mixture,9,9,9,False,,,,,,
5,103,Parameter-weighted probability mixture,9,9,9,False,,,,,,
5,104,Parameter-weighted probability mixture,9,9,9,False,,,,,,
5,105,Parameter-weighted probability mixture,9,9,9,False,,,,,,
5,106,Parameter-weighted probability mixture,9,9,9,False,,,,,,
5,107,Parameter-weighted probability mixture,9,9,9,False,,,,,,
5,108,Parameter-weighted probability mixture,9,9,9,False,,,,,,
5,109,Parameter-weighted probability mixture,9,9,9,False,,,,,,
5,39,Parameter-weighted probability mixture audit disagreement,2,7,2,True,7.0,2.0,0.992548942565918,0.9991461634635925,0.9868276715278625,0.9986552000045776
5,41,Parameter-weighted probability mixture audit disagreement,3,7,3,True,7.0,3.0,0.9978482723236084,0.9988597631454468,0.9958194494247437,0.9977757334709167
5,44,Parameter-weighted probability mixture audit disagreement,3,2,1,True,2.0,1.0,0.9855988025665283,0.9983230233192444,0.9716396927833557,0.9974886775016785
5,49,Parameter-weighted probability mixture audit disagreement,3,1,3,True,1.0,3.0,0.9995173215866089,0.999700129032135,0.99905925989151,0.9994069337844849
5,99,Parameter-weighted probability mixture audit disagreement,8,7,8,True,7.0,8.0,0.9956735968589783,0.9974799752235413,0.9927394986152649,0.9955916404724121
6,0,Confidence-gated rule,0,0,0,False,,,,,,
6,1,Confidence-gated rule,0,3,3,False,,,,,,
6,2,Confidence-gated rule,0,0,0,False,,,,,,
6,3,Confidence-gated rule,0,3,3,False,,,,,,
6,4,Confidence-gated rule,0,0,0,False,,,,,,
6,5,Confidence-gated rule,0,0,0,False,,,,,,
6,6,Confidence-gated rule,0,0,0,False,,,,,,
6,7,Confidence-gated rule,0,3,3,False,,,,,,
6,8,Confidence-gated rule,0,0,0,False,,,,,,
6,9,Confidence-gated rule,0,0,0,False,,,,,,
6,10,Confidence-gated rule,10,10,10,False,,,,,,
6,11,Confidence-gated rule,10,10,10,False,,,,,,
6,12,Confidence-gated rule,10,10,10,False,,,,,,
6,13,Confidence-gated rule,10,10,10,False,,,,,,
6,14,Confidence-gated rule,10,10,10,False,,,,,,
6,15,Confidence-gated rule,10,10,10,False,,,,,,
6,16,Confidence-gated rule,10,10,10,False,,,,,,
6,17,Confidence-gated rule,10,10,10,False,,,,,,
6,18,Confidence-gated rule,10,10,10,False,,,,,,
6,19,Confidence-gated rule,10,10,10,False,,,,,,
6,20,Confidence-gated rule,1,0,0,False,,,,,,
6,21,Confidence-gated rule,1,0,0,False,,,,,,
6,22,Confidence-gated rule,1,0,0,False,,,,,,
6,23,Confidence-gated rule,1,2,2,False,,,,,,
6,24,Confidence-gated rule,1,2,2,False,,,,,,
6,25,Confidence-gated rule,1,2,2,False,,,,,,
6,26,Confidence-gated rule,1,2,2,False,,,,,,
6,27,Confidence-gated rule,1,2,2,False,,,,,,
6,28,Confidence-gated rule,1,3,3,False,,,,,,
6,29,Confidence-gated rule,1,2,2,False,,,,,,
6,30,Confidence-gated rule,2,2,2,False,,,,,,
6,31,Confidence-gated rule,2,2,2,False,,,,,,
6,32,Confidence-gated rule,2,2,2,False,,,,,,
6,33,Confidence-gated rule,2,2,2,False,,,,,,
6,34,Confidence-gated rule,2,2,2,False,,,,,,
6,35,Confidence-gated rule,2,2,2,False,,,,,,
6,36,Confidence-gated rule,2,2,2,False,,,,,,
6,37,Confidence-gated rule,2,2,2,False,,,,,,
6,38,Confidence-gated rule,2,2,2,False,,,,,,
6,39,Confidence-gated rule,2,2,2,False,,,,,,
6,40,Confidence-gated rule,3,3,3,False,,,,,,
6,41,Confidence-gated rule,3,3,3,False,,,,,,
6,42,Confidence-gated rule,3,3,3,False,,,,,,
6,43,Confidence-gated rule,3,3,3,False,,,,,,
6,44,Confidence-gated rule,3,3,3,False,,,,,,
6,45,Confidence-gated rule,3,3,3,False,,,,,,
6,46,Confidence-gated rule,3,3,3,False,,,,,,
6,47,Confidence-gated rule,3,3,3,False,,,,,,
6,48,Confidence-gated rule,3,3,3,False,,,,,,
6,49,Confidence-gated rule,3,3,3,False,,,,,,
6,50,Confidence-gated rule,4,4,4,False,,,,,,
6,51,Confidence-gated rule,4,4,4,False,,,,,,
6,52,Confidence-gated rule,4,4,4,False,,,,,,
6,53,Confidence-gated rule,4,4,4,False,,,,,,
6,54,Confidence-gated rule,4,4,4,False,,,,,,
6,55,Confidence-gated rule,4,4,4,False,,,,,,
6,56,Confidence-gated rule,4,4,4,False,,,,,,
6,57,Confidence-gated rule,4,4,4,False,,,,,,
6,58,Confidence-gated rule,4,4,4,False,,,,,,
6,59,Confidence-gated rule,4,4,4,False,,,,,,
6,60,Confidence-gated rule,5,5,5,False,,,,,,
6,61,Confidence-gated rule,5,5,5,False,,,,,,
6,62,Confidence-gated rule,5,5,5,False,,,,,,
6,63,Confidence-gated rule,5,5,5,False,,,,,,
6,64,Confidence-gated rule,5,5,5,False,,,,,,
6,65,Confidence-gated rule,5,5,5,False,,,,,,
6,66,Confidence-gated rule,5,5,5,False,,,,,,
6,67,Confidence-gated rule,5,5,5,False,,,,,,
6,68,Confidence-gated rule,5,5,5,False,,,,,,
6,69,Confidence-gated rule,5,5,5,False,,,,,,
6,70,Confidence-gated rule,6,6,6,False,,,,,,
6,71,Confidence-gated rule,6,6,6,False,,,,,,
6,72,Confidence-gated rule,6,6,6,False,,,,,,
6,73,Confidence-gated rule,6,6,6,False,,,,,,
6,74,Confidence-gated rule,6,6,6,False,,,,,,
6,75,Confidence-gated rule,6,6,6,False,,,,,,
6,76,Confidence-gated rule,6,6,6,False,,,,,,
6,77,Confidence-gated rule,6,6,6,False,,,,,,
6,78,Confidence-gated rule,6,6,6,False,,,,,,
6,79,Confidence-gated rule,6,6,6,False,,,,,,
6,80,Confidence-gated rule,7,7,7,False,,,,,,
6,81,Confidence-gated rule,7,1,1,False,,,,,,
6,82,Confidence-gated rule,7,7,7,False,,,,,,
6,83,Confidence-gated rule,7,7,7,False,,,,,,
6,84,Confidence-gated rule,7,7,7,False,,,,,,
6,85,Confidence-gated rule,7,7,7,False,,,,,,
6,86,Confidence-gated rule,7,7,7,False,,,,,,
6,87,Confidence-gated rule,7,7,7,False,,,,,,
6,88,Confidence-gated rule,7,7,7,False,,,,,,
6,89,Confidence-gated rule,7,10,10,False,,,,,,
6,90,Confidence-gated rule,8,8,8,False,,,,,,
6,91,Confidence-gated rule,8,2,2,False,,,,,,
6,92,Confidence-gated rule,8,8,8,False,,,,,,
6,93,Confidence-gated rule,8,8,8,False,,,,,,
6,94,Confidence-gated rule,8,8,8,False,,,,,,
6,95,Confidence-gated rule,8,8,8,False,,,,,,
6,96,Confidence-gated rule,8,8,8,False,,,,,,
6,97,Confidence-gated rule,8,8,8,False,,,,,,
6,98,Confidence-gated rule,8,8,8,False,,,,,,
6,99,Confidence-gated rule,8,8,8,False,,,,,,
6,100,Confidence-gated rule,9,9,9,False,,,,,,
6,101,Confidence-gated rule,9,9,9,False,,,,,,
6,102,Confidence-gated rule,9,9,9,False,,,,,,
6,103,Confidence-gated rule,9,9,9,False,,,,,,
6,104,Confidence-gated rule,9,9,9,False,,,,,,
6,105,Confidence-gated rule,9,9,9,False,,,,,,
6,106,Confidence-gated rule,9,9,9,False,,,,,,
6,107,Confidence-gated rule,9,9,9,False,,,,,,
6,108,Confidence-gated rule,9,9,9,False,,,,,,
6,109,Confidence-gated rule,9,9,9,False,,,,,,
6,0,Calibrated probability averaging,0,0,0,False,,,,,,
6,1,Calibrated probability averaging,0,0,3,True,,,,,,
6,2,Calibrated probability averaging,0,0,0,False,,,,,,
6,3,Calibrated probability averaging,0,3,3,False,,,,,,
6,4,Calibrated probability averaging,0,0,0,False,,,,,,
6,5,Calibrated probability averaging,0,0,0,False,,,,,,
6,6,Calibrated probability averaging,0,0,0,False,,,,,,
6,7,Calibrated probability averaging,0,0,3,True,,,,,,
6,8,Calibrated probability averaging,0,0,0,False,,,,,,
6,9,Calibrated probability averaging,0,0,0,False,,,,,,
6,10,Calibrated probability averaging,10,10,10,False,,,,,,
6,11,Calibrated probability averaging,10,10,10,False,,,,,,
6,12,Calibrated probability averaging,10,10,10,False,,,,,,
6,13,Calibrated probability averaging,10,10,10,False,,,,,,
6,14,Calibrated probability averaging,10,10,10,False,,,,,,
6,15,Calibrated probability averaging,10,10,10,False,,,,,,
6,16,Calibrated probability averaging,10,10,10,False,,,,,,
6,17,Calibrated probability averaging,10,10,10,False,,,,,,
6,18,Calibrated probability averaging,10,10,10,False,,,,,,
6,19,Calibrated probability averaging,10,10,10,False,,,,,,
6,20,Calibrated probability averaging,1,3,0,True,,,,,,
6,21,Calibrated probability averaging,1,0,0,False,,,,,,
6,22,Calibrated probability averaging,1,2,0,True,,,,,,
6,23,Calibrated probability averaging,1,2,2,False,,,,,,
6,24,Calibrated probability averaging,1,2,2,False,,,,,,
6,25,Calibrated probability averaging,1,2,2,False,,,,,,
6,26,Calibrated probability averaging,1,2,2,False,,,,,,
6,27,Calibrated probability averaging,1,2,2,False,,,,,,
6,28,Calibrated probability averaging,1,3,3,False,,,,,,
6,29,Calibrated probability averaging,1,2,2,False,,,,,,
6,30,Calibrated probability averaging,2,2,2,False,,,,,,
6,31,Calibrated probability averaging,2,2,2,False,,,,,,
6,32,Calibrated probability averaging,2,2,2,False,,,,,,
6,33,Calibrated probability averaging,2,2,2,False,,,,,,
6,34,Calibrated probability averaging,2,2,2,False,,,,,,
6,35,Calibrated probability averaging,2,2,2,False,,,,,,
6,36,Calibrated probability averaging,2,2,2,False,,,,,,
6,37,Calibrated probability averaging,2,2,2,False,,,,,,
6,38,Calibrated probability averaging,2,2,2,False,,,,,,
6,39,Calibrated probability averaging,2,2,2,False,,,,,,
6,40,Calibrated probability averaging,3,3,3,False,,,,,,
6,41,Calibrated probability averaging,3,3,3,False,,,,,,
6,42,Calibrated probability averaging,3,3,3,False,,,,,,
6,43,Calibrated probability averaging,3,3,3,False,,,,,,
6,44,Calibrated probability averaging,3,3,3,False,,,,,,
6,45,Calibrated probability averaging,3,3,3,False,,,,,,
6,46,Calibrated probability averaging,3,3,3,False,,,,,,
6,47,Calibrated probability averaging,3,3,3,False,,,,,,
6,48,Calibrated probability averaging,3,3,3,False,,,,,,
6,49,Calibrated probability averaging,3,3,3,False,,,,,,
6,50,Calibrated probability averaging,4,4,4,False,,,,,,
6,51,Calibrated probability averaging,4,4,4,False,,,,,,
6,52,Calibrated probability averaging,4,4,4,False,,,,,,
6,53,Calibrated probability averaging,4,4,4,False,,,,,,
6,54,Calibrated probability averaging,4,4,4,False,,,,,,
6,55,Calibrated probability averaging,4,4,4,False,,,,,,
6,56,Calibrated probability averaging,4,4,4,False,,,,,,
6,57,Calibrated probability averaging,4,4,4,False,,,,,,
6,58,Calibrated probability averaging,4,4,4,False,,,,,,
6,59,Calibrated probability averaging,4,4,4,False,,,,,,
6,60,Calibrated probability averaging,5,5,5,False,,,,,,
6,61,Calibrated probability averaging,5,5,5,False,,,,,,
6,62,Calibrated probability averaging,5,5,5,False,,,,,,
6,63,Calibrated probability averaging,5,5,5,False,,,,,,
6,64,Calibrated probability averaging,5,5,5,False,,,,,,
6,65,Calibrated probability averaging,5,5,5,False,,,,,,
6,66,Calibrated probability averaging,5,5,5,False,,,,,,
6,67,Calibrated probability averaging,5,5,5,False,,,,,,
6,68,Calibrated probability averaging,5,5,5,False,,,,,,
6,69,Calibrated probability averaging,5,5,5,False,,,,,,
6,70,Calibrated probability averaging,6,6,6,False,,,,,,
6,71,Calibrated probability averaging,6,6,6,False,,,,,,
6,72,Calibrated probability averaging,6,6,6,False,,,,,,
6,73,Calibrated probability averaging,6,6,6,False,,,,,,
6,74,Calibrated probability averaging,6,6,6,False,,,,,,
6,75,Calibrated probability averaging,6,6,6,False,,,,,,
6,76,Calibrated probability averaging,6,6,6,False,,,,,,
6,77,Calibrated probability averaging,6,6,6,False,,,,,,
6,78,Calibrated probability averaging,6,6,6,False,,,,,,
6,79,Calibrated probability averaging,6,6,6,False,,,,,,
6,80,Calibrated probability averaging,7,7,7,False,,,,,,
6,81,Calibrated probability averaging,7,1,1,False,,,,,,
6,82,Calibrated probability averaging,7,7,7,False,,,,,,
6,83,Calibrated probability averaging,7,7,7,False,,,,,,
6,84,Calibrated probability averaging,7,1,7,True,,,,,,
6,85,Calibrated probability averaging,7,7,7,False,,,,,,
6,86,Calibrated probability averaging,7,7,7,False,,,,,,
6,87,Calibrated probability averaging,7,7,7,False,,,,,,
6,88,Calibrated probability averaging,7,1,7,True,,,,,,
6,89,Calibrated probability averaging,7,1,10,True,,,,,,
6,90,Calibrated probability averaging,8,8,8,False,,,,,,
6,91,Calibrated probability averaging,8,2,2,False,,,,,,
6,92,Calibrated probability averaging,8,8,8,False,,,,,,
6,93,Calibrated probability averaging,8,8,8,False,,,,,,
6,94,Calibrated probability averaging,8,8,8,False,,,,,,
6,95,Calibrated probability averaging,8,8,8,False,,,,,,
6,96,Calibrated probability averaging,8,8,8,False,,,,,,
6,97,Calibrated probability averaging,8,8,8,False,,,,,,
6,98,Calibrated probability averaging,8,8,8,False,,,,,,
6,99,Calibrated probability averaging,8,8,8,False,,,,,,
6,100,Calibrated probability averaging,9,9,9,False,,,,,,
6,101,Calibrated probability averaging,9,9,9,False,,,,,,
6,102,Calibrated probability averaging,9,9,9,False,,,,,,
6,103,Calibrated probability averaging,9,9,9,False,,,,,,
6,104,Calibrated probability averaging,9,9,9,False,,,,,,
6,105,Calibrated probability averaging,9,9,9,False,,,,,,
6,106,Calibrated probability averaging,9,9,9,False,,,,,,
6,107,Calibrated probability averaging,9,9,9,False,,,,,,
6,108,Calibrated probability averaging,9,9,9,False,,,,,,
6,109,Calibrated probability averaging,9,9,9,False,,,,,,
6,1,Calibrated probability averaging audit disagreement,0,0,3,True,0.0,3.0,0.5529947876930237,0.8018816709518433,0.11222809553146362,0.618775486946106
6,7,Calibrated probability averaging audit disagreement,0,0,3,True,0.0,3.0,0.6758490800857544,0.876530647277832,0.505342960357666,0.7621468305587769
6,20,Calibrated probability averaging audit disagreement,1,3,0,True,3.0,0.0,0.8737974166870117,0.9922088980674744,0.7503085136413574,0.9876822829246521
6,22,Calibrated probability averaging audit disagreement,1,2,0,True,2.0,0.0,0.6923980116844177,0.7708054780960083,0.4890131652355194,0.6002729535102844
6,84,Calibrated probability averaging audit disagreement,7,1,7,True,1.0,7.0,0.6264615058898926,0.7289174199104309,0.30241405963897705,0.46152493357658386
6,88,Calibrated probability averaging audit disagreement,7,1,7,True,1.0,7.0,0.9002662301063538,0.9549199938774109,0.8453965783119202,0.9119488000869751
6,89,Calibrated probability averaging audit disagreement,7,1,10,True,1.0,0.0,0.44669896364212036,0.4065127670764923,0.0027206838130950928,0.06752854585647583
6,0,Validation-weighted fusion,0,0,0,False,,,,,,
6,1,Validation-weighted fusion,0,0,3,True,,,,,,
6,2,Validation-weighted fusion,0,0,0,False,,,,,,
6,3,Validation-weighted fusion,0,0,3,True,,,,,,
6,4,Validation-weighted fusion,0,0,0,False,,,,,,
6,5,Validation-weighted fusion,0,0,0,False,,,,,,
6,6,Validation-weighted fusion,0,0,0,False,,,,,,
6,7,Validation-weighted fusion,0,0,3,True,,,,,,
6,8,Validation-weighted fusion,0,0,0,False,,,,,,
6,9,Validation-weighted fusion,0,0,0,False,,,,,,
6,10,Validation-weighted fusion,10,10,10,False,,,,,,
6,11,Validation-weighted fusion,10,10,10,False,,,,,,
6,12,Validation-weighted fusion,10,10,10,False,,,,,,
6,13,Validation-weighted fusion,10,10,10,False,,,,,,
6,14,Validation-weighted fusion,10,10,10,False,,,,,,
6,15,Validation-weighted fusion,10,10,10,False,,,,,,
6,16,Validation-weighted fusion,10,10,10,False,,,,,,
6,17,Validation-weighted fusion,10,10,10,False,,,,,,
6,18,Validation-weighted fusion,10,10,10,False,,,,,,
6,19,Validation-weighted fusion,10,10,10,False,,,,,,
6,20,Validation-weighted fusion,1,3,0,True,,,,,,
6,21,Validation-weighted fusion,1,0,0,False,,,,,,
6,22,Validation-weighted fusion,1,2,0,True,,,,,,
6,23,Validation-weighted fusion,1,2,2,False,,,,,,
6,24,Validation-weighted fusion,1,2,2,False,,,,,,
6,25,Validation-weighted fusion,1,2,2,False,,,,,,
6,26,Validation-weighted fusion,1,2,2,False,,,,,,
6,27,Validation-weighted fusion,1,2,2,False,,,,,,
6,28,Validation-weighted fusion,1,3,3,False,,,,,,
6,29,Validation-weighted fusion,1,2,2,False,,,,,,
6,30,Validation-weighted fusion,2,2,2,False,,,,,,
6,31,Validation-weighted fusion,2,2,2,False,,,,,,
6,32,Validation-weighted fusion,2,2,2,False,,,,,,
6,33,Validation-weighted fusion,2,2,2,False,,,,,,
6,34,Validation-weighted fusion,2,2,2,False,,,,,,
6,35,Validation-weighted fusion,2,3,2,True,,,,,,
6,36,Validation-weighted fusion,2,3,2,True,,,,,,
6,37,Validation-weighted fusion,2,3,2,True,,,,,,
6,38,Validation-weighted fusion,2,2,2,False,,,,,,
6,39,Validation-weighted fusion,2,3,2,True,,,,,,
6,40,Validation-weighted fusion,3,3,3,False,,,,,,
6,41,Validation-weighted fusion,3,3,3,False,,,,,,
6,42,Validation-weighted fusion,3,3,3,False,,,,,,
6,43,Validation-weighted fusion,3,3,3,False,,,,,,
6,44,Validation-weighted fusion,3,3,3,False,,,,,,
6,45,Validation-weighted fusion,3,3,3,False,,,,,,
6,46,Validation-weighted fusion,3,3,3,False,,,,,,
6,47,Validation-weighted fusion,3,3,3,False,,,,,,
6,48,Validation-weighted fusion,3,3,3,False,,,,,,
6,49,Validation-weighted fusion,3,3,3,False,,,,,,
6,50,Validation-weighted fusion,4,4,4,False,,,,,,
6,51,Validation-weighted fusion,4,4,4,False,,,,,,
6,52,Validation-weighted fusion,4,4,4,False,,,,,,
6,53,Validation-weighted fusion,4,4,4,False,,,,,,
6,54,Validation-weighted fusion,4,4,4,False,,,,,,
6,55,Validation-weighted fusion,4,4,4,False,,,,,,
6,56,Validation-weighted fusion,4,4,4,False,,,,,,
6,57,Validation-weighted fusion,4,4,4,False,,,,,,
6,58,Validation-weighted fusion,4,4,4,False,,,,,,
6,59,Validation-weighted fusion,4,4,4,False,,,,,,
6,60,Validation-weighted fusion,5,5,5,False,,,,,,
6,61,Validation-weighted fusion,5,5,5,False,,,,,,
6,62,Validation-weighted fusion,5,5,5,False,,,,,,
6,63,Validation-weighted fusion,5,5,5,False,,,,,,
6,64,Validation-weighted fusion,5,5,5,False,,,,,,
6,65,Validation-weighted fusion,5,5,5,False,,,,,,
6,66,Validation-weighted fusion,5,5,5,False,,,,,,
6,67,Validation-weighted fusion,5,5,5,False,,,,,,
6,68,Validation-weighted fusion,5,5,5,False,,,,,,
6,69,Validation-weighted fusion,5,5,5,False,,,,,,
6,70,Validation-weighted fusion,6,6,6,False,,,,,,
6,71,Validation-weighted fusion,6,6,6,False,,,,,,
6,72,Validation-weighted fusion,6,6,6,False,,,,,,
6,73,Validation-weighted fusion,6,6,6,False,,,,,,
6,74,Validation-weighted fusion,6,6,6,False,,,,,,
6,75,Validation-weighted fusion,6,6,6,False,,,,,,
6,76,Validation-weighted fusion,6,6,6,False,,,,,,
6,77,Validation-weighted fusion,6,6,6,False,,,,,,
6,78,Validation-weighted fusion,6,6,6,False,,,,,,
6,79,Validation-weighted fusion,6,6,6,False,,,,,,
6,80,Validation-weighted fusion,7,7,7,False,,,,,,
6,81,Validation-weighted fusion,7,1,1,False,,,,,,
6,82,Validation-weighted fusion,7,7,7,False,,,,,,
6,83,Validation-weighted fusion,7,7,7,False,,,,,,
6,84,Validation-weighted fusion,7,1,7,True,,,,,,
6,85,Validation-weighted fusion,7,1,7,True,,,,,,
6,86,Validation-weighted fusion,7,7,7,False,,,,,,
6,87,Validation-weighted fusion,7,7,7,False,,,,,,
6,88,Validation-weighted fusion,7,1,7,True,,,,,,
6,89,Validation-weighted fusion,7,1,10,True,,,,,,
6,90,Validation-weighted fusion,8,8,8,False,,,,,,
6,91,Validation-weighted fusion,8,2,2,False,,,,,,
6,92,Validation-weighted fusion,8,8,8,False,,,,,,
6,93,Validation-weighted fusion,8,8,8,False,,,,,,
6,94,Validation-weighted fusion,8,8,8,False,,,,,,
6,95,Validation-weighted fusion,8,8,8,False,,,,,,
6,96,Validation-weighted fusion,8,8,8,False,,,,,,
6,97,Validation-weighted fusion,8,8,8,False,,,,,,
6,98,Validation-weighted fusion,8,8,8,False,,,,,,
6,99,Validation-weighted fusion,8,8,8,False,,,,,,
6,100,Validation-weighted fusion,9,9,9,False,,,,,,
6,101,Validation-weighted fusion,9,2,9,True,,,,,,
6,102,Validation-weighted fusion,9,9,9,False,,,,,,
6,103,Validation-weighted fusion,9,9,9,False,,,,,,
6,104,Validation-weighted fusion,9,9,9,False,,,,,,
6,105,Validation-weighted fusion,9,9,9,False,,,,,,
6,106,Validation-weighted fusion,9,9,9,False,,,,,,
6,107,Validation-weighted fusion,9,9,9,False,,,,,,
6,108,Validation-weighted fusion,9,9,9,False,,,,,,
6,109,Validation-weighted fusion,9,9,9,False,,,,,,
6,1,Validation-weighted fusion audit disagreement,0,0,3,True,0.0,3.0,0.5529947876930237,0.8018816709518433,0.11222809553146362,0.618775486946106
6,3,Validation-weighted fusion audit disagreement,0,0,3,True,0.0,3.0,0.9366130232810974,0.9998042583465576,0.8953233957290649,0.999699592590332
6,7,Validation-weighted fusion audit disagreement,0,0,3,True,0.0,3.0,0.6758490800857544,0.876530647277832,0.505342960357666,0.7621468305587769
6,20,Validation-weighted fusion audit disagreement,1,3,0,True,3.0,0.0,0.8737974166870117,0.9922088980674744,0.7503085136413574,0.9876822829246521
6,22,Validation-weighted fusion audit disagreement,1,2,0,True,2.0,0.0,0.6923980116844177,0.7708054780960083,0.4890131652355194,0.6002729535102844
6,35,Validation-weighted fusion audit disagreement,2,3,2,True,3.0,2.0,0.910858690738678,0.99998939037323,0.8229421973228455,0.9999802112579346
6,36,Validation-weighted fusion audit disagreement,2,3,2,True,3.0,2.0,0.9832183122634888,0.9999280571937561,0.9665178656578064,0.9998612403869629
6,37,Validation-weighted fusion audit disagreement,2,3,2,True,3.0,2.0,0.9209460020065308,0.9999690055847168,0.8432523012161255,0.999945342540741
6,39,Validation-weighted fusion audit disagreement,2,3,2,True,3.0,2.0,0.9829310774803162,0.9995677471160889,0.9659200310707092,0.9991365671157837
6,84,Validation-weighted fusion audit disagreement,7,1,7,True,1.0,7.0,0.6264615058898926,0.7289174199104309,0.30241405963897705,0.46152493357658386
6,85,Validation-weighted fusion audit disagreement,7,1,7,True,1.0,7.0,0.9140095710754395,0.9980123043060303,0.8411964774131775,0.9961748123168945
6,88,Validation-weighted fusion audit disagreement,7,1,7,True,1.0,7.0,0.9002662301063538,0.9549199938774109,0.8453965783119202,0.9119488000869751
6,89,Validation-weighted fusion audit disagreement,7,1,10,True,1.0,0.0,0.44669896364212036,0.4065127670764923,0.0027206838130950928,0.06752854585647583
6,101,Validation-weighted fusion audit disagreement,9,2,9,True,9.0,2.0,0.7323153018951416,0.680504322052002,0.5061063766479492,0.4605051577091217
6,0,Maximum-confidence selection,0,0,0,False,,,,,,
6,1,Maximum-confidence selection,0,3,3,False,,,,,,
6,2,Maximum-confidence selection,0,0,0,False,,,,,,
6,3,Maximum-confidence selection,0,3,3,False,,,,,,
6,4,Maximum-confidence selection,0,0,0,False,,,,,,
6,5,Maximum-confidence selection,0,0,0,False,,,,,,
6,6,Maximum-confidence selection,0,0,0,False,,,,,,
6,7,Maximum-confidence selection,0,3,3,False,,,,,,
6,8,Maximum-confidence selection,0,0,0,False,,,,,,
6,9,Maximum-confidence selection,0,0,0,False,,,,,,
6,10,Maximum-confidence selection,10,10,10,False,,,,,,
6,11,Maximum-confidence selection,10,10,10,False,,,,,,
6,12,Maximum-confidence selection,10,10,10,False,,,,,,
6,13,Maximum-confidence selection,10,10,10,False,,,,,,
6,14,Maximum-confidence selection,10,10,10,False,,,,,,
6,15,Maximum-confidence selection,10,10,10,False,,,,,,
6,16,Maximum-confidence selection,10,10,10,False,,,,,,
6,17,Maximum-confidence selection,10,10,10,False,,,,,,
6,18,Maximum-confidence selection,10,10,10,False,,,,,,
6,19,Maximum-confidence selection,10,10,10,False,,,,,,
6,20,Maximum-confidence selection,1,0,0,False,,,,,,
6,21,Maximum-confidence selection,1,0,0,False,,,,,,
6,22,Maximum-confidence selection,1,0,0,False,,,,,,
6,23,Maximum-confidence selection,1,2,2,False,,,,,,
6,24,Maximum-confidence selection,1,2,2,False,,,,,,
6,25,Maximum-confidence selection,1,2,2,False,,,,,,
6,26,Maximum-confidence selection,1,2,2,False,,,,,,
6,27,Maximum-confidence selection,1,2,2,False,,,,,,
6,28,Maximum-confidence selection,1,3,3,False,,,,,,
6,29,Maximum-confidence selection,1,2,2,False,,,,,,
6,30,Maximum-confidence selection,2,2,2,False,,,,,,
6,31,Maximum-confidence selection,2,2,2,False,,,,,,
6,32,Maximum-confidence selection,2,2,2,False,,,,,,
6,33,Maximum-confidence selection,2,2,2,False,,,,,,
6,34,Maximum-confidence selection,2,2,2,False,,,,,,
6,35,Maximum-confidence selection,2,2,2,False,,,,,,
6,36,Maximum-confidence selection,2,2,2,False,,,,,,
6,37,Maximum-confidence selection,2,2,2,False,,,,,,
6,38,Maximum-confidence selection,2,2,2,False,,,,,,
6,39,Maximum-confidence selection,2,2,2,False,,,,,,
6,40,Maximum-confidence selection,3,3,3,False,,,,,,
6,41,Maximum-confidence selection,3,3,3,False,,,,,,
6,42,Maximum-confidence selection,3,3,3,False,,,,,,
6,43,Maximum-confidence selection,3,3,3,False,,,,,,
6,44,Maximum-confidence selection,3,3,3,False,,,,,,
6,45,Maximum-confidence selection,3,3,3,False,,,,,,
6,46,Maximum-confidence selection,3,3,3,False,,,,,,
6,47,Maximum-confidence selection,3,3,3,False,,,,,,
6,48,Maximum-confidence selection,3,3,3,False,,,,,,
6,49,Maximum-confidence selection,3,3,3,False,,,,,,
6,50,Maximum-confidence selection,4,4,4,False,,,,,,
6,51,Maximum-confidence selection,4,4,4,False,,,,,,
6,52,Maximum-confidence selection,4,4,4,False,,,,,,
6,53,Maximum-confidence selection,4,4,4,False,,,,,,
6,54,Maximum-confidence selection,4,4,4,False,,,,,,
6,55,Maximum-confidence selection,4,4,4,False,,,,,,
6,56,Maximum-confidence selection,4,4,4,False,,,,,,
6,57,Maximum-confidence selection,4,4,4,False,,,,,,
6,58,Maximum-confidence selection,4,4,4,False,,,,,,
6,59,Maximum-confidence selection,4,4,4,False,,,,,,
6,60,Maximum-confidence selection,5,5,5,False,,,,,,
6,61,Maximum-confidence selection,5,5,5,False,,,,,,
6,62,Maximum-confidence selection,5,5,5,False,,,,,,
6,63,Maximum-confidence selection,5,5,5,False,,,,,,
6,64,Maximum-confidence selection,5,5,5,False,,,,,,
6,65,Maximum-confidence selection,5,5,5,False,,,,,,
6,66,Maximum-confidence selection,5,5,5,False,,,,,,
6,67,Maximum-confidence selection,5,5,5,False,,,,,,
6,68,Maximum-confidence selection,5,5,5,False,,,,,,
6,69,Maximum-confidence selection,5,5,5,False,,,,,,
6,70,Maximum-confidence selection,6,6,6,False,,,,,,
6,71,Maximum-confidence selection,6,6,6,False,,,,,,
6,72,Maximum-confidence selection,6,6,6,False,,,,,,
6,73,Maximum-confidence selection,6,6,6,False,,,,,,
6,74,Maximum-confidence selection,6,6,6,False,,,,,,
6,75,Maximum-confidence selection,6,6,6,False,,,,,,
6,76,Maximum-confidence selection,6,6,6,False,,,,,,
6,77,Maximum-confidence selection,6,6,6,False,,,,,,
6,78,Maximum-confidence selection,6,6,6,False,,,,,,
6,79,Maximum-confidence selection,6,6,6,False,,,,,,
6,80,Maximum-confidence selection,7,7,7,False,,,,,,
6,81,Maximum-confidence selection,7,1,1,False,,,,,,
6,82,Maximum-confidence selection,7,7,7,False,,,,,,
6,83,Maximum-confidence selection,7,7,7,False,,,,,,
6,84,Maximum-confidence selection,7,7,7,False,,,,,,
6,85,Maximum-confidence selection,7,7,7,False,,,,,,
6,86,Maximum-confidence selection,7,7,7,False,,,,,,
6,87,Maximum-confidence selection,7,7,7,False,,,,,,
6,88,Maximum-confidence selection,7,7,7,False,,,,,,
6,89,Maximum-confidence selection,7,1,10,True,,,,,,
6,90,Maximum-confidence selection,8,8,8,False,,,,,,
6,91,Maximum-confidence selection,8,2,2,False,,,,,,
6,92,Maximum-confidence selection,8,8,8,False,,,,,,
6,93,Maximum-confidence selection,8,8,8,False,,,,,,
6,94,Maximum-confidence selection,8,8,8,False,,,,,,
6,95,Maximum-confidence selection,8,8,8,False,,,,,,
6,96,Maximum-confidence selection,8,8,8,False,,,,,,
6,97,Maximum-confidence selection,8,8,8,False,,,,,,
6,98,Maximum-confidence selection,8,8,8,False,,,,,,
6,99,Maximum-confidence selection,8,8,8,False,,,,,,
6,100,Maximum-confidence selection,9,9,9,False,,,,,,
6,101,Maximum-confidence selection,9,9,9,False,,,,,,
6,102,Maximum-confidence selection,9,9,9,False,,,,,,
6,103,Maximum-confidence selection,9,9,9,False,,,,,,
6,104,Maximum-confidence selection,9,9,9,False,,,,,,
6,105,Maximum-confidence selection,9,9,9,False,,,,,,
6,106,Maximum-confidence selection,9,9,9,False,,,,,,
6,107,Maximum-confidence selection,9,9,9,False,,,,,,
6,108,Maximum-confidence selection,9,9,9,False,,,,,,
6,109,Maximum-confidence selection,9,9,9,False,,,,,,
6,89,Maximum-confidence selection audit disagreement,7,1,10,True,1.0,0.0,0.44669896364212036,0.4065127670764923,0.0027206838130950928,0.06752854585647583
6,0,Margin-only selection,0,0,0,False,,,,,,
6,1,Margin-only selection,0,3,3,False,,,,,,
6,2,Margin-only selection,0,0,0,False,,,,,,
6,3,Margin-only selection,0,3,3,False,,,,,,
6,4,Margin-only selection,0,0,0,False,,,,,,
6,5,Margin-only selection,0,0,0,False,,,,,,
6,6,Margin-only selection,0,0,0,False,,,,,,
6,7,Margin-only selection,0,3,3,False,,,,,,
6,8,Margin-only selection,0,0,0,False,,,,,,
6,9,Margin-only selection,0,0,0,False,,,,,,
6,10,Margin-only selection,10,10,10,False,,,,,,
6,11,Margin-only selection,10,10,10,False,,,,,,
6,12,Margin-only selection,10,10,10,False,,,,,,
6,13,Margin-only selection,10,10,10,False,,,,,,
6,14,Margin-only selection,10,10,10,False,,,,,,
6,15,Margin-only selection,10,10,10,False,,,,,,
6,16,Margin-only selection,10,10,10,False,,,,,,
6,17,Margin-only selection,10,10,10,False,,,,,,
6,18,Margin-only selection,10,10,10,False,,,,,,
6,19,Margin-only selection,10,10,10,False,,,,,,
6,20,Margin-only selection,1,0,0,False,,,,,,
6,21,Margin-only selection,1,0,0,False,,,,,,
6,22,Margin-only selection,1,0,0,False,,,,,,
6,23,Margin-only selection,1,2,2,False,,,,,,
6,24,Margin-only selection,1,2,2,False,,,,,,
6,25,Margin-only selection,1,2,2,False,,,,,,
6,26,Margin-only selection,1,2,2,False,,,,,,
6,27,Margin-only selection,1,2,2,False,,,,,,
6,28,Margin-only selection,1,3,3,False,,,,,,
6,29,Margin-only selection,1,7,2,True,,,,,,
6,30,Margin-only selection,2,2,2,False,,,,,,
6,31,Margin-only selection,2,2,2,False,,,,,,
6,32,Margin-only selection,2,2,2,False,,,,,,
6,33,Margin-only selection,2,2,2,False,,,,,,
6,34,Margin-only selection,2,2,2,False,,,,,,
6,35,Margin-only selection,2,2,2,False,,,,,,
6,36,Margin-only selection,2,2,2,False,,,,,,
6,37,Margin-only selection,2,2,2,False,,,,,,
6,38,Margin-only selection,2,2,2,False,,,,,,
6,39,Margin-only selection,2,2,2,False,,,,,,
6,40,Margin-only selection,3,3,3,False,,,,,,
6,41,Margin-only selection,3,3,3,False,,,,,,
6,42,Margin-only selection,3,3,3,False,,,,,,
6,43,Margin-only selection,3,3,3,False,,,,,,
6,44,Margin-only selection,3,3,3,False,,,,,,
6,45,Margin-only selection,3,3,3,False,,,,,,
6,46,Margin-only selection,3,3,3,False,,,,,,
6,47,Margin-only selection,3,3,3,False,,,,,,
6,48,Margin-only selection,3,3,3,False,,,,,,
6,49,Margin-only selection,3,3,3,False,,,,,,
6,50,Margin-only selection,4,4,4,False,,,,,,
6,51,Margin-only selection,4,4,4,False,,,,,,
6,52,Margin-only selection,4,4,4,False,,,,,,
6,53,Margin-only selection,4,4,4,False,,,,,,
6,54,Margin-only selection,4,4,4,False,,,,,,
6,55,Margin-only selection,4,4,4,False,,,,,,
6,56,Margin-only selection,4,4,4,False,,,,,,
6,57,Margin-only selection,4,4,4,False,,,,,,
6,58,Margin-only selection,4,4,4,False,,,,,,
6,59,Margin-only selection,4,4,4,False,,,,,,
6,60,Margin-only selection,5,5,5,False,,,,,,
6,61,Margin-only selection,5,5,5,False,,,,,,
6,62,Margin-only selection,5,5,5,False,,,,,,
6,63,Margin-only selection,5,5,5,False,,,,,,
6,64,Margin-only selection,5,5,5,False,,,,,,
6,65,Margin-only selection,5,5,5,False,,,,,,
6,66,Margin-only selection,5,5,5,False,,,,,,
6,67,Margin-only selection,5,5,5,False,,,,,,
6,68,Margin-only selection,5,5,5,False,,,,,,
6,69,Margin-only selection,5,5,5,False,,,,,,
6,70,Margin-only selection,6,6,6,False,,,,,,
6,71,Margin-only selection,6,6,6,False,,,,,,
6,72,Margin-only selection,6,6,6,False,,,,,,
6,73,Margin-only selection,6,6,6,False,,,,,,
6,74,Margin-only selection,6,6,6,False,,,,,,
6,75,Margin-only selection,6,6,6,False,,,,,,
6,76,Margin-only selection,6,6,6,False,,,,,,
6,77,Margin-only selection,6,6,6,False,,,,,,
6,78,Margin-only selection,6,6,6,False,,,,,,
6,79,Margin-only selection,6,6,6,False,,,,,,
6,80,Margin-only selection,7,7,7,False,,,,,,
6,81,Margin-only selection,7,1,1,False,,,,,,
6,82,Margin-only selection,7,7,7,False,,,,,,
6,83,Margin-only selection,7,7,7,False,,,,,,
6,84,Margin-only selection,7,7,7,False,,,,,,
6,85,Margin-only selection,7,7,7,False,,,,,,
6,86,Margin-only selection,7,7,7,False,,,,,,
6,87,Margin-only selection,7,7,7,False,,,,,,
6,88,Margin-only selection,7,7,7,False,,,,,,
6,89,Margin-only selection,7,0,10,True,,,,,,
6,90,Margin-only selection,8,8,8,False,,,,,,
6,91,Margin-only selection,8,2,2,False,,,,,,
6,92,Margin-only selection,8,8,8,False,,,,,,
6,93,Margin-only selection,8,8,8,False,,,,,,
6,94,Margin-only selection,8,8,8,False,,,,,,
6,95,Margin-only selection,8,8,8,False,,,,,,
6,96,Margin-only selection,8,8,8,False,,,,,,
6,97,Margin-only selection,8,8,8,False,,,,,,
6,98,Margin-only selection,8,8,8,False,,,,,,
6,99,Margin-only selection,8,8,8,False,,,,,,
6,100,Margin-only selection,9,9,9,False,,,,,,
6,101,Margin-only selection,9,9,9,False,,,,,,
6,102,Margin-only selection,9,9,9,False,,,,,,
6,103,Margin-only selection,9,9,9,False,,,,,,
6,104,Margin-only selection,9,9,9,False,,,,,,
6,105,Margin-only selection,9,9,9,False,,,,,,
6,106,Margin-only selection,9,9,9,False,,,,,,
6,107,Margin-only selection,9,9,9,False,,,,,,
6,108,Margin-only selection,9,9,9,False,,,,,,
6,109,Margin-only selection,9,9,9,False,,,,,,
6,29,Margin-only selection audit disagreement,1,7,2,True,2.0,7.0,0.5176019668579102,0.36165687441825867,0.04396003484725952,0.04731816053390503
6,89,Margin-only selection audit disagreement,7,0,10,True,1.0,0.0,0.44669896364212036,0.4065127670764923,0.0027206838130950928,0.06752854585647583
6,0,Logistic stacking,0,0,0,False,,,,,,
6,1,Logistic stacking,0,3,3,False,,,,,,
6,2,Logistic stacking,0,0,0,False,,,,,,
6,3,Logistic stacking,0,3,3,False,,,,,,
6,4,Logistic stacking,0,0,0,False,,,,,,
6,5,Logistic stacking,0,0,0,False,,,,,,
6,6,Logistic stacking,0,0,0,False,,,,,,
6,7,Logistic stacking,0,3,3,False,,,,,,
6,8,Logistic stacking,0,0,0,False,,,,,,
6,9,Logistic stacking,0,0,0,False,,,,,,
6,10,Logistic stacking,10,10,10,False,,,,,,
6,11,Logistic stacking,10,10,10,False,,,,,,
6,12,Logistic stacking,10,10,10,False,,,,,,
6,13,Logistic stacking,10,10,10,False,,,,,,
6,14,Logistic stacking,10,10,10,False,,,,,,
6,15,Logistic stacking,10,10,10,False,,,,,,
6,16,Logistic stacking,10,10,10,False,,,,,,
6,17,Logistic stacking,10,10,10,False,,,,,,
6,18,Logistic stacking,10,10,10,False,,,,,,
6,19,Logistic stacking,10,10,10,False,,,,,,
6,20,Logistic stacking,1,0,0,False,,,,,,
6,21,Logistic stacking,1,0,0,False,,,,,,
6,22,Logistic stacking,1,0,0,False,,,,,,
6,23,Logistic stacking,1,2,2,False,,,,,,
6,24,Logistic stacking,1,2,2,False,,,,,,
6,25,Logistic stacking,1,2,2,False,,,,,,
6,26,Logistic stacking,1,2,2,False,,,,,,
6,27,Logistic stacking,1,2,2,False,,,,,,
6,28,Logistic stacking,1,3,3,False,,,,,,
6,29,Logistic stacking,1,2,2,False,,,,,,
6,30,Logistic stacking,2,2,2,False,,,,,,
6,31,Logistic stacking,2,2,2,False,,,,,,
6,32,Logistic stacking,2,2,2,False,,,,,,
6,33,Logistic stacking,2,2,2,False,,,,,,
6,34,Logistic stacking,2,2,2,False,,,,,,
6,35,Logistic stacking,2,2,2,False,,,,,,
6,36,Logistic stacking,2,2,2,False,,,,,,
6,37,Logistic stacking,2,2,2,False,,,,,,
6,38,Logistic stacking,2,2,2,False,,,,,,
6,39,Logistic stacking,2,2,2,False,,,,,,
6,40,Logistic stacking,3,3,3,False,,,,,,
6,41,Logistic stacking,3,3,3,False,,,,,,
6,42,Logistic stacking,3,3,3,False,,,,,,
6,43,Logistic stacking,3,3,3,False,,,,,,
6,44,Logistic stacking,3,3,3,False,,,,,,
6,45,Logistic stacking,3,3,3,False,,,,,,
6,46,Logistic stacking,3,3,3,False,,,,,,
6,47,Logistic stacking,3,3,3,False,,,,,,
6,48,Logistic stacking,3,3,3,False,,,,,,
6,49,Logistic stacking,3,3,3,False,,,,,,
6,50,Logistic stacking,4,4,4,False,,,,,,
6,51,Logistic stacking,4,4,4,False,,,,,,
6,52,Logistic stacking,4,4,4,False,,,,,,
6,53,Logistic stacking,4,4,4,False,,,,,,
6,54,Logistic stacking,4,4,4,False,,,,,,
6,55,Logistic stacking,4,4,4,False,,,,,,
6,56,Logistic stacking,4,4,4,False,,,,,,
6,57,Logistic stacking,4,4,4,False,,,,,,
6,58,Logistic stacking,4,4,4,False,,,,,,
6,59,Logistic stacking,4,4,4,False,,,,,,
6,60,Logistic stacking,5,5,5,False,,,,,,
6,61,Logistic stacking,5,5,5,False,,,,,,
6,62,Logistic stacking,5,5,5,False,,,,,,
6,63,Logistic stacking,5,5,5,False,,,,,,
6,64,Logistic stacking,5,5,5,False,,,,,,
6,65,Logistic stacking,5,5,5,False,,,,,,
6,66,Logistic stacking,5,5,5,False,,,,,,
6,67,Logistic stacking,5,5,5,False,,,,,,
6,68,Logistic stacking,5,5,5,False,,,,,,
6,69,Logistic stacking,5,5,5,False,,,,,,
6,70,Logistic stacking,6,6,6,False,,,,,,
6,71,Logistic stacking,6,6,6,False,,,,,,
6,72,Logistic stacking,6,6,6,False,,,,,,
6,73,Logistic stacking,6,6,6,False,,,,,,
6,74,Logistic stacking,6,6,6,False,,,,,,
6,75,Logistic stacking,6,6,6,False,,,,,,
6,76,Logistic stacking,6,6,6,False,,,,,,
6,77,Logistic stacking,6,6,6,False,,,,,,
6,78,Logistic stacking,6,6,6,False,,,,,,
6,79,Logistic stacking,6,6,6,False,,,,,,
6,80,Logistic stacking,7,7,7,False,,,,,,
6,81,Logistic stacking,7,1,1,False,,,,,,
6,82,Logistic stacking,7,7,7,False,,,,,,
6,83,Logistic stacking,7,7,7,False,,,,,,
6,84,Logistic stacking,7,1,7,True,,,,,,
6,85,Logistic stacking,7,7,7,False,,,,,,
6,86,Logistic stacking,7,7,7,False,,,,,,
6,87,Logistic stacking,7,7,7,False,,,,,,
6,88,Logistic stacking,7,7,7,False,,,,,,
6,89,Logistic stacking,7,1,10,True,,,,,,
6,90,Logistic stacking,8,8,8,False,,,,,,
6,91,Logistic stacking,8,2,2,False,,,,,,
6,92,Logistic stacking,8,8,8,False,,,,,,
6,93,Logistic stacking,8,8,8,False,,,,,,
6,94,Logistic stacking,8,8,8,False,,,,,,
6,95,Logistic stacking,8,8,8,False,,,,,,
6,96,Logistic stacking,8,8,8,False,,,,,,
6,97,Logistic stacking,8,8,8,False,,,,,,
6,98,Logistic stacking,8,8,8,False,,,,,,
6,99,Logistic stacking,8,8,8,False,,,,,,
6,100,Logistic stacking,9,9,9,False,,,,,,
6,101,Logistic stacking,9,9,9,False,,,,,,
6,102,Logistic stacking,9,9,9,False,,,,,,
6,103,Logistic stacking,9,9,9,False,,,,,,
6,104,Logistic stacking,9,9,9,False,,,,,,
6,105,Logistic stacking,9,9,9,False,,,,,,
6,106,Logistic stacking,9,9,9,False,,,,,,
6,107,Logistic stacking,9,9,9,False,,,,,,
6,108,Logistic stacking,9,9,9,False,,,,,,
6,109,Logistic stacking,9,9,9,False,,,,,,
6,84,Logistic stacking audit disagreement,7,1,7,True,1.0,7.0,0.6264615058898926,0.7289174199104309,0.30241405963897705,0.46152493357658386
6,89,Logistic stacking audit disagreement,7,1,10,True,1.0,0.0,0.44669896364212036,0.4065127670764923,0.0027206838130950928,0.06752854585647583
6,0,Parameter-weighted probability mixture,0,0,0,False,,,,,,
6,1,Parameter-weighted probability mixture,0,3,3,False,,,,,,
6,2,Parameter-weighted probability mixture,0,0,0,False,,,,,,
6,3,Parameter-weighted probability mixture,0,3,3,False,,,,,,
6,4,Parameter-weighted probability mixture,0,0,0,False,,,,,,
6,5,Parameter-weighted probability mixture,0,0,0,False,,,,,,
6,6,Parameter-weighted probability mixture,0,0,0,False,,,,,,
6,7,Parameter-weighted probability mixture,0,3,3,False,,,,,,
6,8,Parameter-weighted probability mixture,0,0,0,False,,,,,,
6,9,Parameter-weighted probability mixture,0,0,0,False,,,,,,
6,10,Parameter-weighted probability mixture,10,10,10,False,,,,,,
6,11,Parameter-weighted probability mixture,10,10,10,False,,,,,,
6,12,Parameter-weighted probability mixture,10,10,10,False,,,,,,
6,13,Parameter-weighted probability mixture,10,10,10,False,,,,,,
6,14,Parameter-weighted probability mixture,10,10,10,False,,,,,,
6,15,Parameter-weighted probability mixture,10,10,10,False,,,,,,
6,16,Parameter-weighted probability mixture,10,10,10,False,,,,,,
6,17,Parameter-weighted probability mixture,10,10,10,False,,,,,,
6,18,Parameter-weighted probability mixture,10,10,10,False,,,,,,
6,19,Parameter-weighted probability mixture,10,10,10,False,,,,,,
6,20,Parameter-weighted probability mixture,1,0,0,False,,,,,,
6,21,Parameter-weighted probability mixture,1,0,0,False,,,,,,
6,22,Parameter-weighted probability mixture,1,2,0,True,,,,,,
6,23,Parameter-weighted probability mixture,1,2,2,False,,,,,,
6,24,Parameter-weighted probability mixture,1,2,2,False,,,,,,
6,25,Parameter-weighted probability mixture,1,2,2,False,,,,,,
6,26,Parameter-weighted probability mixture,1,2,2,False,,,,,,
6,27,Parameter-weighted probability mixture,1,2,2,False,,,,,,
6,28,Parameter-weighted probability mixture,1,3,3,False,,,,,,
6,29,Parameter-weighted probability mixture,1,2,2,False,,,,,,
6,30,Parameter-weighted probability mixture,2,2,2,False,,,,,,
6,31,Parameter-weighted probability mixture,2,2,2,False,,,,,,
6,32,Parameter-weighted probability mixture,2,2,2,False,,,,,,
6,33,Parameter-weighted probability mixture,2,2,2,False,,,,,,
6,34,Parameter-weighted probability mixture,2,2,2,False,,,,,,
6,35,Parameter-weighted probability mixture,2,2,2,False,,,,,,
6,36,Parameter-weighted probability mixture,2,3,2,True,,,,,,
6,37,Parameter-weighted probability mixture,2,2,2,False,,,,,,
6,38,Parameter-weighted probability mixture,2,2,2,False,,,,,,
6,39,Parameter-weighted probability mixture,2,3,2,True,,,,,,
6,40,Parameter-weighted probability mixture,3,3,3,False,,,,,,
6,41,Parameter-weighted probability mixture,3,3,3,False,,,,,,
6,42,Parameter-weighted probability mixture,3,3,3,False,,,,,,
6,43,Parameter-weighted probability mixture,3,3,3,False,,,,,,
6,44,Parameter-weighted probability mixture,3,3,3,False,,,,,,
6,45,Parameter-weighted probability mixture,3,3,3,False,,,,,,
6,46,Parameter-weighted probability mixture,3,3,3,False,,,,,,
6,47,Parameter-weighted probability mixture,3,3,3,False,,,,,,
6,48,Parameter-weighted probability mixture,3,3,3,False,,,,,,
6,49,Parameter-weighted probability mixture,3,3,3,False,,,,,,
6,50,Parameter-weighted probability mixture,4,4,4,False,,,,,,
6,51,Parameter-weighted probability mixture,4,4,4,False,,,,,,
6,52,Parameter-weighted probability mixture,4,4,4,False,,,,,,
6,53,Parameter-weighted probability mixture,4,4,4,False,,,,,,
6,54,Parameter-weighted probability mixture,4,4,4,False,,,,,,
6,55,Parameter-weighted probability mixture,4,4,4,False,,,,,,
6,56,Parameter-weighted probability mixture,4,4,4,False,,,,,,
6,57,Parameter-weighted probability mixture,4,4,4,False,,,,,,
6,58,Parameter-weighted probability mixture,4,4,4,False,,,,,,
6,59,Parameter-weighted probability mixture,4,4,4,False,,,,,,
6,60,Parameter-weighted probability mixture,5,5,5,False,,,,,,
6,61,Parameter-weighted probability mixture,5,5,5,False,,,,,,
6,62,Parameter-weighted probability mixture,5,5,5,False,,,,,,
6,63,Parameter-weighted probability mixture,5,5,5,False,,,,,,
6,64,Parameter-weighted probability mixture,5,5,5,False,,,,,,
6,65,Parameter-weighted probability mixture,5,5,5,False,,,,,,
6,66,Parameter-weighted probability mixture,5,5,5,False,,,,,,
6,67,Parameter-weighted probability mixture,5,5,5,False,,,,,,
6,68,Parameter-weighted probability mixture,5,5,5,False,,,,,,
6,69,Parameter-weighted probability mixture,5,5,5,False,,,,,,
6,70,Parameter-weighted probability mixture,6,6,6,False,,,,,,
6,71,Parameter-weighted probability mixture,6,6,6,False,,,,,,
6,72,Parameter-weighted probability mixture,6,6,6,False,,,,,,
6,73,Parameter-weighted probability mixture,6,6,6,False,,,,,,
6,74,Parameter-weighted probability mixture,6,6,6,False,,,,,,
6,75,Parameter-weighted probability mixture,6,6,6,False,,,,,,
6,76,Parameter-weighted probability mixture,6,6,6,False,,,,,,
6,77,Parameter-weighted probability mixture,6,6,6,False,,,,,,
6,78,Parameter-weighted probability mixture,6,6,6,False,,,,,,
6,79,Parameter-weighted probability mixture,6,6,6,False,,,,,,
6,80,Parameter-weighted probability mixture,7,7,7,False,,,,,,
6,81,Parameter-weighted probability mixture,7,1,1,False,,,,,,
6,82,Parameter-weighted probability mixture,7,7,7,False,,,,,,
6,83,Parameter-weighted probability mixture,7,7,7,False,,,,,,
6,84,Parameter-weighted probability mixture,7,1,7,True,,,,,,
6,85,Parameter-weighted probability mixture,7,7,7,False,,,,,,
6,86,Parameter-weighted probability mixture,7,7,7,False,,,,,,
6,87,Parameter-weighted probability mixture,7,7,7,False,,,,,,
6,88,Parameter-weighted probability mixture,7,7,7,False,,,,,,
6,89,Parameter-weighted probability mixture,7,1,10,True,,,,,,
6,90,Parameter-weighted probability mixture,8,8,8,False,,,,,,
6,91,Parameter-weighted probability mixture,8,2,2,False,,,,,,
6,92,Parameter-weighted probability mixture,8,8,8,False,,,,,,
6,93,Parameter-weighted probability mixture,8,8,8,False,,,,,,
6,94,Parameter-weighted probability mixture,8,8,8,False,,,,,,
6,95,Parameter-weighted probability mixture,8,8,8,False,,,,,,
6,96,Parameter-weighted probability mixture,8,8,8,False,,,,,,
6,97,Parameter-weighted probability mixture,8,8,8,False,,,,,,
6,98,Parameter-weighted probability mixture,8,8,8,False,,,,,,
6,99,Parameter-weighted probability mixture,8,8,8,False,,,,,,
6,100,Parameter-weighted probability mixture,9,9,9,False,,,,,,
6,101,Parameter-weighted probability mixture,9,2,9,True,,,,,,
6,102,Parameter-weighted probability mixture,9,9,9,False,,,,,,
6,103,Parameter-weighted probability mixture,9,9,9,False,,,,,,
6,104,Parameter-weighted probability mixture,9,9,9,False,,,,,,
6,105,Parameter-weighted probability mixture,9,9,9,False,,,,,,
6,106,Parameter-weighted probability mixture,9,9,9,False,,,,,,
6,107,Parameter-weighted probability mixture,9,9,9,False,,,,,,
6,108,Parameter-weighted probability mixture,9,9,9,False,,,,,,
6,109,Parameter-weighted probability mixture,9,9,9,False,,,,,,
6,22,Parameter-weighted probability mixture audit disagreement,1,2,0,True,2.0,0.0,0.6923980116844177,0.7708054780960083,0.4890131652355194,0.6002729535102844
6,36,Parameter-weighted probability mixture audit disagreement,2,3,2,True,3.0,2.0,0.9832183122634888,0.9999280571937561,0.9665178656578064,0.9998612403869629
6,39,Parameter-weighted probability mixture audit disagreement,2,3,2,True,3.0,2.0,0.9829310774803162,0.9995677471160889,0.9659200310707092,0.9991365671157837
6,84,Parameter-weighted probability mixture audit disagreement,7,1,7,True,1.0,7.0,0.6264615058898926,0.7289174199104309,0.30241405963897705,0.46152493357658386
6,89,Parameter-weighted probability mixture audit disagreement,7,1,10,True,1.0,0.0,0.44669896364212036,0.4065127670764923,0.0027206838130950928,0.06752854585647583
6,101,Parameter-weighted probability mixture audit disagreement,9,2,9,True,9.0,2.0,0.7323153018951416,0.680504322052002,0.5061063766479492,0.4605051577091217
